Date,Close,High,Low,Open,Volume,Close_diff,Close_scaled
2021-01-01,517.2241821289062,522.8909300817274,514.2707841338074,520.1677749239727,14471870,,0.15024386239490795
2021-01-04,510.9598388671875,521.5195606648102,509.0007121325906,521.5195606648102,23336590,-6.26434326171875,0.13824193619304304
2021-01-05,501.4385070800781,511.7435034629872,495.90397975395047,511.136178927597,39534000,-9.521331787109375,0.11999990878840128
2021-01-06,492.7497863769531,506.27268212067446,488.831532693692,502.5160348782376,36079230,-8.688720703125,0.10335309038929108
2021-01-07,497.7161560058594,502.66787157778697,491.86816147087546,496.1488486296311,30357500,4.96636962890625,0.11286821420786708
2021-01-08,497.8141174316406,503.373127608211,493.89586394502845,502.5160096580146,29984510,0.09796142578125,0.11305589961298224
2021-01-11,488.2388305664063,500.6499108507422,485.6919898768969,500.3609265211318,29241640,-9.575286865234318,0.09471049906309326
2021-01-12,493.9154357910156,499.4793484699185,484.9818227811939,488.2388529984949,33359080,5.676605224609318,0.10558637130324067
2021-01-13,480.2701110839844,497.03042522913256,472.7617498260127,496.2467865265304,32693730,-13.64532470703125,0.07944313915709256
2021-01-14,477.7673034667969,486.5295045742329,473.5209048276847,480.2701104789011,26808110,-2.5028076171875,0.07464798169780806
2021-01-15,478.3795776367188,482.6309091878829,474.3437811277016,477.7330920858906,25449160,0.6122741699219318,0.07582104471426465
2021-01-18,462.3391723632813,478.0268930487798,459.0233709022599,477.047329743352,37034130,-16.0404052734375,0.04508905058548507
2021-01-19,485.7801818847656,489.2870056312841,465.4885300586015,466.7717556946827,47674650,23.441009521484318,0.08999994620854435
2021-01-20,488.0135803222656,492.97507118313865,480.0840136458627,486.6470702889329,33147070,2.2333984375,0.09427893956927547
2021-01-21,501.3699035644531,511.8218578141858,488.8021187546004,489.0959758063111,70618090,13.3563232421875,0.11986847053584715
2021-01-22,487.0927734375,503.2016997390895,484.4528430615404,503.00577511352,30847960,-14.277130126953125,0.09251475523016661
2021-01-25,480.8382568359375,505.7485456521324,479.0064781544447,494.581529440809,36730600,-6.2545166015625,0.08053165603778689
2021-01-27,474.5984497070313,484.45285475422446,471.26794024927096,482.072522954998,28004930,-6.239807128906193,0.06857673889066129
2021-01-28,471.1944885253906,480.867677306075,462.65759690013607,468.18722164890943,34773290,-3.403961181640682,0.06205505111123799
2021-01-29,463.7791442871094,484.88384943238674,461.0902477232812,478.6832266929616,42607950,-7.41534423828125,0.04784790910273051
2021-02-01,495.5218811035156,497.6181609336861,457.1132121308749,467.7414800114865,42907450,31.74273681640625,0.10866417807123485
2021-02-02,506.7477111816406,522.8859931961518,499.0777135348945,499.577300401344,43479930,11.225830078125,0.1301718730559066
2021-02-03,513.790771484375,516.2298746086028,503.4955513260376,511.1949047462702,26507830,7.043060302734375,0.14366575205600296
2021-02-04,539.2349243164062,542.9719609431996,509.965566204364,510.7443621263,53258880,25.44415283203125,0.19241449263431254
2021-02-05,542.5360107421875,551.2002791940371,535.8211234731706,541.3066540213961,44379870,3.30108642578125,0.1987390815038781
2021-02-08,538.5346069335938,554.922684012491,536.340394412815,542.8740657611316,28008090,-4.00140380859375,0.19107274662914686
2021-02-09,528.99365234375,542.5801919378241,527.2598059912151,542.4332335124955,22639040,-9.54095458984375,0.1727931236745084
2021-02-10,536.399169921875,538.990074562578,528.4744753929433,532.3633135480115,26380120,7.405517578125,0.1869814386735309
2021-02-11,545.327880859375,547.3800375652185,534.4253350040731,535.821200946601,20289470,8.9287109375,0.20408805708068622
2021-02-12,546.3466186523438,550.318741318559,541.8994220558525,545.6168486557481,16252680,1.01873779296875,0.2060398683559368
2021-02-15,566.1729125976562,568.0488146906741,548.5554799694943,549.0795200589034,31688260,19.8262939453125,0.24402528946819424
2021-02-16,564.2531127929688,570.3214563180516,557.4010706045941,567.3044436580708,21268100,-1.9197998046875,0.24034712327972585
2021-02-17,558.8555297851562,568.0487402527882,555.4123506871168,561.2897300594673,23463950,-5.3975830078125,0.23000583286480203
2021-02-18,544.9654541015625,559.7959993127606,540.9345002784513,558.2532347074958,23175130,-13.89007568359375,0.20339367955073384
2021-02-19,538.5589599609375,550.7055681685629,531.4130627971786,544.6371666640208,27444560,-6.406494140625,0.19111940487004464
2021-02-22,526.6964721679688,542.5507012330629,522.5724892954393,536.8006696459737,20005630,-11.86248779296875,0.16839193015904508
2021-02-23,527.3674926757812,539.2153419606637,524.0663691150339,530.9233122623334,21902450,0.6710205078125,0.16967754594959694
2021-02-24,544.9213256835938,546.4886630636424,527.2989889262188,533.2743617957289,19087950,17.5538330078125,0.2033091334149717
2021-02-25,541.6936645507812,550.5097352639057,539.8716909524757,548.6534434649889,15845950,-3.2276611328125,0.1971252208957821
2021-02-26,515.7302856445312,534.2538616097582,511.4299882967802,531.9028857135835,37133260,-25.96337890625,0.14738168920138872
2021-03-01,515.9163818359375,526.0156768749298,508.8831246505295,520.63788402648,20318810,0.18609619140625,0.14773823300213396
2021-03-02,520.7652587890625,529.9437624236156,515.4511396724117,519.168565775446,22086340,4.848876953125,0.15702825127251874
2021-03-03,542.962158203125,545.9449717085294,523.0966441722534,525.4524629847098,22524130,22.1968994140625,0.1995555422506159
2021-03-04,537.378662109375,545.3376139967542,529.0621193923805,531.9028769042263,22346980,-5.58349609375,0.18885805884878804
2021-03-05,533.3624267578125,540.6944439169114,529.1699268047204,532.8824502932656,20757600,-4.0162353515625,0.18116330805290848
2021-03-08,521.19140625,538.1672568245488,520.246101256131,535.7232509084538,17210420,-12.1710205078125,0.15784471201925643
2021-03-09,530.4384765625,533.3722641229988,522.5970668679887,526.1234711454158,18114960,9.2470703125,0.17556127875854943
2021-03-10,543.1727905273438,544.7351654022267,532.8824725564418,532.8824725564418,21912500,12.73431396484375,0.1999590951061001
2021-03-12,544.4266967773438,555.4125282053631,540.8170075172924,548.5555834127042,25080130,1.25390625,0.20236146829157398
2021-03-15,532.7894287109375,547.1498010110238,524.1202572537092,545.7196170068006,20870080,-11.63726806640625,0.18006549460541876
2021-03-16,534.4448852539062,539.4455972605721,530.9233833924673,537.6284664273851,15613050,1.65545654296875,0.18323720254494402
2021-03-17,525.0263671875,534.8807725096622,523.5227636889164,534.8416114976309,11347580,-9.41851806640625,0.1651921571122128
2021-03-18,526.2067260742188,543.1678675581927,519.6583475917425,531.2171829510203,23390580,1.18035888671875,0.1674536200714163
2021-03-19,534.1804809570312,536.7028689429686,508.3983623002291,520.7359359622286,32203100,7.9737548828125,0.1827306273580538
2021-03-22,527.9210205078125,538.4660352957355,522.793020244961,533.5192518778964,19384610,-6.25946044921875,0.1707380561919578
2021-03-23,526.8875732421875,533.3722782516812,524.0664258303938,529.9438063069964,18490380,-1.033447265625,0.16875806287145334
2021-03-24,516.2593383789062,526.4174062699032,515.2503593573028,526.4174062699032,17376430,-10.62823486328125,0.1483953073269576
2021-03-25,501.7519226074219,519.1685880909586,499.8858854700736,517.2094613434456,23432710,-14.507415771484375,0.12060038514682259
2021-03-26,507.7125854492188,514.0748447560475,503.0057906296452,506.43426242556296,23474600,5.960662841796932,0.1320204865928306
2021-03-30,508.7410888671875,515.2503062599246,504.475109741181,512.7866901613398,18452800,1.0285034179686932,0.13399100793961893
2021-03-31,504.4604187011719,511.21452714826114,501.8253908916279,507.9035982340296,18459750,-4.280670166015625,0.12578962348787548
2021-04-01,516.4405517578125,518.0420877183769,505.6457438005256,510.3525388315273,21482340,11.980133056640625,0.1487424960919338
2021-04-05,486.1083068847656,515.1523837956208,482.0039341036371,515.1523837956208,37396800,-30.332244873046875,0.09062860461221978
2021-04-06,489.1058044433594,495.6052172425688,485.138584585653,494.67952264446967,20709060,2.99749755859375,0.09637154413284899
2021-04-07,497.3341369628906,500.4589466727792,483.9043308081241,487.8225844988781,24027820,8.22833251953125,0.11213629959689153
2021-04-08,492.6714477539063,501.0467032703654,491.2510687978265,499.57735809948457,14078790,-4.662689208984318,0.10320300053417264
2021-04-09,477.2726745605469,490.7612514893784,474.5984557816444,489.7816881131521,29026460,-15.398773193359432,0.07370031657441045
2021-04-12,441.8810424804688,464.3130376896482,431.0078830874372,464.3130376896482,45000460,-35.39163208007807,0.005893087844721534
2021-04-13,463.2110290527344,467.7317044437641,442.179802282012,444.241793939732,31750190,21.329986572265568,0.04675945069100973
2021-04-15,456.50592041015625,465.29260511728506,447.2784202248292,461.18823216694886,28971850,-6.705108642578125,0.033913057104073885
2021-04-16,452.2252502441406,459.4152421307306,449.6196079701607,456.574514202946,21426480,-4.280670166015625,0.02571167265233043
2021-04-19,438.80517578125,441.1953126698817,427.28553148363966,435.9056767288066,34265070,-13.420074462890625,0.0
2021-04-20,451.9362182617188,460.296794724064,446.21066950242135,446.9747276906794,33945970,13.131042480468807,0.025157913003780452
2021-04-22,459.287841796875,461.76613576149856,441.36674788167096,445.701303546514,25635390,7.351623535156193,0.039242971795502735
2021-04-23,457.2405700683594,466.2525646636287,451.6276614245907,452.6659961630756,27295250,-2.047271728515625,0.0353205807044904
2021-04-26,463.97509765625,473.0311564403511,459.41523125817497,459.41523125817497,29039890,6.734527587890625,0.04822333838193438
2021-04-27,476.5625,478.9917981167241,464.95466765084063,464.9987611574631,26449970,12.58740234375,0.07233968509078592
2021-04-28,517.2976684570312,520.148171678806,481.4554169117384,481.4554169117384,85764540,40.73516845703125,0.150384655683231
2021-04-29,537.2758178710938,541.208779276812,522.1072929493952,524.0664197522071,72584860,19.9781494140625,0.18866101840790384
2021-04-30,534.0481567382812,541.1745041789126,521.8819964085112,524.0664035941993,41248880,-3.2276611328125,0.18247710588871446
2021-05-03,543.770263671875,546.5963133166297,518.3114234474224,520.765234260658,40335910,9.72210693359375,0.2011038006703818
2021-05-04,550.0983276367188,563.2440517079826,544.6372497308671,549.5350667248497,48383470,6.32806396484375,0.2132278100890319
2021-05-05,540.2439575195312,558.3511737797894,534.0971728755161,556.685903935516,43786930,-9.8543701171875,0.19434771077597213
2021-05-06,541.5809936523438,550.5048014863842,536.1493315778504,545.4208652715618,22231110,1.3370361328125,0.19690935344541294
2021-05-07,538.1526489257812,549.8437379606834,534.6457945390623,547.5760458622457,18510330,-3.4283447265625,0.1903409489561183
2021-05-10,538.514892578125,546.1065077076938,533.3721855548687,546.1065077076938,19973390,0.36224365234375,0.1910349756722296
2021-05-11,531.3837280273438,534.6554960846059,527.9846717330713,530.0662439546535,16172480,-7.13116455078125,0.17737229674547672
2021-05-12,524.8892211914062,532.8824313551013,522.0484637267834,530.2474037056019,15393360,-6.4945068359375,0.16492939754505165
2021-05-14,522.1414794921875,529.4539455838008,515.9359844626249,529.4539455838008,15257620,-2.74774169921875,0.15966496810400566
2021-05-17,531.9127197265625,537.7802947977424,520.6428382738696,524.0664074987108,24115830,9.771240234375,0.1783857979330985
2021-05-18,557.2491455078125,558.8409360794674,538.8578182186459,538.8578182186459,31478830,25.33642578125,0.22692814303475495
2021-05-19,551.6117553710938,560.594335307261,548.0657405281809,555.8973453886287,22509060,-5.63739013671875,0.21612740342562708
2021-05-20,547.4534912109375,554.236955749258,543.1679013669691,551.2982655705367,14888270,-4.15826416015625,0.20816053802681722
2021-05-21,551.66552734375,557.8612769247493,547.213429064802,554.4328055125691,18569660,4.2120361328125,0.21623042575703288
2021-05-24,548.8394775390625,557.1755704494911,547.5758624569993,551.8859647170389,12150600,-2.8260498046875,0.210815964929842
2021-05-25,550.38232421875,554.3152852189675,546.7922462463555,552.473701431173,13155460,1.5428466796875,0.2137719223569452
2021-05-26,565.3206176757812,567.6372751231144,547.1937955216791,552.4736556221743,29167460,14.93829345703125,0.24239236797471908
2021-05-27,556.607421875,566.3982119269015,553.5511892045935,566.1826769142481,21525900,-8.71319580078125,0.2256986574588169
2021-05-28,549.6085815429688,563.2489907973248,547.7817052519104,560.7021497105823,15263750,-6.99884033203125,0.21228950000140334
2021-05-31,551.2933959960938,554.8932797231193,544.6372790831371,550.5146597926673,17958110,1.684814453125,0.21551745509348952
2021-06-01,566.6577758789062,569.9099333083112,551.0435340107047,552.8655672428237,28534510,15.3643798828125,0.24495424452005388
2021-06-02,568.9940795898438,572.5548020824446,562.5191799239212,563.8856899865663,20131950,2.3363037109375,0.2494303952596164
2021-06-03,578.0892944335938,579.4116809483652,566.2022844477517,572.0649563378619,22303780,9.09521484375,0.26685602038649403
2021-06-04,587.0963745117188,588.7175805740072,577.9423835917875,579.4117286348175,24453670,9.007080078125,0.28411278711774157
2021-06-07,561.2652587890625,572.442109540887,556.6319435048385,568.1467148975534,28358050,-25.83111572265625,0.2346226599547403
2021-06-08,563.77783203125,569.8119753534322,560.324907321205,563.3468217939512,17890070,2.5125732421875,0.23943652748556277
2021-06-09,555.853271484375,567.656998670876,551.2297010785354,567.656998670876,15381120,-7.924560546875,0.22425377218429787
2021-06-10,596.2015380859375,599.003075323823,556.0982063342332,559.8205356460586,52961200,40.3482666015625,0.3015574731299986
2021-06-11,599.4927978515625,610.2679951985676,592.1656827876965,598.0577111709863,37027210,3.291259765625,0.30786323499007895
2021-06-14,606.7561645507812,612.1291145536817,585.3478283045667,594.565492417057,26336010,7.26336669921875,0.32177920151027695
2021-06-15,603.523681640625,611.2279380498253,602.4314780391718,609.1904892688791,15236610,-3.23248291015625,0.3155860508932655
2021-06-16,595.731201171875,603.4991908969264,593.8896771387999,601.4518772556619,14816580,-7.79248046875,0.30065634930955154
2021-06-17,592.660400390625,599.003049815742,579.9015625362539,579.9015625362539,18718570,-3.07080078125,0.2947729673144406
2021-06-18,596.26513671875,602.2355467491625,584.3144516703923,596.5442859720246,27096150,3.604736328125,0.3016793224708896
2021-06-21,599.100830078125,600.962024075955,586.4743058504434,587.7379208566798,12719620,2.835693359375,0.3071122594937241
2021-06-22,589.3837280273438,606.2518416861044,587.7380686097733,602.4315203250177,15406110,-9.71710205078125,0.2884951536237199
2021-06-23,589.2660522460938,599.0029131107384,587.8358684115447,592.7336845449113,12382150,-0.11767578125,0.2882696972616876
2021-06-24,592.0088500976562,598.3172400181855,588.8154642358637,590.3828013579878,10824210,2.7427978515625,0.29352465472901734
2021-06-25,595.1631469726562,598.2193799958862,590.6963402627197,593.3215629986836,9619940,3.154296875,0.2995680078357781
2021-06-28,591.3673095703125,599.2674903878302,589.2073556407207,597.5336441244217,8284810,-3.79583740234375,0.2922955199669206
2021-06-29,592.870849609375,601.2216501989869,587.9436775702661,591.6562007500414,13100790,1.5035400390625,0.2951761693560835
2021-06-30,589.2906494140625,599.9825620367906,587.7380199544072,592.6358367873605,12257940,-3.5802001953125,0.2883168232543738
2021-07-01,584.5201416015625,591.6562339444093,581.8606009320847,591.6562339444093,11206010,-4.7705078125,0.279176953308081
2021-07-02,587.5176391601562,590.6767070864177,584.3095452355691,587.7380170014106,8112980,2.99749755859375,0.2849198928287102
2021-07-05,594.8594360351562,597.136872922257,588.3306082479202,590.5787491128987,8631790,7.341796875,0.29898612461094753
2021-07-06,607.5643310546875,621.3174380379475,592.9296529749358,593.1255775923114,34913930,12.70489501953125,0.3233275768679902
2021-07-07,607.1921997070312,615.7535748905225,603.4502600675918,609.2884798872287,19479250,-0.37213134765625,0.3226146062044468
2021-07-08,600.24560546875,610.3612196283884,596.5760686560756,606.3483056255141,11305600,-6.94659423828125,0.3093055476297615
2021-07-09,602.0460205078125,605.4653006685446,594.6776029082972,596.831226019797,14475440,1.8004150390625,0.3127549831936782
2021-07-12,603.36083984375,608.2027944401542,598.8524414541602,605.8578404102736,9787400,1.3148193359375,0.3152740604503701
2021-07-13,603.8268432617188,610.7635545940007,602.4238112782592,606.8389695042399,10021270,0.46600341796875,0.31616688167657214
2021-07-14,601.8252563476562,606.5445669731992,600.4614488155066,603.4048872900925,7765740,-2.0015869140625,0.3123320186389733
2021-07-15,601.4130859375,606.0735298331875,598.6953520081468,601.8252104092584,8709900,-0.41217041015625,0.3115423366821244
2021-07-16,600.9962158203125,607.3295316620661,598.2244656738894,600.952081006487,9631210,-0.4168701171875,0.31074365050334785
2021-07-19,590.1986694335938,600.7558122316335,582.3102754658732,597.3218004976309,12905320,-10.79754638671875,0.2900565090935625
2021-07-20,582.9823608398438,591.4300153711338,575.7365864670824,590.650020898546,14018370,-7.21630859375,0.27623070173058806
2021-07-22,607.8740234375,612.6277078904516,580.9513694610494,581.8196934248165,34885910,24.89166259765625,0.32392092001163775
2021-07-23,606.4365844726562,610.7634121760436,602.4236708049651,607.2313103726418,9537390,-1.43743896484375,0.3211669144191973
2021-07-26,604.62646484375,608.1438957014271,601.4426500595549,603.4049425556709,7335020,-1.81011962890625,0.3176988857216896
2021-07-27,611.3963623046875,620.7712069728116,605.857772893925,606.3483459893856,20685280,6.7698974609375,0.33066940893948504
2021-07-28,614.3937377929688,616.5522713233405,604.0917031058577,613.9914343318219,11491530,2.99737548828125,0.33641211458422005
2021-07-29,627.943359375,630.8769767928892,614.5948851176885,617.1360201203568,14846640,13.54962158203125,0.3623719880292964
2021-07-30,611.067626953125,629.5867604030583,609.5075782365474,629.5867604030583,14068850,-16.875732421875,0.3300395811563386
2021-08-02,608.3598022460938,616.5474999446433,605.367317757564,615.1787815785943,10124350,-2.70782470703125,0.32485162913270393
2021-08-03,621.2520141601562,622.2429814824396,608.8993561710336,609.7824117749973,10917100,12.8922119140625,0.3495519639494342
2021-08-04,623.9255981445312,635.5325750893696,619.5938589943536,622.3410565268675,16320910,2.673583984375,0.3546743137847388
2021-08-05,613.0446166992188,623.5673845441958,611.4502543054705,623.4202485615696,8665670,-10.8809814453125,0.3338273182012512
2021-08-06,610.6949462890625,618.0731863767338,609.3900048100153,616.6505121204939,7297890,-2.34967041015625,0.3293255580512713
2021-08-09,607.6385498046875,615.1737452926474,602.0361835498089,610.7634979974587,8811790,-3.056396484375,0.3234697734116787
2021-08-10,605.3770141601562,613.0642561551555,602.624906311127,610.7634971073564,7310090,-2.26153564453125,0.31913687165732885
2021-08-11,605.1513671875,608.305718608121,594.2802507896108,605.9656753968178,7919290,-0.22564697265625,0.3187045520668548
2021-08-12,608.2615966796875,613.6971250515414,603.5275543032714,606.4464402849707,7946020,3.1102294921875,0.3246634759758005
2021-08-13,604.0476684570312,611.1413372119605,601.5407869025397,609.2918668109066,6679320,-4.21392822265625,0.31658996316922416
2021-08-16,625.691650390625,627.4429699388122,598.8769090437446,603.3067983327717,14233350,21.64398193359375,0.3580579132844315
2021-08-17,628.9244384765625,631.5489921808637,618.6125839196488,628.9097069135703,16027760,3.2327880859375,0.3642516485911784
2021-08-18,642.0718383789062,651.4810564927536,628.5271226962366,631.2694693565315,21537300,13.14739990234375,0.3894409009647848
2021-08-20,653.5512084960938,660.576248044988,633.3935788181997,634.9928517377527,21647320,11.4793701171875,0.41143435618176083
2021-08-23,662.4895629882812,669.0927181795784,657.0736762395784,661.2925932702052,17383400,8.9383544921875,0.42855945078456004
2021-08-24,684.8499145507812,691.610026694188,660.1102851102783,664.7265950583568,26229900,22.3603515625,0.47139990158502365
2021-08-25,681.4011840820312,692.1006130593215,679.051319567575,687.292972311371,15096670,-3.44873046875,0.4647924398213936
2021-08-26,680.1256713867188,686.1401025965164,672.5757439241538,676.9909019805488,12345880,-1.2755126953125,0.46234867060264206
2021-08-27,683.5252685546875,689.1914116742851,674.2436640566779,681.8965922518307,9359060,3.39959716796875,0.4688619973188468
2021-08-30,703.040283203125,706.1309176234539,684.8400335435698,686.4049329559324,15043820,19.5150146484375,0.506251034900832
2021-08-31,738.263427734375,745.55333639525,699.5572003921759,702.5006388229986,29464380,35.22314453125,0.5737354564275177
2021-09-01,737.78271484375,752.980659832953,734.2260598844975,738.3125122310161,22277890,-0.480712890625,0.5728144531560617
2021-09-02,735.7075805664062,744.3368049458319,730.4682931303839,735.8596869795678,11833780,-2.07513427734375,0.5688386798921927
2021-09-03,738.1555786132812,741.2559743407999,732.1067737990886,735.8596700934479,8802470,2.447998046875,0.5735288270749703
2021-09-06,736.4827270507812,747.1428715059287,734.3977912635847,740.7654208627396,8970710,-1.6728515625,0.5703237918205182
2021-09-07,731.670166015625,742.359773457936,726.7546137742486,738.6952066256814,8360130,-4.81256103515625,0.561103351628665
2021-09-08,732.2489624023438,737.2332013434395,727.1322591566295,731.6406566128705,8592560,0.57879638671875,0.5622122741811304
2021-09-09,729.055419921875,731.935081688369,724.0859119115499,728.9916430220618,7004360,-3.19354248046875,0.5560937299743767
2021-09-13,730.5172729492188,735.3690479030337,721.3386697731598,729.05537475037,8025650,1.46185302734375,0.558894510745662
2021-09-14,727.77001953125,738.8030024733163,726.8330082518478,733.8972720452066,7192580,-2.74725341796875,0.5536310168081928
2021-09-15,727.4364624023438,733.897331457587,724.0858698070846,730.4633198799112,6572830,-0.33355712890625,0.5529919509272245
2021-09-16,727.176513671875,730.4633294139292,719.2291937005938,730.4633294139292,5771290,-0.25994873046875,0.5524939122104733
2021-09-17,728.8738403320312,753.515315754321,722.123550180892,730.5123375980958,34749690,1.69732666015625,0.5557458395817176
2021-09-20,730.2132568359375,743.8070202846137,718.2727225834182,722.1237100111451,10838060,1.33941650390625,0.5583120428310959
2021-09-21,766.6528930664062,769.9152159880684,726.1462407776752,734.0101415326146,19931330,36.43963623046875,0.6281271545816756
2021-09-22,764.6709594726562,774.6148852825834,762.4486490710568,770.1997276083952,15005410,-1.98193359375,0.6243299455630469
2021-09-23,775.0123291015625,784.8188807221105,765.7503064437867,771.5341226553146,21091470,10.34136962890625,0.6441430927561151
2021-09-24,764.6465454101562,779.9965377817683,757.999255607546,779.9965377817683,11293460,-10.36578369140625,0.624283170384202
2021-09-27,764.84765625,771.180972223364,759.4121274443728,770.1017352745279,6507740,0.20111083984375,0.6246684809199368
2021-09-28,740.1080932617188,767.7469673175125,728.5060264752129,766.7658210334006,15723010,-24.73956298828125,0.577269672003091
2021-09-29,737.37060546875,749.1885547549151,731.5573261169797,738.7050098344002,9458790,-2.73748779296875,0.5720248881371599
2021-09-30,752.3527221679688,755.4825809702219,734.966840088081,740.2748147299121,14907070,14.98211669921875,0.6007292952009602
2021-10-01,738.091796875,749.5172038896902,733.4067997190165,747.6334199142348,9377400,-14.26092529296875,0.573406626920238
2021-10-04,754.9969482421875,762.2525439080473,741.761294940204,744.4937608913225,10901980,16.9051513671875,0.6057953978837038
2021-10-05,757.8568725585938,761.8599655133422,749.0167363972107,753.8145553172601,7732430,2.85992431640625,0.6112747592715422
2021-10-06,758.9313354492188,773.2020905025101,754.0108727660659,766.2752005599186,17646310,1.074462890625,0.6133333348925061
2021-10-07,760.1822509765625,773.6337870827047,759.2109258095436,769.7975317482781,9405500,1.25091552734375,0.6157299781185714
2021-10-08,758.6417846679688,768.1393319393738,756.6599101995192,760.38825353027,7565710,-1.54046630859375,0.6127785812714055
2021-10-11,766.9718017578125,775.5371887443208,760.584530545909,762.7332430750138,9086480,8.33001708984375,0.6287381553553371
2021-10-12,770.7639770507812,777.5584028527695,760.388343483781,766.2752209817199,10994490,3.79217529296875,0.6360036269473677
2021-10-13,777.9802856445312,785.8981430357779,771.3085031487009,775.8806183058591,10524380,7.21630859375,0.6498294343103421
2021-10-14,771.4654541015625,781.8754612013655,766.5057670534261,781.8754612013655,11348490,-6.51483154296875,0.6373475947735288
2021-10-18,771.7254638671875,789.8227132214788,765.3725659972148,789.8227132214788,8550980,0.260009765625,0.6378457504282269
2021-10-19,759.33837890625,776.5476596000841,752.6371344087046,774.124257525728,12449890,-12.3870849609375,0.6141131940617977
2021-10-20,761.501953125,768.5858002943156,743.2182832035618,759.5052869741248,11028990,2.16357421875,0.6182584104110322
2021-10-21,759.1422729492188,768.2375178988501,754.0108971970196,768.2375178988501,6394610,-2.35968017578125,0.613737472437726
2021-10-22,756.4833984375,778.5395469044976,752.04859823856,760.9770051314621,15173760,-2.65887451171875,0.6086433046476754
2021-10-25,750.2481079101562,768.9978565657019,721.1914739232874,760.3882750460938,11697290,-6.23529052734375,0.5966970409086361
2021-10-26,770.7540893554688,774.6099865970485,750.6847277866162,754.9919738223966,16605750,20.5059814453125,0.6359846829999356
2021-10-27,734.1083984375,777.0629519156985,732.0332237292156,772.1621309831219,31122330,-36.64569091796875,0.5657747887399047
2021-10-28,734.3143920898438,745.2786897838636,721.4761313515511,739.7842945736877,15723020,0.20599365234375,0.5661694543114086
2021-10-29,726.06787109375,740.7359597046425,717.5171551286829,733.897399048933,9483340,-8.24652099609375,0.5503698513391266
2021-11-01,727.4169311523438,735.8793174186499,708.3875807852727,728.9916516945397,10373140,1.34906005859375,0.5529545307841486
2021-11-02,731.478759765625,741.2559073815509,726.0726948472538,732.5923702139444,6871160,4.06182861328125,0.560736634226521
2021-11-03,737.4539794921875,739.6664688646863,731.0519768706221,734.4859884165694,6687040,5.9752197265625,0.5721846253729153
2021-11-04,738.3223876953125,742.6296341839821,737.3314203831513,741.8446692620696,940330,0.868408203125,0.5738484184844281
2021-11-08,752.897216796875,756.7727561227949,734.4859946512751,740.1668692686719,9003010,14.5748291015625,0.6017724986271487
2021-11-09,743.4635009765625,760.8199789011707,740.7653490429623,755.4825414080543,8002470,-9.4337158203125,0.5836983356455865
2021-11-10,743.8511352539062,746.6522886059661,736.3502530864357,740.2748380462568,4649890,0.38763427734375,0.5844410085476963
2021-11-11,731.2188110351562,745.7642548145409,727.0292978078546,742.7472783080879,6344000,-12.63232421875,0.56023859550977
2021-11-12,743.6204833984375,745.6956578956615,731.248244300077,735.8596433754453,4971280,12.40167236328125,0.5839991000455591
2021-11-15,739.2200317382812,748.3643211123193,734.8784719682213,743.6106967237434,4025180,-4.40045166015625,0.575568224872608
2021-11-16,741.32470703125,750.576909328741,735.9333129765636,738.312580744938,5980490,2.10467529296875,0.5796005961028792
2021-11-17,746.4216918945312,754.697657570636,737.9445744828421,738.6068361809154,6455740,5.09698486328125,0.5893659671282754
2021-11-18,734.3829956054688,755.2569042657833,729.9727483747905,747.633379383858,7725390,-12.0386962890625,0.5663008925639628
2021-11-22,692.5224609375,737.2823472012915,685.8261259345921,735.0747681817228,19352430,-41.86053466796875,0.4860998201026623
2021-11-23,698.016845703125,704.266742312235,679.3554255000196,686.8023516332993,11875890,5.494384765625,0.4966265741017062
2021-11-24,704.197998046875,718.1793305050986,693.2778367466467,702.5006343921502,10993800,6.18115234375,0.508469113881657
2021-11-25,699.1452026367188,706.915864069542,695.3187083569695,701.5195597636676,6154860,-5.05279541015625,0.4987884059299701
2021-11-26,667.8712158203125,691.502086374319,664.7266251286351,688.8628004046308,16890820,-31.27398681640625,0.43887022039528767
2021-11-29,677.5549926757812,684.8399906278568,655.2388290040258,663.9415902832862,14918150,9.68377685546875,0.4574234781461688
2021-11-30,686.5325317382812,706.4056537044139,672.0115793016555,677.972054711786,21955390,8.9775390625,0.4746236469110141
2021-12-01,690.5994262695312,697.3693595450703,681.9947542439174,689.9616572347281,11367680,4.06689453125,0.48241545620299675
2021-12-02,704.511962890625,707.406355935481,689.000045053907,695.6326024386352,8477040,13.91253662109375,0.5090706426816023
2021-12-03,693.5968017578125,709.7415800913918,692.1986803265236,702.5007159656851,8164110,-10.9151611328125,0.488158161847732
2021-12-06,682.068359375,696.2116214548117,680.7291042722253,693.5968282689973,8582530,-11.5284423828125,0.46607068852127753
2021-12-07,696.9229125976562,703.4818729930165,682.68156016892,691.5118765663219,10796080,14.85455322265625,0.49453069527561344
2021-12-08,722.2708129882812,724.7089469699592,698.5761078483672,698.5761078483672,14026910,25.347900390625,0.5430950247113271
2021-12-09,730.002197265625,732.7297524172648,719.866940788808,726.0481495445352,10769500,7.73138427734375,0.5579076714099818
2021-12-10,731.1992797851562,732.6219538964758,722.1236765137537,723.4973052869764,6791450,1.19708251953125,0.560201175366694
2021-12-13,708.2649536132812,733.6030676536282,706.3272137112741,732.9162532974838,12985990,-22.934326171875,0.516261040111587
2021-12-14,693.26806640625,704.4629173367945,690.2362985326392,704.4629173367945,12764810,-14.99688720703125,0.4875283340645853
2021-12-15,671.8153076171875,693.9156497185818,670.2209450427192,693.9156497185818,18175280,-21.4527587890625,0.44642675053768066
2021-12-16,689.6329345703125,693.0276619889871,680.218805938984,681.4060143618464,17683180,17.817626953125,0.4805637438104744
2021-12-17,677.0988159179688,689.2552321787616,673.5568923711315,686.8023665838194,16805110,-12.53411865234375,0.45654948392945194
2021-12-20,650.9071044921875,673.5421552000747,637.0190107490969,672.0851674210635,22263190,-26.19171142578125,0.4063684873749116
2021-12-21,645.3538208007812,662.2736821563791,641.6696120448473,659.8355482321066,13755910,-5.55328369140625,0.39572888825690433
2021-12-22,664.353759765625,666.2719174975038,649.8916732791363,650.990552314445,12678980,18.99993896484375,0.4321310865032093
2021-12-23,678.732421875,686.1645562727782,670.9322977757171,671.1039863801458,13393990,14.378662109375,0.4596793280839109
2021-12-24,672.2813720703125,685.6200255944327,663.0193497693873,685.3207831967492,9807740,-6.4510498046875,0.4473196887018298
2021-12-27,676.0833129882812,677.8542746492667,652.8595997774089,662.3717592524117,9123600,3.80194091796875,0.4546038703653983
2021-12-28,677.643310546875,684.840039396051,673.237973743154,684.840039396051,8624640,1.55999755859375,0.4575926873556402
2021-12-29,678.1339111328125,681.8917179537746,672.3844086088595,675.5093569497349,5323790,0.4906005859375,0.4585326345745284
2021-12-30,674.1553955078125,681.4011702535057,672.7621845796946,676.9811015406589,6589920,-3.978515625,0.45091015142996405
2021-12-31,684.5750732421875,686.7042034707654,674.5919233008157,675.2247817205606,7699070,10.419677734375,0.4708733300091774
2022-01-03,708.348388671875,710.7374774642668,684.3495291451824,684.3495291451824,12697250,23.7733154296875,0.5164208942852893
2022-01-04,720.4556274414062,723.5953071918666,709.9083060145417,711.3309799513264,9591730,12.10723876953125,0.5396172901642089
2022-01-05,752.61767578125,754.6142820337826,727.5199381532498,732.9064214381782,25832620,32.16204833984375,0.6012369228293746
2022-01-06,760.2166748046875,763.2680253488854,737.9200897658368,738.3125722297586,15359860,7.5989990234375,0.6157959311207426
2022-01-07,751.4942016601562,763.8223058839617,744.1993821618304,761.7570123252189,11659510,-8.72247314453125,0.5990844460368794
2022-01-10,758.5535888671875,761.2713830847077,752.5146050827786,754.108967705008,6390600,7.05938720703125,0.6126096059378283
2022-01-11,752.5242919921875,761.3644275218443,742.8256536651242,759.3089552828527,10379120,-6.029296875,0.6010580077702927
2022-01-12,762.7921142578125,772.0639576920936,754.6780161368445,758.0335193252206,14584040,10.267822265625,0.6207302447370908
2022-01-13,766.1133422851562,770.1556599842944,762.7431073618976,768.0412611024661,6163740,3.32122802734375,0.6270934231292034
2022-01-14,768.4532470703125,769.8170545701496,758.278766441643,762.8411199229193,5696350,2.33990478515625,0.6315764732076454
2022-01-17,770.454833984375,776.0866032940299,765.446102060387,767.2072426289255,6797740,2.0015869140625,0.6354113362452443
2022-01-18,759.7996215820312,779.5206357381951,757.0572749071839,775.1005674307644,11300240,-10.65521240234375,0.6149968941281247
2022-01-19,742.904296875,789.3321437665796,733.2105673105815,770.1997922396085,50003170,-16.89532470703125,0.5826269501741441
2022-01-20,738.82763671875,750.5768384385829,726.1462742532881,746.6522536624334,29103830,-4.07666015625,0.5748164308106232
2022-01-21,723.47265625,735.7615359685121,716.8106953219491,726.2934514854213,13704500,-15.35498046875,0.5453976498279143
2022-01-24,680.10595703125,721.1424059162213,668.9160165528092,721.1424059162213,25025820,-43.36669921875,0.4623108996457248
2022-01-25,683.2456665039062,686.4098389593688,662.4894904610371,676.9908596484586,25259340,3.13970947265625,0.46832630458312563
2022-01-27,670.8096923828125,677.2214566749645,658.162703050143,669.4949300796791,17610280,-12.43597412109375,0.4445000809210595
2022-01-28,673.7775268554688,691.2762889849458,671.5945007520019,682.9806819998424,14675220,2.96783447265625,0.4501861885993921
2022-01-31,686.826904296875,694.2492778215621,679.9441492144887,684.8302382106261,12512490,13.04937744140625,0.4751876386299363
2022-02-01,688.2348022460938,698.1639965266489,675.6172172026171,694.2492329565221,13834490,1.40789794921875,0.4778850462559745
2022-02-02,711.080810546875,714.2744462753012,696.1232412531954,696.613814361901,13398210,22.84600830078125,0.5216559723016101
2022-02-03,697.65869140625,714.9661239106786,696.6137683583361,711.6252925165002,8398560,-13.422119140625,0.4959403822280515
2022-02-04,702.34375,705.287188716686,692.1986715406798,695.6326833768136,8232080,4.68505859375,0.5049165390483872
2022-02-07,679.9931640625,702.9912327461814,675.1266574874745,702.9912327461814,11830120,-22.3505859375,0.46209479831946143
2022-02-08,692.1986694335938,701.2252267808366,678.4331589992759,686.8023651360958,16405420,12.20550537109375,0.48547946429323185
2022-02-09,698.3161010742188,702.2946418703233,693.6703880245597,699.4149800664749,6491660,6.117431640625,0.4971999208563975
2022-02-10,700.244140625,710.3499357450415,693.1798751434694,700.0478993840983,12442000,1.92803955078125,0.500893873667726
2022-02-11,687.9404907226562,694.6466470208853,679.0562184546171,690.7269724721128,12764610,-12.30364990234375,0.4773211714749992
2022-02-14,665.8009033203125,679.9343436378517,661.6899580678743,668.1605887696638,11697660,-22.13958740234375,0.4349036852292405
2022-02-15,700.739501953125,705.9346540432516,665.8008420831146,667.1793811666589,13468200,34.9385986328125,0.5018429420464889
2022-02-16,693.5328979492188,708.8731263635138,691.7079806279041,704.9534525973746,10540410,-7.20660400390625,0.48803572781710525
2022-02-17,694.891845703125,699.3609592012219,685.0362494580152,698.5760542632012,9036160,1.35894775390625,0.4906393512095595
2022-02-18,689.7555541992188,698.1835659666718,687.7834408856448,688.7645870210024,7625170,-5.13629150390625,0.48079867214622296
2022-02-21,687.4253540039062,694.7398154434014,678.0700917702882,686.8023166066218,8166640,-2.3302001953125,0.47633421520137187
2022-02-22,687.9159545898438,690.3491780172327,666.1001830759888,667.1794199486114,12587320,0.4906005859375,0.4772741624202601
2022-02-23,691.17333984375,698.316052799639,689.4955583397874,692.689193904135,7952280,3.25738525390625,0.48351502371969324
2022-02-24,650.2840576171875,677.0104684866488,646.8156725292703,667.1793651489438,19300400,-40.8892822265625,0.40517478481078983
2022-02-25,683.800048828125,685.8162971237002,663.1567539217605,667.1794294692068,14132810,33.5159912109375,0.46938845195674617
2022-02-28,687.0279541015625,689.255175040148,667.8269166299733,673.066263455575,15808910,3.2279052734375,0.4755728322277242
2022-03-02,670.2749633789062,680.5573564283037,663.4510747661081,678.7569315865403,16080090,-16.75299072265625,0.44347558756640915
2022-03-03,662.11181640625,681.3373474208496,659.8208184744227,678.9531693446849,13339990,-8.16314697265625,0.4278357218298825
2022-03-04,641.463623046875,657.1717850169628,637.7451000985371,656.2299228874604,19965090,-20.648193359375,0.38827561432181135
2022-03-07,600.9520263671875,624.990107421875,598.4991609534438,623.02781509088,28435880,-40.5115966796875,0.3106589874296384
2022-03-08,604.5675048828125,610.0128537397621,580.1418536552596,601.246315765719,28857830,3.615478515625,0.3175859236647791
2022-03-09,635.0469360351562,640.1979540562988,600.6430389899955,610.2239468815809,22801310,30.47943115234375,0.37598181100395434
2022-03-10,646.074951171875,666.5907517337566,637.8431201877909,666.5907517337566,20915610,11.02801513671875,0.39711051010203535
2022-03-11,650.3037109375,655.8962564397478,636.7688154275197,642.6507823007253,12647710,4.228759765625,0.40521243882976
2022-03-14,653.9781494140625,656.2887896919228,637.7451005079998,647.6546542698184,12668460,3.6744384765625,0.412252337121811
2022-03-15,654.0860595703125,662.2736960007969,648.0470758644835,655.1309228016332,14792700,0.10791015625,0.4124590834123054
2022-03-16,671.162841796875,676.9319860254701,661.6212193164522,665.2170984450873,16335960,17.0767822265625,0.44517668388305087
2022-03-17,686.2528686523438,692.3850321175531,679.9441060654653,681.6709328787738,16706780,15.09002685546875,0.4740878372373458
2022-03-21,674.086669921875,688.6419954918343,672.0851532137582,686.8023463498258,9620190,-12.16619873046875,0.4507784793015157
2022-03-22,685.4091186523438,687.7834756522959,663.9416353348117,674.047429062949,12737960,11.32244873046875,0.472471287056466
2022-03-23,687.2733154296875,697.0063294794835,683.8589455960373,691.708115703309,11767500,1.86419677734375,0.4760429227751153
2022-03-24,686.5619506835938,690.2902941945507,675.1512158076915,683.7607974998208,7837160,-0.71136474609375,0.47468001100152213
2022-03-25,684.2022705078125,693.4201581105839,680.915454730529,692.5911183259263,7023730,-2.35968017578125,0.4701590730282157
2022-03-28,686.939697265625,690.2363340410252,674.0474221552016,685.8211762539825,9369730,2.7374267578125,0.47540373995619967
2022-03-29,690.6632080078125,692.6892774825112,685.2816350047303,690.7269849117392,7159500,3.7235107421875,0.48253765635772905
2022-03-30,711.512451171875,713.7298509987133,696.5156589812271,696.6137496400896,12722540,20.8492431640625,0.5224829574635879
2022-03-31,712.3072509765625,730.4633667157026,710.4136459427307,715.0544484379659,16330110,0.7947998046875,0.5240057234108835
2022-04-01,726.8428955078125,730.8558097127109,708.4170014811692,709.3637740047765,8715130,14.53564453125,0.5518547293915579
2022-04-04,734.9423217773438,744.778336935884,728.9916673463606,730.8558691843232,10497590,8.09942626953125,0.5673725119112993
2022-04-05,724.9149780273438,733.8924902390835,719.1802068955946,729.482242601466,10720820,-10.02734375,0.5481610104561234
2022-04-06,720.8432006835938,728.5010394406759,716.2367121773649,721.1424430826893,7670310,-4.07177734375,0.5403598461283716
2022-04-07,715.275146484375,721.7310446830329,713.2932122062941,717.2177965925737,7182660,-5.56805419921875,0.5296919480271634
2022-04-08,722.7711181640625,728.5010382008705,712.3121262408512,719.0133714137547,8819730,7.4959716796875,0.5440535650638061
2022-04-11,719.8326416015625,724.4784146052326,715.7461890306677,720.6568308003084,5975080,-2.9384765625,0.5384237045380345
2022-04-12,713.7348022460938,716.2318025122552,708.3875435760132,716.2318025122552,8055980,-6.09783935546875,0.5267407850558916
2022-04-13,719.028076171875,724.0859137038503,714.4756032022053,717.5122220226103,6723170,5.29327392578125,0.5368822285192008
2022-04-18,712.4544677734375,723.5953643558631,709.5257006848723,712.8518008675269,7582220,-6.5736083984375,0.5242877777393182
2022-04-19,712.26806640625,730.2966293503849,701.6176827864202,716.2367863520296,11911100,-0.1864013671875,0.5239306492488374
2022-04-20,689.9910888671875,715.7167143709415,682.8777786726804,713.7789745130998,15581810,-22.2769775390625,0.4812499356841291
2022-04-21,700.3519897460938,705.1498091947344,691.4431651883674,696.5157343265954,8753430,10.36090087890625,0.5011005030202733
2022-04-22,697.6685180664062,707.112049861381,693.8077103201488,694.6514816459351,8079870,-2.6834716796875,0.49595920923753667
2022-04-25,687.3419189453125,694.1559860989736,681.8965698250303,686.8023005431959,6849530,-10.32659912109375,0.4761743610276694
2022-04-26,710.40380859375,712.6015665124297,696.3194739776702,699.6553351455192,10124190,23.0618896484375,0.5203588965922412
2022-04-27,658.7512817382812,696.6137363787673,656.2739237472961,696.6137363787673,39843570,-51.65252685546875,0.42139723539982965
2022-04-28,660.0808715820312,667.6700234572988,645.5942328213117,662.0774778526325,24990940,1.32958984375,0.42394461163972275
2022-04-29,654.6011352539062,669.4949278552998,652.5603343256612,667.1794371222525,13375170,-5.479736328125,0.41344592274798564
2022-05-02,650.1221923828125,652.4475041313099,640.2469532922647,642.6507735059253,12387410,-4.47894287109375,0.40486466537504806
2022-05-04,622.0221557617188,654.2087104601861,617.140977232603,650.4901279311225,16491150,-28.10003662109375,0.35102748696609654
2022-05-05,619.0492553710938,637.4947907333263,617.1409189522745,627.9335264379265,14860280,-2.972900390625,0.3453316734381535
2022-05-06,588.7171630859375,608.8061068931866,586.234834539938,608.4087139511994,30648650,-30.33209228515625,0.28721807430330704
2022-05-09,592.31298828125,601.9576709880827,572.2583600672332,584.8611526847759,19356480,3.5958251953125,0.2941073565194776
2022-05-10,581.6676025390625,599.7795833338365,578.8762702853404,588.6877324935665,11779330,-10.6453857421875,0.2737117414118433
2022-05-11,569.7515258789062,588.3540167479675,562.8835034967568,584.4687166977978,18613390,-11.91607666015625,0.25088159518327924
2022-05-12,548.7943115234375,565.6062004282822,540.2092827479609,564.1590338170366,24940440,-20.95721435546875,0.21072943084897888
2022-05-13,541.1756591796875,564.0609033933547,539.6303421321555,559.2532636642338,21053150,-7.61865234375,0.19613276853864048
2022-05-16,553.8963012695312,560.4258585300463,538.4530683503976,546.9890529928191,14149550,12.72064208984375,0.22050439078603823
2022-05-17,572.7244262695312,573.872410388406,554.5438191453891,555.3287240930205,14017700,18.828125,0.25657740871122225
2022-05-18,570.55615234375,584.4393350203867,568.0836447785932,577.8901961701582,16550940,-2.16827392578125,0.2524231881400598
2022-05-19,559.940185546875,563.6685293778874,550.5211454699634,554.445730530906,10650250,-10.615966796875,0.23208393712293351
2022-05-20,566.0820922851562,573.1806701579557,560.4306809992241,572.9893394766248,10986100,6.14190673828125,0.2438512858028914
2022-05-23,568.4761962890625,579.4895396712698,566.2391539564774,571.5177258980142,9680210,2.39410400390625,0.248438176778369
2022-05-24,568.9470825195312,572.3025858695619,561.7062185274979,567.3968547033828,10840690,0.47088623046875,0.24934035304033997
2022-05-25,571.753173828125,576.6883683627923,569.2414417458124,572.8913370486013,8675980,2.80609130859375,0.2547165751588252
2022-05-26,570.8113403320312,576.4676034095489,554.6812922793636,573.9706027685608,12595460,-0.94183349609375,0.2529121056969361
2022-05-27,588.0499267578125,596.2425331204954,575.0546506656507,578.8762341200132,16258050,17.23858642578125,0.285939708665476
2022-05-30,599.5980834960938,601.1483113180122,592.7202387940043,597.3218170403844,8174840,11.54815673828125,0.3080649529488477
2022-05-31,596.7478637695312,605.2886983436116,590.3017260344151,599.4803295937429,15489660,-2.8502197265625,0.30260418469460015
2022-06-01,589.68359375,601.442616504672,586.4555844479567,594.5745931514375,8876200,-7.06427001953125,0.2890696697578823
2022-06-02,594.3636474609375,596.5369127273347,583.7035031661567,589.3745571665372,7508090,4.6800537109375,0.29803623766655485
2022-06-03,591.45458984375,605.170995261132,590.0613789358382,600.9520783613557,10434650,-2.9090576171875,0.29246274123129123
2022-06-06,590.7481079101562,593.5934558672517,579.9554996216608,589.4922719037529,7376570,-0.70648193359375,0.291109184493467
2022-06-07,576.7766723632812,587.7017464274888,572.3664243610633,586.725510611122,8969820,-13.971435546875,0.2643411528958981
2022-06-08,584.203857421875,593.9859158867968,569.2855131239434,578.8762408993878,13341460,7.42718505859375,0.2785709808661454
2022-06-09,578.7339477539062,581.9766286193499,574.4610753996405,579.3668061887067,12376740,-5.46990966796875,0.2680911189838935
2022-06-10,556.0645751953125,572.4987730506658,554.5830349414739,571.5176269100477,21518910,-22.66937255859375,0.22465861135720067
2022-06-13,525.72265625,544.928604421808,522.4603332719365,542.0881671088961,19327850,-30.3419189453125,0.16652618521286922
2022-06-14,527.439697265625,535.8039329567721,518.4572747735951,524.6189018506501,18845410,1.717041015625,0.16981588354103083
2022-06-15,538.15380859375,539.6206174494472,529.4412250869567,531.585027251777,16599430,10.714111328125,0.1903431707771135
2022-06-16,518.4278564453125,550.9086823244636,515.5775979817952,546.0078618324616,21796860,-19.7259521484375,0.15254999564990834
2022-06-17,531.7371215820312,537.1775606570316,512.1583318045123,512.1583318045123,19379390,13.30926513671875,0.17804936745925648
2022-06-20,536.7311401367188,540.6115903706269,525.1094914076626,532.5661790452154,11194560,4.9940185546875,0.18761746416787428
2022-06-21,544.4527587890625,545.90980650663,535.2152882505161,542.0833121144091,10023590,7.72161865234375,0.20241140079499087
2022-06-22,533.7042846679688,542.7210202385364,530.3094974092375,542.7210202385364,8983460,-10.74847412109375,0.18181827749468393
2022-06-23,534.543212890625,539.139880816679,524.226445384994,534.2930157984918,11018570,0.83892822265625,0.1834255895777417
2022-06-24,548.239990234375,551.0754572318209,535.2152505142016,540.6115545982128,13049330,13.69677734375,0.20966740041330545
2022-06-27,553.4841918945312,561.7062018760639,548.2399941778655,559.2533363656881,10490080,5.24420166015625,0.2197148257671364
2022-06-28,547.1116333007812,551.3060571332466,542.0832591771918,550.1286697518168,7395000,-6.37255859375,0.20750556858504154
2022-06-29,540.8863525390625,544.9286704410125,535.7058714116605,538.1587371232523,7559820,-6.22528076171875,0.19557848266932853
2022-06-30,531.7972412109375,545.0614313402924,529.4831766580952,542.8556714034239,11982750,-9.089111328125,0.17816455133716214
2022-07-01,552.8604736328125,554.785615534977,525.3523589384246,528.203138829888,12218900,21.063232421875,0.21851983688559629
2022-07-04,554.4261474609375,556.2626380509475,545.63255738945,552.7126865946396,7898180,1.565673828125,0.22151952910491945
2022-07-05,557.4590454101562,566.7055677075056,554.0470290378064,557.3507407861828,12284530,3.03289794921875,0.22733029263487392
2022-07-06,582.62841796875,584.809596040709,555.9622824362302,559.3201463061232,22229520,25.16937255859375,0.27555257857528415
2022-07-07,577.1140747070312,589.541219440329,572.7123510250307,584.4305271693245,13352470,-5.51434326171875,0.26498758586753457
2022-07-08,578.344970703125,583.7412097280683,571.2352707234224,583.7412097280683,8032820,1.23089599609375,0.26734587344694716
2022-07-11,577.19287109375,581.3729970297981,572.4957438161939,576.0604205849503,7613370,-1.152099609375,0.2651385527572565
2022-07-12,578.37939453125,586.8480108523121,569.5612824300628,576.0406877735147,9754460,1.1865234375,0.26741182644911854
2022-07-13,578.90625,588.763293105838,577.6950052150438,583.9332193749682,8869340,0.52685546875,0.26842123480859126
2022-07-14,574.1747436523438,583.6378762450292,570.6149349490591,583.4458488799379,6929200,-4.73150634765625,0.25935608821050327
2022-07-15,582.4807739257812,583.765824505065,572.4021332312084,576.5527486352939,5698590,8.3060302734375,0.27526970568121967
2022-07-18,596.7197875976562,597.5371209048901,584.0711054023504,587.8671765608831,9664320,14.239013671875,0.3025503932389286
2022-07-19,597.3253784179688,600.4962037124106,591.0330719458227,594.770062379936,9785600,0.6055908203125,0.3037106515501762
2022-07-20,598.1575317382812,605.5626356223806,594.9719811566224,605.5035549042611,8270920,0.8321533203125,0.3053049835211046
2022-07-21,617.1133422851562,618.713510115035,594.3761618758284,598.6105002153198,13254930,18.955810546875,0.3416226356316474
2022-07-22,616.2615356445312,622.8345203406792,612.2685088963808,617.5170158098325,9532950,-0.851806640625,0.33999064964174885
2022-07-25,613.184326171875,623.7208279328833,609.0484957485637,614.4644484189229,7240230,-3.07720947265625,0.33409498916219116
2022-07-26,616.8720703125,628.6148279724597,611.7564498096442,620.3727378351322,15304060,3.687744140625,0.34116037992671266
2022-07-27,629.8604736328125,633.1149613020903,610.0331555624259,618.3048156110328,14449890,12.9884033203125,0.3660450089480918
2022-07-28,696.845947265625,700.1300054770292,642.2334914514631,642.2334914514631,64857820,66.9854736328125,0.4943832365243048
2022-07-29,709.8934326171875,714.9056765465941,701.6119759496534,706.5355687633352,26067620,13.0474853515625,0.5193810614784886
2022-08-01,715.0042114257812,719.8293570117132,708.2096885770227,714.0244211447485,12270770,5.11077880859375,0.5291728604799322
2022-08-02,722.9705810546875,724.359007892677,707.2445931130192,709.1402245778991,12491240,7.96636962890625,0.5444357182749688
2022-08-03,718.4852294921875,726.3679073973515,710.7699369352849,721.4048867445554,12186210,-4.4853515625,0.5358421824175845
2022-08-04,720.484130859375,727.2147042956642,709.489769052168,722.6800942619888,9494810,1.9989013671875,0.5396719001855104
2022-08-05,719.3074340820312,725.5357918293016,716.4862246458998,722.7785915122473,7580780,-1.17669677734375,0.5374174535031335
2022-08-08,723.0001220703125,728.4948691462439,715.2996748648775,718.8446380801798,9574820,3.69268798828125,0.5444923162413713
2022-08-10,704.0147094726562,725.6391512947654,699.6425565393048,725.6391512947654,19065230,-18.98541259765625,0.5081179492264789
2022-08-11,720.710693359375,721.3064289245398,710.7059179711133,713.3302317036953,10270510,16.69598388671875,0.540105973845191
2022-08-12,719.770263671875,723.0789039629386,716.0923538812965,719.0415814758921,10369410,-0.9404296875,0.5383041939560858
2022-08-16,717.4758911132812,727.1163258336643,716.0973209687586,722.6850916000957,8044640,-2.29437255859375,0.5339083795861894
2022-08-17,741.2075805664062,752.1280765001466,718.4506873817165,718.8445988741365,23444140,23.731689453125,0.5793761921823708
2022-08-18,737.3819580078125,747.2832968602224,733.8517199967891,737.5542717517491,8353540,-3.82562255859375,0.5720466385953227
2022-08-19,719.0120239257812,742.3498687329952,715.9889303567252,739.5237309210277,11004270,-18.36993408203125,0.5368514738391104
2022-08-22,699.3668823242188,716.8554959540722,698.0523213326999,715.0042200003065,10608620,-19.6451416015625,0.4992131245538818
2022-08-23,709.7557373046875,713.9210782942233,694.2267037205896,697.6732192709756,10886030,10.38885498046875,0.5191172494698033
2022-08-24,706.7227783203125,712.5818667062291,703.089163850934,705.5509606431292,9530960,-3.032958984375,0.513306369001902
2022-08-25,693.946044921875,712.8378702275278,691.7747234228714,710.257912116801,13542960,-12.7767333984375,0.48882728078110804
2022-08-26,695.418212890625,703.2368817516622,691.83382240769,701.1197125113813,7591390,1.47216796875,0.4916478240654554
2022-08-29,685.7925415039062,690.8293678622837,675.6499512682612,677.584889788876,9967350,-9.62567138671875,0.4732058912402253
2022-08-30,719.4600219726562,722.2910879273819,689.3030150636228,689.3030150636228,17313810,33.66748046875,0.537709798370914
2022-09-01,707.156005859375,722.177893608036,703.2860687939886,711.8137058208464,14625790,-12.30401611328125,0.5141363945505046
2022-09-02,708.0471801757812,720.124769390479,706.3830031776934,710.6813507659866,9063700,0.89117431640625,0.5158438055162904
2022-09-05,708.6232299804688,714.3149326256492,704.861597525834,708.0816467435551,7070250,0.5760498046875,0.5169474658611357
2022-09-06,701.0557250976562,714.4134370448469,699.6426561273104,711.828550384278,7919050,-7.5675048828125,0.5024487975504774
2022-09-07,705.6986694335938,709.7802875120169,696.1961100852236,696.9838730124944,7919940,4.6429443359375,0.5113442671873056
2022-09-08,714.6743774414062,716.8210569822292,706.5356630101555,710.9668971335641,7722510,8.9757080078125,0.5285409278137376
2022-09-09,707.1166381835938,721.2079595884584,705.5509090930726,718.8446107996414,6496070,-7.5577392578125,0.5140609695746172
2022-09-12,717.5546264648438,720.8041859485594,707.8009595098563,710.6566675999901,8347160,10.43798828125,0.5340592295379643
2022-09-13,729.031494140625,733.0245811239777,720.0656501382678,721.7987645645292,13827000,11.47686767578125,0.5560478902991086
2022-09-14,736.9092407226562,744.447290749998,716.1021911841809,716.1021911841809,14933880,7.87774658203125,0.5711409541949384
2022-09-15,727.3427124023438,741.7737323923046,725.708045850819,737.5493111882815,7174200,-9.5665283203125,0.5528123342404601
2022-09-16,716.294189453125,736.5843587491073,708.441082011467,727.2147460728141,11870360,-11.04852294921875,0.5316443439921492
2022-09-19,738.1549072265625,740.946606139471,708.1062042383404,716.3827930540051,16481170,21.8607177734375,0.5735275407575522
2022-09-20,751.8720703125,759.71045254859,744.9396725249621,745.4271034575453,16134500,13.7171630859375,0.5998084088674513
2022-09-21,757.3126220703125,761.6798467123283,747.0124437474419,752.3250198942712,12392620,5.4405517578125,0.6102320235971423
2022-09-22,760.1585083007812,765.9141600063678,748.3861799182476,755.2792105227578,12810390,2.84588623046875,0.6156844892571447
2022-09-23,739.2430419921875,761.3352011324829,736.0771452834476,759.6906778150735,14123310,-20.91546630859375,0.5756123104786692
2022-09-26,714.8565063476562,734.6001029934089,702.0059401589464,732.3352621494431,18752050,-24.38653564453125,0.5288898706479204
2022-09-27,713.2169189453125,726.7174332353683,709.9870730357596,721.306409077177,11428290,-1.63958740234375,0.5257485665746444
2022-09-28,709.2435913085938,718.598418267888,705.0683939452595,706.9295265754347,8690690,-3.97332763671875,0.5181360231555845
2022-09-29,699.6179809570312,720.5088142229482,697.9735175881805,720.0755355991389,9696320,-9.6256103515625,0.4996942072683015
2022-09-30,722.3649291992188,724.9498154175252,691.9420300751665,697.2791878381835,16186650,22.7469482421875,0.5432753430257742
2022-10-03,706.2205200195312,728.4948512580509,703.5421141186192,722.4880914844904,8201980,-16.1444091796875,0.5123440866351152
2022-10-04,737.42626953125,739.031365780115,719.469938912535,722.291148300752,11914950,31.20574951171875,0.5721315355449261
2022-10-06,729.1004028320312,748.2876904901057,723.4629128706162,743.4625452942344,15100600,-8.32586669921875,0.5561799132413983
2022-10-07,723.2905883789062,729.454936358646,716.1119514039432,727.2589730368591,9911960,-5.809814453125,0.5450488239316784
2022-10-10,718.1947021484375,722.5865087121217,711.0652888794591,715.3980748327107,6531130,-5.09588623046875,0.5352855577893303
2022-10-11,709.273193359375,724.0144030184387,706.2993237394878,719.5339450848548,7322060,-8.9215087890625,0.518192738059934
2022-10-12,711.577392578125,714.7580146139969,703.5814818750198,709.4897938291837,7407310,2.30419921875,0.5226073794393153
2022-10-13,704.236328125,711.5577092624335,700.5977853127102,711.0161259974053,6086550,-7.341064453125,0.5085425509124435
2022-10-14,716.1366577148438,723.2758681217638,711.0653324882551,718.8446340760893,8390120,11.90032958984375,0.5313425271506527
2022-10-17,724.2803344726562,725.964165023641,710.6715145066424,714.4085052322487,6174010,8.1436767578125,0.5469450896820505
2022-10-18,727.7464599609375,731.6459675080941,720.9125100272212,728.6918115154639,9069750,3.46612548828125,0.5535858787606074
2022-10-19,726.76171875,732.6306634435014,723.7681957405557,730.365822606573,6271770,-0.9847412109375,0.5516992019218987
2022-10-20,731.8822021484375,733.5168685913562,715.0041118538086,725.7326396399238,10260540,5.1204833984375,0.561509594056933
2022-10-21,708.2835083007812,737.5542451921583,704.3741441324008,737.5542451921583,23869600,-23.59869384765625,0.5162965892475091
2022-10-24,709.6375122070312,719.82932609364,708.0127024094763,719.82932609364,2278840,1.35400390625,0.5188907406662471
2022-10-25,699.4358520507812,713.1874756970758,698.1655865133345,713.1874756970758,9098990,-10.20166015625,0.49934526443411853
2022-10-27,686.4572143554688,709.9821576945134,682.5084828911491,707.6188088567663,16414580,-12.9786376953125,0.4744793454842775
2022-10-28,689.9776000976562,698.1655382571969,687.3336328681571,689.3030702116189,8396690,3.5203857421875,0.48122409239781727
2022-10-31,703.4927978515625,704.0344411706632,693.8327106623598,698.5594080866111,8189860,13.51519775390625,0.5071180128407222
2022-11-01,709.9329833984375,712.5424519824304,705.0586136439541,708.6971565788954,7627420,6.440185546875,0.5194568372682173
2022-11-02,704.6843872070312,712.936334673465,703.0940761321297,709.6867750027657,5859140,-5.24859619140625,0.5094009923821945
2022-11-03,701.2771606445312,708.5050214993466,698.3722889024168,699.6425542394521,6323130,-3.4072265625,0.5028730484226007
2022-11-04,710.1791381835938,711.449403669213,701.2772426734904,701.2772426734904,9219250,8.9019775390625,0.519928448008921
2022-11-07,708.0176391601562,713.985031786931,700.2334093672391,713.7339237224849,7224940,-2.1614990234375,0.5157872075498882
2022-11-09,703.4830322265625,712.4439479595002,700.5928853739074,712.4439479595002,6896340,-4.53460693359375,0.5070993027691841
2022-11-10,686.8511352539062,705.5509333475907,685.8122642600858,704.8616182519513,10081820,-16.63189697265625,0.47523406299493987
2022-11-11,694.369384765625,704.8467445139788,688.8106292893264,703.9753190787779,12333420,7.51824951171875,0.48963836238227865
2022-11-14,691.8436889648438,699.8396000918366,689.4064740930726,694.7091939694412,8550600,-2.52569580078125,0.48479935319282697
2022-11-15,691.8387451171875,695.4477174763872,687.4320929213382,692.7643830891767,7195210,-0.00494384765625,0.48478988121911093
2022-11-16,678.9684448242188,692.734792465384,674.7883189185437,690.3862288436708,13362040,-12.87030029296875,0.46013152712539407
2022-11-17,678.9684448242188,684.3794690555331,672.7598008819882,676.5017197714407,7339440,0.0,0.46013152712539407
2022-11-18,668.7716674804688,682.2130404346025,664.6850612112991,680.4307021560452,13276890,-10.19677734375,0.4405954059290347
2022-11-21,657.7034301757812,664.3897085096839,650.9334892192625,664.3897085096839,10717480,-11.0682373046875,0.4193896447238066
2022-11-22,658.2893676757812,662.4941356829894,655.8522129774923,657.8167219409515,9587690,0.5859375,0.4205122490160842
2022-11-23,667.6442260742188,670.1010944927071,658.7768291192081,661.583253453395,8936670,9.3548583984375,0.4384353281699773
2022-11-24,666.7874755859375,673.5327743268097,663.4344797189164,670.9823866695864,7546110,-0.85675048828125,0.43679387020636273
2022-11-25,664.4389038085938,667.4422836467409,657.2996936528141,666.6545207534908,8590580,-2.34857177734375,0.4322942149394309
2022-11-28,667.38818359375,672.8386353623716,662.5728946318548,662.6172502479944,6040540,2.94927978515625,0.43794477348184135
2022-11-29,663.1243286132812,670.4851370337337,661.8294211052291,667.1469261814603,6818600,-4.26385498046875,0.4297756054345274
2022-11-30,661.824462890625,665.0986644751437,657.5951130493893,663.208021465356,14828310,-1.29986572265625,0.4272851779748781
2022-12-01,664.4635620117188,666.6545370029834,660.450821426549,665.1380918939528,9816160,2.63909912109375,0.43234145787006417
2022-12-02,657.3735961914062,663.8924291575591,654.5425299374402,662.7353967090388,14386020,-7.0899658203125,0.41875771205761203
2022-12-05,655.866943359375,659.6630747807742,653.0654475341939,657.2554303703021,10292500,-1.50665283203125,0.41587109883314644
2022-12-06,659.6187133789062,663.2080322069331,653.0654418046611,657.2406393991919,8409800,3.75177001953125,0.42305915750418865
2022-12-07,652.3958129882812,662.2183573870607,650.012750604315,662.2183573870607,9610270,-7.222900390625,0.40922072084292616
2022-12-08,648.1369018554688,657.7920610482306,645.9754371970648,657.7920610482306,11377840,-4.2589111328125,0.40106102476932826
2022-12-09,641.7854614257812,651.6868003887276,639.0824134989169,650.1604984786748,11312920,-6.3514404296875,0.38889222811693425
2022-12-12,640.7072143554688,643.9075499714252,629.4321737803,640.8647428945579,11000480,-1.0782470703125,0.3868264023432495
2022-12-13,651.8936157226562,654.6409591724566,640.7564499796543,640.7564499796543,9586360,11.1864013671875,0.40825855541408673
2022-12-14,655.3499145507812,658.6339124791384,652.5335737944692,655.6256044939981,6782830,3.456298828125,0.4148805174831587
2022-12-15,652.41552734375,661.1401809909034,650.3082749342321,653.0654753645289,8577060,-2.93438720703125,0.4092584917998434
2022-12-16,649.6090698242188,659.298728101546,645.9754554830284,648.9296115294446,8802330,-2.80645751953125,0.4038815680536756
2022-12-19,658.4813842773438,660.2538658564669,649.6189162792704,649.9241766617723,6595590,8.872314453125,0.42088013579769923
2022-12-20,654.1337890625,659.6482494551601,648.4372182297383,655.8226079590064,6077160,-4.34759521484375,0.4125505288869473
2022-12-21,642.6962890625,659.1608157491514,640.5594664719038,659.1608157491514,6223900,-11.4375,0.39063729310169015
2022-12-22,639.1463623046875,647.4524610549599,630.9092010667456,646.9601017689865,8497060,-3.5499267578125,0.38383594822174816
2022-12-23,627.7188110351562,636.7190943741662,624.3165910605899,635.143568477841,9943030,-11.42755126953125,0.3619417733218704
2022-12-26,633.5383911132812,637.1030675821662,620.3727084423128,627.7236591231409,5305350,5.819580078125,0.3730915727031283
2022-12-27,640.5299682617188,643.0213355165005,633.1741481425877,636.7191115562115,7810350,6.9915771484375,0.38648681454483547
2022-12-28,637.713623046875,646.9601454868704,636.5270803612648,637.6053184212307,7559340,-2.81634521484375,0.38109094685123535
2022-12-29,641.1405029296875,642.0857943838265,630.4562693381356,634.1588211400672,5218800,3.4268798828125,0.3876565448297993
2022-12-30,647.4722290039062,661.7210790867565,641.5442034704415,644.9907187615337,15202660,6.33172607421875,0.399787570525276
2023-01-02,645.3600463867188,650.8990893177511,638.5654630170009,646.4678549729252,5793400,-2.1121826171875,0.39574081592750976
2023-01-03,650.52978515625,655.8226481196783,643.0213051383632,646.4678205564096,7420810,5.16973876953125,0.40564557698586357
2023-01-04,647.05859375,653.6562206528525,644.9907086487498,649.4219425249626,6712530,-3.47119140625,0.3989950820576962
2023-01-05,600.683349609375,639.082451415914,593.2979591846919,639.082451415914,51023000,-46.375244140625,0.31014422658645047
2023-01-06,588.9010620117188,604.6122633591887,585.0803492165041,603.6324732067962,29319220,-11.78228759765625,0.2875704083379562
2023-01-09,590.1764526367188,598.5120634660005,586.4000344722061,592.8007065529271,14005480,1.275390625,0.2900139436808138
2023-01-10,581.3927001953125,592.3083291956806,578.5222666707604,590.7328032338178,11203750,-8.78375244140625,0.27318505289804973
2023-01-11,580.5654907226562,585.8091293794344,577.5916212660985,583.9381399658806,11088910,-0.82720947265625,0.2716001929008376
2023-01-12,580.8264770507812,587.3748200353668,576.7497274005243,581.6290251575169,14769490,0.260986328125,0.2721002195626896
2023-01-13,588.6450805664062,589.3540490694942,578.2267415336179,582.9533785282215,11084900,7.818603515625,0.2870799705877676
2023-01-16,591.904541015625,597.9408108545704,588.3250792199182,590.8311712760601,9083390,3.25946044921875,0.29332480777740266
2023-01-17,589.3491821289062,592.7956973951656,584.9228766165784,592.7956973951656,8170050,-2.55535888671875,0.2884289667456543
2023-01-18,590.6982421875,595.6563342377351,589.3541108493245,591.220171920138,7962810,1.34906005859375,0.29101364619067627
2023-01-19,592.05712890625,593.7508761488294,586.9562937786649,589.1571254215723,5481420,1.35888671875,0.2936171526451832
2023-01-20,577.08447265625,592.7759613049145,574.7999182684042,592.0620643535365,8330900,-14.97265625,0.26493087096318524
2023-01-23,577.3405151367188,584.4305012242946,575.1741221512851,579.1129966329989,8560640,0.25604248046875,0.265421425651321
2023-01-24,576.5577392578125,583.0519303703655,575.3366976607794,580.2307208525108,6081450,-0.78277587890625,0.2639216964796065
2023-01-25,570.7330932617188,576.5576822810236,568.8719606392941,576.065322969427,8278370,-5.82464599609375,0.25276219124873833
2023-01-27,567.2669067382812,577.1978164299509,559.3202196447655,572.6139220482943,16213520,-3.4661865234375,0.2461212852322341
2023-01-30,592.9778442382812,597.3499972625272,568.1875652988128,568.1875652988128,24481600,25.7109375,0.2953811615773714
2023-01-31,579.6448364257812,595.7548201119877,578.423794840623,595.7548201119877,19967880,-13.3330078125,0.2698363009065965
2023-02-01,572.83056640625,588.9011837309168,562.1661055429536,585.3168531337257,26348660,-6.81427001953125,0.2567807638012505
2023-02-02,563.0276489257812,573.0077816271294,555.8736538191793,573.0077816271294,20250440,-9.80291748046875,0.23799924317760635
2023-02-03,592.234375,593.7853188233877,565.9227227232062,568.1826350930261,14868920,29.20672607421875,0.2939567404435972
2023-02-06,601.0919189453125,603.0417026688076,586.4590147800754,590.8311678260867,10738200,8.8575439453125,0.3109270092044196
2023-02-07,606.6408081054688,608.7530487289683,600.6783442125062,602.9382565640942,14721930,5.54888916015625,0.3215581887902348
2023-02-08,625.4588012695312,627.9550967109597,606.8624400033925,607.0790492577603,19032080,18.8179931640625,0.35761179501619833
2023-02-09,635.6359252929688,638.8658315007258,623.843942819029,627.7483188344424,18381540,10.1771240234375,0.37711026219358756
2023-02-10,633.715576171875,642.7848551582264,632.1892745233439,635.5324130505301,12912820,-1.92034912109375,0.373431043563595
2023-02-13,624.8532104492188,637.4231585036655,620.0822774153853,633.6615260296352,7365570,-8.86236572265625,0.35645153670495056
2023-02-14,636.000244140625,637.3443755120701,621.3574822900994,625.6705548834475,10340900,11.14703369140625,0.3778082647999006
2023-02-15,639.0775146484375,639.6732502354428,629.9540813719826,635.1435682085827,6189790,3.0772705078125,0.3837040422174054
2023-02-16,633.8928833007812,642.5042426245285,632.1893393605231,640.5594474361687,5290480,-5.18463134765625,0.37377074829995616
2023-02-17,631.8644409179688,637.6841621800075,627.0196416696812,631.2046962077198,6160440,-2.0284423828125,0.36988443256562786
2023-02-20,627.0097045898438,634.508327026849,624.6069888291743,632.6816932774865,4657320,-4.854736328125,0.3605831882523203
2023-02-21,628.1766357421875,631.0323438816329,625.4933014492701,629.7275796437405,4485090,1.16693115234375,0.36281892486315925
2023-02-22,610.392578125,626.2810221637382,609.0484468683524,623.4253142166646,9347000,-17.7840576171875,0.32874624746127723
2023-02-23,610.7569580078125,616.6751267160316,602.9087792094288,611.9041937016673,8097680,0.3643798828125,0.32944436700553736
2023-02-24,614.09521484375,618.9941664593663,610.5256094658248,615.8184726124035,6077610,3.3382568359375,0.33584017108489417
2023-02-27,609.9839477539062,614.5628531746529,604.1248600733722,612.0026088599851,5950040,-4.11126708984375,0.32796334790536075
2023-02-28,601.869873046875,615.1142900447776,599.6936233188021,612.4949650316829,9778520,-8.11407470703125,0.3124175002783123
2023-03-01,606.0795288085938,610.9145309173117,600.6882183748093,600.6882183748093,5448040,4.20965576171875,0.3204828274285907
2023-03-02,599.0043334960938,611.4709050693656,597.729139692784,607.0987519269909,5822980,-7.0751953125,0.30692738059933977
2023-03-03,600.683349609375,604.7157439320706,598.0196686341835,602.8251008120409,7120370,1.67901611328125,0.31014422658645047
2023-03-06,604.1101684570312,608.8515916466014,602.6528039385217,604.6173130383239,6084770,3.42681884765625,0.31670970762706707
2023-03-08,590.52099609375,603.5340793855903,589.3541069077302,603.5340793855903,13427950,-13.58917236328125,0.29067405839226224
2023-03-09,581.112060546875,594.7701043264393,580.009180393407,590.8312294633503,9408580,-9.408935546875,0.2726473722172278
2023-03-10,578.4385375976562,579.7433019499513,569.2658801213009,577.5375415865432,7708610,-2.67352294921875,0.2675251393198703
2023-03-13,574.4405517578125,585.6614404550556,572.2200063052675,577.931422785115,7933560,-3.99798583984375,0.2598653529701771
2023-03-14,564.3964233398438,576.0603864173556,562.879918216012,575.0756678080952,13725650,-10.04412841796875,0.24062169357954533
2023-03-15,563.135986328125,573.1062628073771,561.3880866574459,571.1368254781421,6794730,-1.26043701171875,0.2382068080337305
2023-03-16,562.776611328125,566.7056294467311,557.8431608715432,564.2142622091911,8849630,-0.359375,0.23751827740113374
2023-03-17,564.4752197265625,572.7862481082019,560.117851421152,565.2334723719929,10471510,1.6986083984375,0.24077266046926726
2023-03-20,546.59765625,565.2728121718287,540.1871280909953,565.1300688343298,17127560,-17.8775634765625,0.2065208341324094
2023-03-21,562.2842407226562,562.7667432745995,550.0786330683665,551.6197202550104,11301140,15.68658447265625,0.23657493898177928
2023-03-22,574.5045776367188,576.7497651629784,564.7361847826803,566.1935492525579,12425340,12.2203369140625,0.2599880208766978
2023-03-23,574.391357421875,580.9840565984529,568.4288926634863,572.0723640219691,10544190,-0.11322021484375,0.2597711009848047
2023-03-24,556.2921752929688,574.0663350315745,554.1208538255656,571.5208757687667,12780420,-18.09918212890625,0.22509467296198205
2023-03-27,550.7581176757812,563.7514888985867,549.9211307725503,561.09273623176,11187430,-5.5340576171875,0.2144919092973152
2023-03-28,544.9876098632812,553.845149139584,543.8305774925232,553.5152467613651,9481360,-5.7705078125,0.20343612802553546
2023-03-29,553.9240112304688,555.9721829594602,547.0112663633499,547.7153667156339,11096120,8.9364013671875,0.22055748061402713
2023-03-31,553.0918579101562,560.6988458480981,550.0835495259977,560.6988458480981,12678280,-0.8321533203125,0.21896314864309896
2023-04-03,562.7716674804688,564.637728656483,554.6132393641805,556.8584268574549,7453860,9.6798095703125,0.23750880542741748
2023-04-05,567.325927734375,585.6170876179413,565.5386610841674,574.2878953984564,24333290,4.55426025390625,0.24623436422709166
2023-04-06,584.1547241210938,586.7938227918395,561.8360992590871,567.2963469279227,17405020,16.82879638671875,0.2784768458187201
2023-04-10,573.9728393554688,587.8672057561976,572.2200112242847,585.4103374134963,9282570,-10.181884765625,0.25896925748145594
2023-04-11,574.8541259765625,579.0145380294148,572.2347408376268,576.8481450843242,8116200,0.88128662109375,0.2606577244998096
2023-04-12,576.7447509765625,578.694474515448,569.7581414581367,574.7802422345154,10230690,1.890625,0.2642799943495584
2023-04-13,581.4222412109375,584.6275053941237,576.099807777481,576.7448273764676,8330060,4.677490234375,0.2732416508644522
2023-04-17,587.03515625,590.6342718918517,580.9840405273137,590.6342718918517,6728570,5.6129150390625,0.28399549835678806
2023-04-18,582.5250854492188,590.2403776407479,578.0544844545665,588.369388181281,6408890,-4.51007080078125,0.2753546026308231
2023-04-19,585.6860961914062,586.8923525730764,579.014602874109,582.5251274878098,5549280,3.1610107421875,0.2814108189117661
2023-04-20,582.2346801757812,587.478259488269,579.6202230200661,586.8923806755354,4367310,-3.451416015625,0.2747982118784631
2023-04-21,584.7161254882812,585.4152974383406,573.8940760317613,582.2641854148159,6431010,2.4814453125,0.2795524410562584
2023-04-24,584.3074340820312,587.3551094814027,578.7191677146304,584.9228832436934,5448920,-0.40869140625,0.27876942456239484
2023-04-25,598.2412109375,599.9595401421169,583.8101305365852,586.8824478601811,14944750,13.93377685546875,0.30546530544659545
2023-04-26,596.3406982421875,602.6281368209708,592.1409186225487,600.6784130082559,9740070,-1.9005126953125,0.30182409164941437
2023-04-27,610.530517578125,615.8873896679007,597.330334659734,598.2166055237158,28271360,14.1898193359375,0.32901052722175095
2023-04-28,618.4132080078125,619.9788771026875,601.7615809286756,614.8485310781757,14896680,7.8826904296875,0.34411306309129674
2023-05-02,615.3654174804688,623.7848098003745,612.9676300343461,623.3268891949851,9912540,-3.04779052734375,0.33827376670224707
2023-05-03,608.580810546875,615.9415589327853,606.1878911687692,614.2724534912477,6682510,-6.78460693359375,0.3252750614391975
2023-05-04,629.2598876953125,630.1215165528652,608.7678940700747,610.230186906588,12451410,20.6790771484375,0.36489433954850736
2023-05-05,629.220458984375,634.9466005824656,623.4893889846277,628.2455970956864,11600400,-0.0394287109375,0.36481879763467284
2023-05-08,655.6207275390625,659.2789837175087,629.0382527638926,629.673415517007,22247350,26.4002685546875,0.41539937115449566
2023-05-09,645.2122192382812,663.6855497504256,644.2029187369524,654.8378675732911,21307700,-10.40850830078125,0.39545759221960397
2023-05-10,653.0161743164062,656.3149576394034,642.5288970138196,649.0230874379074,8353210,7.803955078125,0.41040927813737493
2023-05-11,656.1622924804688,657.7920306270836,652.3760782791061,655.7241455897466,5674940,3.1461181640625,0.4164369615592225
2023-05-12,661.1795043945312,663.0750758086454,650.3771093606697,654.8379137728433,9120780,5.0172119140625,0.4260494946877429
2023-05-15,660.9727172851562,664.6851260366966,658.3632487777475,661.1795298501422,7390760,-0.206787109375,0.42565330892292663
2023-05-16,668.0922241210938,674.4338145097428,659.7614828647534,661.7309201270361,12651330,7.1195068359375,0.4392936527017812
2023-05-17,660.2588500976562,670.6377640829513,656.0196430923529,668.1316716935714,7407850,-7.8333740234375,0.424285602693502
2023-05-18,668.5648803710938,672.6268447885885,664.2075123800907,665.6500915400799,11067180,8.3060302734375,0.4401992201642184
2023-05-19,668.0527954101562,671.5781049304139,660.9431557584586,669.6086676725536,5928340,-0.5120849609375,0.4392181107879467
2023-05-22,668.9243774414062,671.3812459665587,665.8569880865044,668.0528917127818,4197920,0.87158203125,0.4408879846727094
2023-05-23,667.6934204101562,676.8907193685205,665.3842839441708,670.5983525499395,7901960,-1.23095703125,0.4385295801553497
2023-05-24,668.2251586914062,674.3895073819222,662.6910443947199,666.5561133817886,5539360,0.53173828125,0.4395483435505916
2023-05-25,673.6607666015625,674.3352964496577,664.3010113450472,667.4422661352725,5302600,5.43560791015625,0.44996248630656654
2023-05-26,679.8989868164062,681.4252886650349,673.6657010899592,674.1974275107041,6940730,6.23822021484375,0.46191436306706724
2023-05-29,682.6119384765625,686.5360280439613,679.6331403889623,683.4144866155344,6407280,2.71295166015625,0.4671121378782592
2023-05-30,689.874267578125,691.1494615101204,682.4150111466774,684.1825644457326,8819230,7.2623291015625,0.48102611645335625
2023-05-31,688.3035888671875,691.8633373656315,682.1441685656824,689.7855953248534,21476270,-1.5706787109375,0.47801683532236994
2023-06-01,693.2911376953125,694.9454577772761,684.4877507610541,691.6663880213534,5900260,4.987548828125,0.4875725366085937
2023-06-02,691.656494140625,699.1501880698556,689.795361609766,696.7622575465863,6642090,-1.6346435546875,0.48444070450903376
2023-06-05,693.5570678710938,698.3230726246503,690.5881266264698,696.196106721051,5771620,1.90057373046875,0.4880820352441617
2023-06-06,700.52392578125,702.3013356878837,691.7648343751308,691.7648343751308,6905860,6.96685791015625,0.5014299172172885
2023-06-07,697.1759033203125,703.1875916830942,695.4083501024743,701.1197064774449,5344830,-3.3480224609375,0.4950154030663936
2023-06-08,690.297607421875,700.233384611503,688.8254578974381,697.1807809393324,4553600,-6.8782958984375,0.48183719805452685
2023-06-09,692.9613037109375,697.4269762951523,690.4896503098628,690.5585878269096,4473610,2.6636962890625,0.48694060394239913
2023-06-12,698.923828125,700.1350129230075,693.3995104042349,694.2414857831197,5132550,5.9625244140625,0.4983642719957939
2023-06-13,705.7232055664062,708.9974070011735,699.1502207928239,699.1502207928239,8001340,6.79937744140625,0.5113912762420447
2023-06-14,698.840087890625,707.2249820419386,697.3827234480685,707.2249820419386,4015200,-6.88311767578125,0.49820383313235594
2023-06-15,701.76953125,703.2564659528567,694.8174203359279,698.6578469181081,4370180,2.929443359375,0.5038163868419552
2023-06-16,709.3125,710.8289449875243,702.2028005465812,706.0432270779445,14148580,7.54296875,0.5182680460978744
2023-06-19,727.3329467773438,728.5786304009215,709.219026425691,710.1742348513169,11845900,18.02044677734375,0.552793624168922
2023-06-20,713.8028564453125,726.3432339691816,709.095872471388,726.3432339691816,8638260,-13.53009033203125,0.5268711708669218
2023-06-21,709.60302734375,717.4561947163365,706.7325940876074,716.3828249321817,5468040,-4.1998291015625,0.5188246707261286
2023-06-22,692.2572631835938,709.4061181304094,691.2725444592927,709.0073383003473,8271940,-17.34576416015625,0.4855917247224595
2023-06-23,688.283935546875,694.7190458339326,684.9801634245122,691.3660497968502,8152260,-3.97332763671875,0.4779791813033998
2023-06-26,689.175048828125,692.7495823983772,683.8871143932806,688.3183483958289,5635390,0.89111328125,0.4796864753312384
2023-06-27,691.1986083984375,692.2571929401386,684.7733554358218,692.2571929401386,7097890,2.0235595703125,0.4835634360297978
2023-06-28,698.1852416992188,701.6120433941683,693.241934806308,694.655003675572,7097820,6.98663330078125,0.4969492058977889
2023-06-30,708.11376953125,711.51559773599,701.2507813653203,702.1210206984753,8879080,9.92852783203125,0.5159713848165899
2023-07-03,725.1625366210938,727.3381352290382,708.0545272929863,708.1138590569371,12092270,17.04876708984375,0.5486353107696107
2023-07-04,777.3221435546875,783.2110770760802,752.8171616958847,756.5106994484865,41622080,52.15960693359375,0.6485684924266308
2023-07-05,775.17626953125,791.112430288278,769.3664649278425,779.250544696842,19786660,-2.1458740234375,0.6444571880820587
2023-07-06,768.0067138671875,773.7176522515389,764.9163923080888,768.970870050489,10459840,-7.1695556640625,0.6307209551865722
2023-07-07,753.7764282226562,766.2910240700928,752.1200278472285,763.4330800487938,10949150,-14.23028564453125,0.6034569897553004
2023-07-10,744.96533203125,754.5280067236724,734.9823252958943,753.7764308192204,14515180,-8.81109619140625,0.5865757107722303
2023-07-11,736.1393432617188,759.4774275699498,729.9092067024096,748.3028368660752,16750430,-8.82598876953125,0.5696658989300647
2023-07-12,734.94775390625,742.4683417182324,731.6052570214027,738.7006237969854,11317550,-1.19158935546875,0.5673829193885924
2023-07-13,739.1654052734375,743.9417629643731,733.3703882356988,738.705538853855,7470520,4.2176513671875,0.5754635654099425
2023-07-14,739.9317626953125,743.5462318437566,731.778262939339,739.106067385201,7266000,0.766357421875,0.5769318382738837
2023-07-17,742.760009765625,745.8305943757243,735.941565175192,743.6549958800384,5067440,2.8282470703125,0.5823505088671708
2023-07-18,733.7659912109375,747.1161810779829,729.1280339465168,743.6550207420822,13097090,-8.9940185546875,0.5651187668566051
2023-07-19,750.0531616210938,751.4673458981355,734.7548625660792,735.9366087871717,9759430,16.28717041015625,0.5963235411055594
2023-07-20,751.2299194335938,755.2399736423955,741.8749370149387,746.7205248101284,6494360,1.1767578125,0.5985781047258836
2023-07-21,749.761474609375,757.2722238262216,744.9504714625906,751.2299809896789,6733940,-1.46844482421875,0.59576469465631
2023-07-24,749.74658203125,755.9964554848598,747.6451634082008,749.7515313742846,5843420,-0.014892578125,0.5957361617972148
2023-07-25,752.2041015625,756.4514228203863,745.7366376590052,756.4514228203863,8508690,2.45751953125,0.6004445512997421
2023-07-26,735.0663452148438,764.8175100299142,724.9646757580742,755.0273473940453,22288660,-17.13775634765625,0.5676101298198315
2023-07-27,720.3267822265625,749.380756168841,718.7050272358173,749.380756168841,21471720,-14.73956298828125,0.5393704341578551
2023-07-28,729.9685668945312,731.254189001507,712.9990190187492,723.7780851969835,10070500,9.64178466796875,0.557843238601123
2023-07-31,721.9288330078125,728.8115587529832,720.0251465864335,726.3492001211957,7493150,-8.03973388671875,0.5424398213936572
2023-08-01,718.9027709960938,724.8658849422148,716.3613434502885,721.9288720609418,7527650,-3.02606201171875,0.5366421549137794
2023-08-02,712.3512573242188,720.9102412174343,706.5711486280615,720.9102412174343,8985360,-6.551513671875,0.5240900356707514
2023-08-03,702.9468383789062,714.4131389196965,694.0170159187077,709.5378547010682,10818980,-9.4044189453125,0.506072002903803
2023-08-04,706.93701171875,712.5045398777197,699.2829129254101,705.9778048769389,7313490,3.99017333984375,0.5137168211962659
2023-08-07,704.3115234375,710.3042727499725,699.3125660356488,708.2522871085881,7184090,-2.62548828125,0.5086866184632857
2023-08-08,709.3993530273438,712.5045225455547,700.65253605613,705.5822024097894,8073620,5.08782958984375,0.518434448796615
2023-08-09,704.6279296875,713.3946049498472,701.1321843525876,712.0101166909211,5115720,-4.77142333984375,0.5092928247811157
2023-08-10,706.4574584960938,709.4390154391243,701.3299990064912,702.126058655093,6161300,1.82952880859375,0.512798039745805
2023-08-11,698.224853515625,707.9556856453397,695.3026282347329,706.4574831064095,6303960,-8.23260498046875,0.49702509862546473
2023-08-14,694.0169677734375,698.0566577048834,686.3529705713986,696.1876168045688,6937850,-4.2078857421875,0.48896316267565254
2023-08-16,690.402587890625,691.6387165229881,684.3208108762607,691.6387165229881,5987950,-3.6143798828125,0.4820383313235599
2023-08-17,684.6422119140625,694.209835394404,682.6396593995953,694.209835394404,7101180,-5.7603759765625,0.47100196175100084
2023-08-18,678.5950927734375,683.9054966119958,676.9040470556215,681.7002020625492,7455330,-6.047119140625,0.4594162177029084
2023-08-21,696.99853515625,698.4620921042072,672.5528245754601,672.5528245754601,12308310,18.4034423828125,0.49467558139208556
2023-08-22,699.1494140625,707.4116786323672,697.176557568646,697.2803730605823,12487800,2.15087890625,0.4987964746483209
2023-08-23,703.747802734375,706.9666864071334,692.528668280197,702.121038197563,8032480,4.598388671875,0.507606579583757
2023-08-24,705.8245239257812,710.6206790405837,704.19775927533,707.0656019438347,9103600,2.07672119140625,0.5115853932342511
2023-08-25,713.1473999023438,719.7334671153359,702.2199738137514,703.6044621128395,13032760,7.3228759765625,0.5256153742528835
2023-08-28,715.5306396484375,718.0424314953203,705.8888355684554,714.4774555576948,7036260,2.38323974609375,0.5301814502737752
2023-08-29,721.2415161132812,722.9819345114156,715.5701121270181,716.9546003259571,14183050,5.71087646484375,0.5411229831712263
2023-08-30,718.7445678710938,724.9549075174418,717.7457662104422,724.4702943597567,4602680,-2.4969482421875,0.5363390517548645
2023-08-31,708.3511962890625,720.4158247811259,705.5822800018303,719.9213732884828,14129800,-10.39337158203125,0.5164262734308565
2023-09-01,723.9362182617188,724.8064575987127,707.5599894731322,708.899933520938,6760760,15.58502197265625,0.5462857935362317
2023-09-04,718.9571533203125,728.821435581415,717.7853058008894,728.821435581415,5813630,-4.97906494140625,0.5367463466246565
2023-09-05,726.3590698242188,727.6792165505018,719.9213023669519,720.2179611617435,12213530,7.40191650390625,0.5509277622847992
2023-09-06,730.5817260742188,731.4914998577635,720.9794570202578,723.4121799251719,6051570,4.22265625,0.5590179972178124
2023-09-07,728.1489868164062,730.5817096666859,722.2650025201771,729.8103364368986,5496220,-2.4327392578125,0.5543570845218126
2023-09-08,732.8413696289062,736.7277509931089,728.8214767087295,730.7992826156731,6246420,4.6923828125,0.5633472738958019
2023-09-11,730.9624633789062,736.1394164495877,728.0303997878608,734.2604766087287,4068490,-1.87890625,0.5597474561318985
2023-09-12,734.8834228515625,737.6227032212357,722.4430073687112,733.8648238845564,9635170,3.92095947265625,0.567259666792336
2023-09-13,739.2939453125,742.4930317070101,729.8746210501239,734.6856239997034,5798460,4.4105224609375,0.5757098367265607
2023-09-14,741.113525390625,742.8342068543316,734.4631772415403,739.2939777757487,6503720,1.819580078125,0.5791959908058708
2023-09-15,740.9058227539062,748.119913071407,737.2815152515639,741.5783298598583,7874940,-0.20770263671875,0.578798050971848
2023-09-18,746.4882202148438,747.6106347271459,738.2160566452571,740.5795491959524,7066180,5.5823974609375,0.5894934294906278
2023-09-20,745.533935546875,756.2140750115316,739.9960429800516,740.5547755441771,8441900,-0.95428466796875,0.5876651046875279
2023-09-21,740.1146850585938,749.9493315562049,734.260396841882,744.6438772012622,6757250,-5.41925048828125,0.577282301301379
2023-09-22,738.843994140625,749.2917559238169,737.0886673112819,741.0789244011612,5263040,-1.27069091796875,0.5748477701804493
2023-09-25,773.3072509765625,776.2789091396079,742.6661078694559,749.0939769788454,23475330,34.4632568359375,0.6408763142655876
2023-09-26,778.3308715820312,781.2283498665388,768.8720128298175,773.3121772402229,12468200,5.02362060546875,0.6505011258785549
2023-09-27,775.0576171875,776.7832479638334,765.6828367684684,776.7832479638334,7441100,-3.27325439453125,0.6442298607128725
2023-09-28,765.31201171875,774.2121382056094,763.240228667118,771.8140002825958,7775050,-9.74560546875,0.6255581448215668
2023-09-29,772.4073486328125,776.0909878109832,763.9274941504476,765.3119823606537,5730050,7.0953369140625,0.6391521811733647
2023-10-03,787.9182739257812,788.6994854777103,766.8941888903087,769.445575239037,9445550,15.51092529296875,0.6688697386109457
2023-10-04,776.6893310546875,795.374610785803,773.3220876221122,793.5945975917456,11763840,-11.22894287109375,0.6473560797909712
2023-10-05,776.3778076171875,782.7018006462241,774.004416503966,782.7018006462241,7950610,-0.3115234375,0.6467592285089103
2023-10-06,807.790283203125,810.1092919589993,775.7943482320424,776.2887996968174,21450340,31.4124755859375,0.7069427462455904
2023-10-09,793.8616333007812,804.4725425437314,792.9023660618836,801.2141242531701,7478000,-13.92864990234375,0.6802566881489471
2023-10-10,799.3895874023438,804.4725631353267,793.1990451756633,796.5613394044323,9650240,5.5279541015625,0.6908477580189027
2023-10-11,801.2042236328125,808.2303596975008,800.5614125795436,804.947194698199,7123720,1.81463623046875,0.6943244401244968
2023-10-12,792.5364379882812,803.681392902601,791.418972890995,803.4836002525088,7640920,-8.66778564453125,0.6777177314412461
2023-10-13,796.22998046875,799.3203020262785,786.7760711742726,791.077834997058,6622820,3.69354248046875,0.6847942313107436
2023-10-16,794.6823120117188,797.9457397271984,789.4065538968514,795.5031182835025,4382460,-1.54766845703125,0.6818290357858183
2023-10-17,800.3191528320312,806.845948577647,796.8135087417634,799.0335910566035,8382830,5.6368408203125,0.6926287229534223
2023-10-18,777.9254760742188,799.4884975720454,776.288812726577,796.0668716495471,15446420,-22.3936767578125,0.6497244240338353
2023-10-19,775.4531860351562,783.5077591488215,764.5208113112154,775.6262319718718,10614530,-2.4722900390625,0.6449877355481068
2023-10-20,768.2984619140625,774.5433864486874,763.6803020443698,772.333202844484,7711530,-7.15472412109375,0.6312799185737688
2023-10-23,771.2355346679688,779.7400758783622,767.5221992692816,771.3442995063751,8822300,2.93707275390625,0.6369070895267568
2023-10-25,760.9063720703125,776.9760436237631,759.0818148986282,771.2354697363791,7087740,-10.32916259765625,0.617117329923111
2023-10-26,733.9439697265625,757.1040594590235,731.9068321040157,754.0483832041258,13246300,-26.96240234375,0.5654597579103844
2023-10-27,742.38916015625,746.5228274156469,733.4297022478072,742.6611325983672,9119440,8.4451904296875,0.5816399939005168
2023-10-30,741.978759765625,744.3323534221029,727.0908343181081,742.2507321976938,7992760,-0.410400390625,0.5808537031441341
2023-10-31,740.9503784179688,749.5587350831453,737.7710288972904,748.5797308263745,7494100,-1.02838134765625,0.5788834156732399
2023-11-01,738.8983764648438,746.5228397198252,737.4892018730178,743.6549971038137,4627780,-2.052001953125,0.5749519618913264
2023-11-02,736.6436157226562,753.0495410134125,732.8956955467637,744.6438665569267,8550300,-2.2547607421875,0.5706320402491059
2023-11-03,732.9254150390625,745.430051278167,729.0637202082291,744.4460977124863,11387550,-3.71820068359375,0.5635082974489753
2023-11-06,747.8133544921875,748.7923587322433,736.0009017912865,737.3259979125064,6340430,14.887939453125,0.5920322692603817
2023-11-07,741.2421264648438,755.5218881259358,736.3371458811691,755.5218881259358,15630070,-6.57122802734375,0.5794423790604364
2023-11-08,737.7166137695312,745.2372010065922,732.4457444143882,744.3472246116446,9167170,-3.5255126953125,0.572687809359339
2023-11-09,730.472900390625,740.1938329594809,728.495094557734,740.1938329594809,7717910,-7.24371337890625,0.5588094968581112
2023-11-10,736.2184448242188,737.1282789908291,726.492622993853,728.8214701136949,4962610,5.74554443359375,0.5698174505095221
2023-11-13,727.9166870117188,736.7327355342866,723.7781303680314,736.5152058458964,7322400,-8.3017578125,0.5539120186951034
2023-11-15,714.4131469726562,739.3236145596386,704.0148180250579,735.6844589667159,19234400,-13.5035400390625,0.5280404334000972
2023-11-16,728.0748291015625,729.8795890110422,685.4333398092524,686.7485975995427,45570430,13.66168212890625,0.5542150049160715
2023-11-17,714.0867919921875,717.9435376183999,702.9171501356352,706.1261353615141,20800340,-13.988037109375,0.527415166196888
2023-11-20,699.015869140625,715.8668126970628,697.1864229718058,707.1644191431084,19029400,-15.0709228515625,0.4985406144200393
2023-11-21,702.4326171875,704.9741050692668,695.1987895307713,700.6377558784516,16662250,3.416748046875,0.5050868006993825
2023-11-22,704.9246215820312,709.8196426586155,698.709333045161,700.7811160100655,10414040,2.49200439453125,0.5098612601420283
2023-11-23,699.5153198242188,708.0545063845899,697.7698916459213,705.5822490298951,6061580,-5.4093017578125,0.4994975176412588
2023-11-24,694.2890014648438,703.7824456612401,693.3198355285142,702.9122062348217,7264990,-5.226318359375,0.4894843551059318
2023-11-28,704.8455200195312,705.5822478814035,695.1888683219288,695.693218478721,7281580,10.5565185546875,0.5097097085625708
2023-11-29,705.09765625,708.9049082171309,703.5104864328264,705.4833428613379,6824300,0.25213623046875,0.5101927792220915
2023-11-30,704.2867431640625,708.4104512655188,700.7019702309718,705.2855447281921,12719340,-0.8109130859375,0.5086391416567582
2023-12-01,717.8792114257812,719.9064502628647,706.2744505882342,708.0544637047503,9004770,13.59246826171875,0.534681105540707
2023-12-04,732.5447387695312,733.7660194777919,723.3874874136712,725.8547955481122,11014260,14.66552734375,0.5627789554728364
2023-12-05,726.8238525390625,735.7437762375278,723.8818904801752,734.7548733124773,15222420,-5.72088623046875,0.5518182447520588
2023-12-06,734.4680786132812,737.6226812099829,728.3319193520455,730.7992272052545,7018000,7.64422607421875,0.5664639040622372
2023-12-07,730.9179077148438,735.743758702704,724.4702414826704,730.7992441952933,6688620,-3.5501708984375,0.5596620914305066
2023-12-08,722.6506958007812,731.6002550106168,719.3279965291479,730.8536284894523,11443880,-8.2672119140625,0.5438228464941537
2023-12-11,721.1821899414062,727.1106580262348,718.9373610333108,724.3713776658078,5900550,-1.468505859375,0.541009319486633
2023-12-12,723.3380737304688,727.2393033783371,719.9213969040297,719.9213969040297,6333120,2.1558837890625,0.5451398016545317
2023-12-13,717.7456665039062,722.344088835766,712.7022861819896,721.8842224594443,6829550,-5.5924072265625,0.5344252453124254
2023-12-14,739.1257934570312,742.7896956257157,721.90902041276,728.6730824926539,17295670,21.380126953125,0.5753876726822666
2023-12-15,743.16552734375,744.5351676071671,736.2382572471354,744.5302182637156,11739380,4.03973388671875,0.5831274445877845
2023-12-18,750.3400268554688,752.5551598500715,744.2483507624639,746.4239493671085,10827980,7.17449951171875,0.596873149456987
2023-12-19,754.7949829101562,755.6800099581673,745.1383316511178,755.6206781987596,7914080,4.4549560546875,0.6054084502167094
2023-12-20,741.078857421875,760.960729553331,737.7363610196413,756.5106668074052,8745460,-13.71612548828125,0.5791295700519112
2023-12-21,728.5396728515625,739.402757412856,722.4430474564191,734.4186478509464,9130820,-12.5391845703125,0.5551056043212781
2023-12-22,721.4343872070312,735.7437837059992,716.2623838131826,733.6621623421479,11294850,-7.10528564453125,0.5414925070841008
2023-12-26,708.2819213867188,726.2503309593596,706.5958853602687,724.3713912620949,12258440,-13.1524658203125,0.5162935488608842
2023-12-27,715.2537841796875,724.2132428622983,711.1102782337936,713.978060692493,16052790,6.97186279296875,0.5296510197456741
2023-12-28,717.8099975585938,720.9102178233607,712.0100916773932,719.4268634656994,18560640,2.55621337890625,0.5345484979086819
2023-12-29,724.6434326171875,726.1514735038018,712.5194719683013,715.1400287493351,9128020,6.83343505859375,0.5476407535294212
2024-01-01,721.80517578125,725.5530959166534,719.2290427705543,725.5530959166534,3314890,-2.8382568359375,0.5422029051128077
2024-01-02,734.759765625,736.2480692403091,719.9262229005963,724.2724702333553,11129900,12.95458984375,0.5670227505114867
2024-01-03,730.2850341796875,740.2779395735253,728.6434818334453,736.2332999340783,5534050,-4.4747314453125,0.5584495618568999
2024-01-04,762.0040893554688,764.8126002318069,747.6106144641175,747.6106144641175,29118790,31.71905517578125,0.6192204589019246
2024-01-05,762.5579223632812,770.2565659699699,758.795153715029,764.9115163170187,10526010,0.5538330078125,0.6202815538340212
2024-01-08,765.0152587890625,774.3109701860294,754.6614744046998,759.1807678976411,11212090,2.45733642578125,0.6249895925227071
2024-01-09,763.9719848632812,772.3331759020847,761.2574511927395,768.7731495545083,12470830,-1.04327392578125,0.6229907721927175
2024-01-10,759.5317993164062,764.9411294921276,757.4996111274063,763.0374431491695,5590720,-4.440185546875,0.6144837704161963
2024-01-11,758.4638061523438,770.6817429853727,756.6145624883184,759.4774558061606,6517410,-1.0679931640625,0.6124375902176262
2024-01-12,757.6034545898438,763.3292411436346,753.247368599651,759.8730302560147,8086380,-0.8603515625,0.6107892329151321
2024-01-15,739.5015869140625,761.2525016758187,737.1282561355011,761.2525016758187,9972200,-18.10186767578125,0.5761076596226367
2024-01-16,737.3903198242188,753.0001871844761,734.5472237529737,739.2049785237344,11947230,-2.11126708984375,0.5720626590940772
2024-01-17,727.7188110351562,739.5213645833167,722.116637548373,722.2254627379597,13802710,-9.6715087890625,0.5535329058705656
2024-01-18,718.4923706054688,727.0167091466525,715.3724132059621,721.5035631671136,16869960,-9.2264404296875,0.5358558641573967
2024-01-19,723.7879028320312,730.6805875058703,718.0671260509324,727.8325422943518,8308100,5.2955322265625,0.5460016343247489
2024-01-23,699.2235717773438,727.3380736207916,696.4447570783,727.1303822856321,25332970,-24.5643310546875,0.4989385542540623
2024-01-24,697.70068359375,702.516635830037,691.9155654838189,702.516635830037,20636750,-1.52288818359375,0.4960208355356648
2024-01-25,700.6871948242188,704.6725028077564,695.7921129987375,697.7007488661789,11683490,2.98651123046875,0.5017427262258138
2024-01-29,711.184326171875,714.4773897004653,700.6475972499821,700.6871316368151,18603610,10.49713134765625,0.5218542990599124
2024-01-30,674.1549072265625,691.0948200189839,672.9484745686839,691.0948200189839,41531470,-37.0294189453125,0.4509092159263872
2024-01-31,678.6741333007812,684.4196565982251,673.6406514604074,674.4317616899417,18105120,4.51922607421875,0.45956765234441876
2024-02-01,666.846923828125,680.3602605190216,665.8283248474089,678.9708833006581,19111370,-11.82720947265625,0.43690776776685003
2024-02-02,677.2304077148438,683.3319218680859,667.8061338582696,668.0039265150391,13675080,10.38348388671875,0.4568016021434258
2024-02-05,653.48681640625,681.8485441089881,652.6759087917798,681.7496779629142,17712220,-23.74359130859375,0.4113109866475575
2024-02-06,652.4929809570312,662.4660886093387,646.2480566183943,657.4226475151314,24395330,-0.99383544921875,0.40940688605472886
2024-02-07,663.4747314453125,666.2832423008938,655.1729324594918,656.7304062751721,15382370,10.98175048828125,0.4304469461888989
2024-02-08,650.2679443359375,666.2733355176964,646.4161481875257,665.7146029593122,21932090,-13.206787109375,0.4051439131927521
2024-02-09,658.0654296875,660.3596915985137,649.9069809756037,650.6980912033707,12098740,7.7974853515625,0.42008320368812924
2024-02-12,649.6251831054688,659.7812360828563,647.8798152077181,659.5439090235501,5447840,-8.44024658203125,0.4039124396717131
2024-02-13,653.036865234375,656.532670846935,648.0379682310628,652.6759253268659,9480140,3.41168212890625,0.41044892010144607
2024-02-14,657.2743530273438,658.2137625195079,647.7314156611072,649.101055869035,6361260,4.23748779296875,0.4185675709556076
2024-02-15,654.5944213867188,660.3300464273348,651.2568739291971,657.2248766772686,8808590,-2.679931640625,0.4134330595738034
2024-02-16,654.5745849609375,658.6093256579569,652.8737009595312,657.6253721096629,10294310,-0.01983642578125,0.4133950547409919
2024-02-19,663.8307495117188,673.1362989885329,655.1778493735877,657.5116456678188,13158810,9.25616455078125,0.43112904523440454
2024-02-20,668.8543090820312,671.6628196996451,660.7107086962736,663.7416983093211,11067090,5.0235595703125,0.44075373990942457
2024-02-21,661.4573974609375,671.4650902962242,659.1087529992976,671.4650902962242,8549440,-7.39691162109375,0.42658191316094496
2024-02-22,660.0877685546875,663.2423713736378,648.8192001458722,661.6798878153451,10223740,-1.36962890625,0.4239578256277463
2024-02-23,662.3523559570312,664.4439364604978,655.8998002267024,659.9938730501269,12803110,2.26458740234375,0.4282965742794518
2024-02-26,656.952880859375,663.3560025039205,655.0689920072216,661.5759894916541,8920560,-5.39947509765625,0.4179516587881673
2024-02-27,648.3494262695312,656.82928021757,641.9067097632173,655.7414508758554,11503060,-8.60345458984375,0.4014682027011731
2024-02-28,642.6583251953125,652.3545109230957,640.314630142184,649.9070003795892,5353210,-5.69110107421875,0.39056455769858633
2024-02-29,642.3270263671875,646.6436382785132,629.5553669879544,642.6880266306442,16990980,-0.331298828125,0.3899298185216611
2024-03-01,649.8526611328125,653.5363005506429,642.9946214544225,643.9488790194872,9190800,7.525634765625,0.4043482674006005
2024-03-04,652.9181518554688,656.62653751165,648.4680890680513,651.4891800063461,3971180,3.06549072265625,0.4102214757943128
2024-03-05,625.4069213867188,656.260704773303,620.2399277375183,652.9182080522155,17175580,-27.51123046875,0.35751239776115296
2024-03-06,624.121337890625,627.5479129698282,611.9133606571849,626.2227565367214,21047920,-1.28558349609375,0.3550493337811278
2024-03-07,634.9794921875,639.6817304159486,625.5206333127682,627.9533562326668,14694210,10.858154296875,0.3758525945723954
2024-03-11,636.2354125976562,647.9292016328424,633.2934505702432,647.7314089783794,12039710,1.25592041015625,0.3782588267101239
2024-03-12,636.4628295898438,641.3035285842609,627.0979481287742,633.3923054097442,10946770,0.2274169921875,0.3786945375010642
2024-03-13,638.4505615234375,644.2653156353725,632.0622871643352,636.7793131416424,11321830,1.98773193359375,0.38250285562466857
2024-03-14,632.6456909179688,639.8201863993431,622.7913071643128,638.450546203969,12198650,-5.80487060546875,0.37138123828866454
2024-03-15,644.2059936523438,650.5003512995228,628.9422789662733,630.430582741197,19705000,11.560302734375,0.3935297532235116
2024-03-18,643.2467651367188,648.2258647870518,638.4456004113996,644.2059719984294,6764250,-0.959228515625,0.3916919564466954
2024-03-19,652.3050537109375,659.3212905812494,643.2813150486486,643.746070424422,14080870,9.05828857421875,0.4090468341155702
2024-03-20,657.5709838867188,665.6305061655747,653.2692201325056,653.6648054287006,14908310,5.26593017578125,0.41913588937857305
2024-03-21,664.1224975585938,669.6504311391669,658.3275408723007,663.3066405694403,18060920,6.551513671875,0.43168800862160106
2024-03-22,668.58740234375,672.7506450116877,661.2101648250671,663.0594084585088,11252380,4.46490478515625,0.44024237026670265
2024-03-26,683.3418579101562,686.7931196533183,667.0150600520708,667.9545299546996,18503210,14.75445556640625,0.46851059878777446
2024-03-27,694.4818725585938,697.0777429115047,682.8375156895393,686.8673074518184,15512750,11.1400146484375,0.4898538790188065
2024-03-28,716.4849853515625,726.7744898978134,695.4065150470342,695.4065150470342,35745180,22.00311279296875,0.5320098920148222
2024-04-01,717.0485229492188,726.195874820724,713.9928467730757,718.0671219131619,11252380,0.56353759765625,0.5330895800805096
2024-04-02,712.7418823242188,717.4490698900564,705.5822348264029,717.0485352348928,9676150,-4.306640625,0.5248384385322697
2024-04-03,722.8138427734375,724.2082296679658,710.6404504439101,711.713431823186,9589430,10.07196044921875,0.5441354216267846
2024-04-04,720.2575073242188,726.8435735557239,717.4489967546634,726.3491221451417,10405890,-2.55633544921875,0.5392377095878826
2024-04-05,709.6021118164062,717.8446392163069,707.658891060555,715.4465013976555,12004940,-10.6553955078125,0.5188229166569218
2024-04-08,709.888916015625,714.6752329060805,706.3536362150252,713.4934866243086,5182100,0.28680419921875,0.5193724080704023
2024-04-09,711.3771362304688,715.5057935375718,704.5438441276508,713.9878542276537,7102810,1.48822021484375,0.52222370603484
2024-04-10,715.0015869140625,717.3502314444465,708.0545194757877,715.5603195008678,5679860,3.62445068359375,0.5291678321482063
2024-04-12,714.9323120117188,718.339089740595,707.6885862073565,714.3834781458953,10925880,-0.06927490234375,0.5290351075782338
2024-04-15,699.7724609375,711.891471607907,698.5066361699376,706.5761181685301,7584480,-15.15985107421875,0.49999017721244265
2024-04-16,687.707763671875,695.623935944621,685.4085524363373,693.2159598796806,9632930,-12.064697265625,0.47687528708266025
2024-04-18,681.6705932617188,691.7376181166,678.9807458337842,685.1218549228721,13851330,-6.03717041015625,0.4653086039199472
2024-04-19,704.0494995117188,707.0656415755411,673.4478890819864,676.4145980676182,12183750,22.37890625,0.5081846038563329
2024-04-22,721.1277465820312,722.4924374179874,708.7763589700576,708.7763589700576,11652720,17.0782470703125,0.5409050108378091
2024-04-23,717.93359375,725.8448168071468,715.6492305065625,722.7891407017154,10815670,-3.19415283203125,0.5347852972515841
2024-04-24,724.7817993164062,733.7116221169778,716.9546540291749,720.2180217621519,8869290,6.84820556640625,0.5479058518555247
2024-04-25,721.394775390625,728.3121464292608,704.6032232646588,724.8658342679078,11733540,-3.38702392578125,0.541416614356425
2024-04-26,665.650390625,692.2321084168344,661.7244746390325,692.2321084168344,58147230,-55.744384765625,0.4346153162516617
2024-04-29,675.0844116210938,676.3700336477826,663.8554387645115,671.460104304822,16810300,9.43402099609375,0.4526900639229594
2024-04-30,684.671875,689.7597999355404,674.624647697459,675.4157579770705,17986750,9.58746337890625,0.4710587935932973
2024-05-02,680.6322631835938,689.2604174119629,678.8818856206508,686.0860171647952,11395720,-4.03961181640625,0.4633192555636736
2024-05-03,685.4580688476562,731.7881455404229,683.0302953294849,724.7669590979696,68186010,4.8258056640625,0.4725650712900502
2024-05-06,678.37255859375,694.2049040819707,676.9040522358486,693.0182085002732,12299880,-7.08551025390625,0.4589898619477373
2024-05-07,679.6284790039062,686.6051818399118,671.26728794106,681.3491604221108,12981260,1.25592041015625,0.4613960940854658
2024-05-08,672.3995971679688,680.3207191435722,670.970625218409,679.524659543034,7259250,-7.2288818359375,0.44754619750538627
2024-05-09,653.1851806640625,675.6876698516892,651.1925269347889,672.444039530881,13811150,-19.21441650390625,0.4107330793129289
2024-05-10,660.9974975585938,662.3671377062071,652.7945650598544,656.5227482362066,8249080,7.81231689453125,0.42570078572945436
2024-05-13,664.419189453125,666.945829323192,654.6537725290698,660.9827757419764,5122560,3.42169189453125,0.4322564439825136
2024-05-14,660.1619262695312,666.7035093955961,658.3720144075322,663.5538560253485,7558400,-4.25726318359375,0.42409990523348773
2024-05-15,660.587158203125,665.7245161749065,657.1309472863635,661.7738537924241,5950590,0.42523193359375,0.42491461191101876
2024-05-16,667.2276000976562,668.7060050012014,654.9552821659904,662.5994817342189,10598510,6.64044189453125,0.4376371097429892
2024-05-17,665.2745361328125,670.4761751132173,662.6687672994169,667.2128075714031,4801580,-1.95306396484375,0.4338952123733446
2024-05-21,666.8023681640625,670.9706204624854,663.0593972293242,663.0593972293242,7616240,1.52783203125,0.43682240306545816
2024-05-22,666.9705200195312,670.2239888204876,665.2596769650982,670.2239888204876,4160460,0.16815185546875,0.43714456710975247
2024-05-23,675.08935546875,677.7445572582193,665.5365803097966,668.4538558454839,7093170,8.11883544921875,0.45269953589667544
2024-05-24,676.1030883789062,683.3319668293134,671.7617897622256,674.4318399096842,7420430,1.01373291015625,0.45464175826026265
2024-05-27,681.89794921875,688.2319009547283,673.4428419095157,678.2884900252752,6554710,5.79486083984375,0.4657441977729402
2024-05-28,679.6779174804688,686.7930812672806,678.0808489141865,683.7225570003151,7528670,-2.22003173828125,0.4614908138226268
2024-05-29,673.1165161132812,683.1341072604279,671.0051987768518,680.167398577747,7213310,-6.5614013671875,0.4489197506321665
2024-05-30,654.302734375,672.3502138388423,652.0876013473786,670.4663246819454,11555750,-18.81378173828125,0.41287421312455397
2024-05-31,662.3375244140625,669.6801164832647,656.8688623246592,659.098843225669,28417330,8.0347900390625,0.42826815835830345
2024-06-03,683.8807373046875,691.1145644276157,675.7123896989492,687.1738008596595,11482120,21.543212890625,0.46954304392282853
2024-06-04,643.7313232421875,683.9202924169468,630.4948478762619,683.9202924169468,32993870,-40.1494140625,0.39262032680881953
2024-06-05,676.0783081054688,678.5852108638021,646.3024550080901,653.0715270320783,12185170,32.34698486328125,0.45459428145373515
2024-06-06,684.8944091796875,693.5126644270805,674.6592276242362,677.3985080589265,14657160,8.81610107421875,0.47148514934846864
2024-06-07,711.1596069335938,721.8002112104457,686.3974410485613,691.7375405584097,29840520,26.26519775390625,0.521806939191332
2024-06-10,701.0184326171875,716.9545929818677,699.6735391769244,716.9545929818677,8723180,-10.14117431640625,0.502377348464792
2024-06-11,705.8888549804688,708.9445918380724,697.2754880366577,700.4399897394507,12052130,4.87042236328125,0.5117086458305073
2024-06-12,713.7654418945312,719.624679727956,703.6044400680491,706.8678076904008,12685080,7.8765869140625,0.5267994879053421
2024-06-13,721.3997192382812,724.3713772938959,715.1894403862633,717.1721351798792,13454950,7.63427734375,0.5414260863301412
2024-06-14,726.008056640625,728.821456493451,716.657962574695,721.5085000408552,11874880,4.60833740234375,0.5502552521509567
2024-06-18,725.33056640625,734.7004574087537,721.8991023844877,728.3269711043497,9469040,-0.677490234375,0.5489572409380108
2024-06-19,715.367431640625,726.7398149744196,709.8245898506901,725.3305800576533,5204000,-9.963134765625,0.5298687582031971
2024-06-20,712.7122802734375,718.4281080462251,703.2088768726288,713.9879433741869,9001580,-2.6551513671875,0.5247817236279204
2024-06-21,709.0498046875,722.0446324694118,703.1611527489454,719.4903860910783,14998180,-3.6624755859375,0.5177647451735032
2024-06-24,703.8419189453125,706.3365356007052,697.7495074783413,703.2604847306948,6356540,-5.2078857421875,0.5077868978982041
2024-06-25,703.1065063476562,709.6212996555279,695.5083709195645,705.7451926619771,15608110,-0.73541259765625,0.5063779125734487
2024-06-26,711.4301147460938,713.5221860504696,699.1856620419774,702.6641976740269,9125520,8.3236083984375,0.5223252081729335
2024-06-27,712.2798461914062,719.460573942277,703.9611816136837,710.6151305701421,11376060,0.8497314453125,0.5239532182726301
2024-06-28,707.1912841796875,718.1685322186668,706.1726065291518,712.1059655688822,8295840,-5.08856201171875,0.5142039846839355
2024-07-01,723.21240234375,725.9207272336754,703.1611409512669,703.1611409512669,7727450,16.0211181640625,0.5448990264214275
2024-07-02,712.1655883789062,723.1328879337183,707.8323412763633,723.0384996523459,12810270,-11.04681396484375,0.523734310435636
2024-07-03,721.4284057617188,723.9975745885878,712.6028592214226,714.5856196463048,8363930,9.2628173828125,0.5414810471652838
2024-07-04,706.3465576171875,728.0078809253473,705.6458641051147,725.6275490567873,18979770,-15.08184814453125,0.512585563495902
2024-07-05,709.4224853515625,710.6051898962447,703.3599189257211,709.0249748175675,9310790,3.075927734375,0.5184787682785705
2024-07-08,705.471923828125,710.3816311026244,700.3783535151017,710.1132674990514,6777050,-3.9505615234375,0.5109098427137837
2024-07-09,702.4703979492188,709.8597991954725,699.8813929400646,706.6247561509977,9735030,-3.00152587890625,0.505159185288645
2024-07-10,701.16845703125,708.5628327082638,697.7942578905146,702.4654466729166,8097140,-1.30194091796875,0.5026647819387937
2024-07-11,690.7676391601562,704.4432026593713,688.7500593640043,704.4432026593713,9718010,-10.40081787109375,0.48273773718523816
2024-07-12,696.1344604492188,700.1795076092436,687.2642069952807,695.4039825477894,10688330,5.3668212890625,0.49302009087481746
2024-07-15,702.0430297851562,704.1549978450303,695.2350628917839,697.699834439601,5333730,5.9085693359375,0.5043403857829651
2024-07-16,701.5808715820312,704.6519483721984,696.2239726888939,703.6580810261163,5582000,-0.462158203125,0.5034549316474313
2024-07-18,706.6396484375,707.4247817645261,692.8397913076371,700.3882449748814,8646050,5.05877685546875,0.513147099517935
2024-07-19,688.9786376953125,706.6396797641813,686.7623329353718,706.6396797641813,9385980,-17.6610107421875,0.4793101690174313
2024-07-22,684.203125,691.5925263932671,680.739511809894,688.9488659071203,5751930,-4.7755126953125,0.47016071015947536
2024-07-23,668.5845336914062,690.225959062389,657.9401924261825,689.1476517995588,19322120,-15.61859130859375,0.4402368741831886
2024-07-24,656.6630859375,661.3888693290506,650.0935767208703,658.9340461175844,31006260,-11.92144775390625,0.41739643741527854
2024-07-25,660.6981811523438,662.5119405080181,651.1272338740966,651.9769710331029,9509650,4.03509521484375,0.4251273220368159
2024-07-26,674.81103515625,676.6646486516896,662.6212986541362,663.4114061836091,11101840,14.11285400390625,0.45216629885784365
2024-07-29,677.067138671875,681.2960489782841,672.4257952648938,678.2001619771381,7485650,2.256103515625,0.45648879313490065
2024-07-30,678.17529296875,685.6690914182183,674.1401940578238,677.0671406076982,11794130,1.108154296875,0.45861191850267047
2024-07-31,676.5205078125,681.2960329009433,675.1340435200711,678.5082424088558,8896590,-1.65478515625,0.45544149688056335
2024-08-01,673.01220703125,680.2028838894711,670.8605059131542,678.9605496192615,8395230,-3.50830078125,0.4487199036805518
2024-08-02,668.3757934570312,670.8604618341949,663.2176194796054,668.3757934570312,6222180,-4.63641357421875,0.43983694640406457
2024-08-05,655.6244506835938,660.9217805867173,649.2537877299146,660.9217805867173,9440410,-12.7513427734375,0.4154065043692694
2024-08-06,649.8252563476562,665.5929515605886,647.1567250390367,658.5364572427102,8918280,-5.7991943359375,0.4042957622623471
2024-08-07,659.6446533203125,661.8510095810441,654.0739859252901,655.9524096570016,4642840,9.81939697265625,0.42310885613171156
2024-08-08,654.1832885742188,663.7095282421375,653.1049814038815,658.4420438172821,6903890,-5.46136474609375,0.4126453655620552
2024-08-09,657.76123046875,665.8910572919083,655.0578800059565,665.8910572919083,6994900,3.57794189453125,0.41950038495972186
2024-08-12,656.762451171875,660.4248499070777,652.3795228768091,657.8507067960495,6748870,-0.998779296875,0.4175868123931772
2024-08-13,642.5402221679688,660.4198862613507,641.2630686408131,660.4198862613507,10723270,-14.22222900390625,0.3903382827709243
2024-08-14,641.88916015625,645.0148921712703,639.1510509400183,644.2744658986547,7742760,-0.65106201171875,0.3890909056890779
2024-08-16,655.0480346679688,655.9524272329264,638.5597492381139,646.5106877500282,7534190,13.15887451171875,0.41430214239674146
2024-08-19,657.5774536132812,661.5181038045527,655.3163810596429,659.7291546528827,5287300,2.5294189453125,0.4191482848009669
2024-08-20,668.0974731445312,673.2358109601968,657.577426189841,660.6583906747377,9571590,10.52001953125,0.4393037093652328
2024-08-21,669.4044189453125,670.59209770796,665.3941908785135,668.0726706662808,6331110,1.30694580078125,0.4418077016267472
2024-08-22,670.224365234375,672.351255901818,668.2664756906412,670.8604548909493,7282600,0.8199462890625,0.44337864600825316
2024-08-23,669.4541625976562,672.0531160191972,666.3830857870794,671.3573967401463,6180450,-0.77020263671875,0.44190300605364374
2024-08-26,673.6781005859375,677.7181738114756,671.4617351343454,673.4444956552076,8983430,4.22393798828125,0.44999569668354633
2024-08-27,682.1507568359375,683.1198138660923,668.872704045291,673.6780743587665,20359020,8.47265625,0.46622855474987923
2024-08-28,685.7684326171875,687.4580191485584,680.9978817398458,683.3831268480939,8489860,3.61767578125,0.4731597007511159
2024-08-29,702.0231323242188,711.4102164531832,683.9347956052668,684.6801960962405,26391590,16.25469970703125,0.5043022640122066
2024-08-30,715.599365234375,717.0802177780471,702.7685046603781,702.7685046603781,20443670,13.57623291015625,0.5303131224022235
2024-09-02,739.4422607421875,740.431153873352,718.4667103516491,722.9391132945083,22963780,23.8428955078125,0.5759939959380436
2024-09-03,730.8701782226562,741.4250446488375,716.1907380210192,741.4250446488375,18986560,-8.57208251953125,0.5595706459558649
2024-09-04,725.4734497070312,733.1759213026271,720.0817317222834,721.0457538886551,8867460,-5.396728515625,0.5492309926722005
2024-09-05,720.0469360351562,728.1717893689445,714.8887621385913,727.5108894288851,6734470,-5.426513671875,0.5388342736703455
2024-09-06,727.2276611328125,734.9648916174853,721.1054044009206,721.1054044009206,18428270,7.18072509765625,0.5525919062101534
2024-09-09,730.2390747070312,733.2703580483353,721.8260214040064,727.9084848454536,8789380,3.01141357421875,0.5583615075827244
2024-09-10,719.7438354492188,732.4752739711433,714.8887836644249,732.4752739711433,13089320,-10.4952392578125,0.538253559824986
2024-09-11,730.0502319335938,738.642234679187,716.2106410666152,720.5538365804458,11048900,10.306396484375,0.557999701574359
2024-09-12,738.2744750976562,739.4372828719743,725.1851988742337,737.449548240598,14467640,8.2242431640625,0.5737566221959449
2024-09-13,755.1900634765625,761.3023717964473,730.6912702845822,738.2744828356314,22084380,16.91558837890625,0.606165389548367
2024-09-16,730.0701293945312,763.290133829076,727.7096944103594,763.290133829076,26795550,-25.11993408203125,0.5580378233451175
2024-09-17,732.032958984375,740.9280835888721,724.146624263555,729.2501426335814,15677860,1.96282958984375,0.5617984307863002
2024-09-18,758.4301147460938,762.5447402196661,733.3250152548266,734.1946492042462,29749930,26.39715576171875,0.6123730404708203
2024-09-19,754.3800659179688,770.0483990125776,751.3637052470688,762.7931795993721,17206440,-4.050048828125,0.6046135060522404
2024-09-20,753.5949096679688,760.8054218170912,744.1332735148928,758.8176872075103,16450040,-0.78515625,0.6031092163005887
2024-09-23,754.8521728515625,758.912082003566,748.5510273942898,757.898378593347,5734970,1.25726318359375,0.6055180210731537
2024-09-24,750.7872314453125,755.682015848209,743.8003757520975,755.0410126782717,10695400,-4.06494140625,0.5977299537954783
2024-09-25,757.7145385742188,759.3146504386599,745.206696218289,749.872910675352,12720380,6.92730712890625,0.6110020599788764
2024-09-26,772.075927734375,773.1691575392751,754.1018151308377,759.3146444535706,16681650,14.36138916015625,0.6385172081205452
2024-09-27,770.843505859375,776.2104139074542,766.3711027062591,773.2288118053768,11781310,-1.232421875,0.6361559970924549
2024-09-30,765.5759887695312,777.6018198056745,762.907457426757,769.8496061373972,9619520,-5.26751708984375,0.6260639014428273
2024-10-01,765.5759887695312,776.6725562826821,760.4078665442956,761.3123197806568,7882880,0.0,0.6260639014428273
2024-10-03,738.8261108398438,765.2778814117354,733.5734877746232,756.3330750056242,10406620,-26.7498779296875,0.5748135073619454
2024-10-04,716.7125244140625,738.4434238087,711.112072321837,737.449556481905,17681110,-22.11358642578125,0.5324458366816567
2024-10-07,722.48193359375,727.9084711608403,714.6204695486533,716.7125409082319,9362270,5.7694091796875,0.5434995130703884
2024-10-08,714.2874755859375,725.0659374750487,711.6139700883193,722.0296801140275,9038050,-8.1944580078125,0.527799658166993
2024-10-09,725.56787109375,738.1253947416064,716.1907350916989,717.174654060494,10543750,11.2803955078125,0.5494118956763832
2024-10-10,727.4810180664062,732.2814141078209,722.8396747629785,727.510863202596,5594270,1.91314697265625,0.5530773156286164
2024-10-11,725.7219848632812,728.5048014405701,718.1735304452302,728.0078677424524,3615870,-1.759033203125,0.5497071639928415
2024-10-14,716.4591064453125,726.8996879020932,715.5844983167241,724.7976681440238,4451810,-9.26287841796875,0.5319603103252466
2024-10-15,697.3867797851562,721.1650438836688,693.6200443852651,720.0469431204706,14855670,-19.07232666015625,0.4954194236736664
2024-10-16,691.368896484375,701.605717653894,687.7561791037233,696.7009849013151,11256980,-6.01788330078125,0.48388969290224093
2024-10-17,685.71875,695.5878449266954,682.8861918223154,693.8137578410425,6897550,-5.650146484375,0.4730645132621665
2024-10-18,685.7237548828125,689.6097494762975,677.8871012317123,685.0727426604419,7449290,0.0050048828125,0.4730741021738296
2024-10-21,673.9315185546875,690.8123404474528,667.605502099843,686.6679307028929,22099660,-11.792236328125,0.4504812230399564
2024-10-22,663.6946411132812,679.1095330759733,660.2906576471223,675.8297830258117,17006190,-10.23687744140625,0.43086827361234414
2024-10-23,695.2897338867188,705.5315295930252,656.0518098744292,656.5239332596005,26373910,31.5950927734375,0.491401669686784
2024-10-24,699.7720947265625,707.9167843431449,694.7729127990322,696.9494847393045,8951250,4.48236083984375,0.49998947558476003
2024-10-25,686.7772827148438,701.6653966680313,685.1026186045988,699.7721108512147,10223240,-12.99481201171875,0.4750925680789342
2024-10-28,686.896484375,700.1795111005765,683.2837670427912,687.7561698816168,7149810,0.11920166015625,0.4753209478896443
2024-10-29,697.943359375,701.670362006052,676.048432134572,686.6728767279247,14097500,11.046875,0.4964857808133829
2024-10-30,691.2347412109375,697.7395860249301,688.9488584404686,695.6077818107597,5660440,-6.7086181640625,0.48363266329448806
2024-10-31,684.749755859375,692.8050922470427,683.7558884764892,690.638468631654,7301530,-6.4849853515625,0.47120800641381266
2024-11-01,688.1139526367188,690.196136184048,685.9672259489859,688.7500422704345,450110,3.36419677734375,0.47765350912069215
2024-11-04,680.1729736328125,693.222456410658,671.148641372924,693.222456410658,7162390,-7.94097900390625,0.462439297511654
2024-11-05,688.7848510742188,697.1929909233248,667.0837957157746,680.3022197005025,12234300,8.61187744140625,0.4789388910353498
2024-11-06,696.3233032226562,698.1023038526447,685.0031401113711,689.2469728959719,6962620,7.5384521484375,0.4933818968831827
2024-11-07,686.2156982421875,699.578251541837,682.7868438809219,696.3233118281388,4590470,-10.10760498046875,0.47401662202755435
2024-11-08,685.3659057617188,690.8918662981018,679.9046096884491,686.2157035701208,4248400,-0.84979248046875,0.47238849498991065
2024-11-11,673.7228393554688,686.1859147392864,671.0742045669085,681.7930378072579,7623160,-11.64306640625,0.4500814121987795
2024-11-12,659.7490234375,679.4921883965568,657.4432439345728,677.7181618894114,10572330,-13.97381591796875,0.42330882002127335
2024-11-13,652.5732421875,666.1146840933884,648.6574026154368,659.4309507931689,8673470,-7.17578125,0.4095606594551815
2024-11-14,650.8985595703125,659.8732101118493,648.9953255912069,653.1993647207028,5277030,-1.6746826171875,0.4063521160623158
2024-11-18,652.76708984375,661.6175077220023,651.480048609186,659.2322018151576,5965350,1.8685302734375,0.40993205437520985
2024-11-19,655.4853515625,660.4049463345118,652.0763332271422,655.390902622179,8040460,2.71826171875,0.4151400027878007
2024-11-21,642.5997924804688,657.3438352373082,641.1437502422596,657.3438352373082,11010800,-12.88555908203125,0.3904524142073058
2024-11-22,664.2959594726562,668.1173501589124,641.6456846754861,643.0321489831416,9698550,21.6961669921875,0.432020346267294
2024-11-25,664.4400634765625,682.0911575081203,662.641165980151,674.8259895279239,11327510,0.14410400390625,0.43229643676042606
2024-11-26,657.7363891601562,669.8466597168655,656.7922030982386,668.0776074763448,6632780,-6.70367431640625,0.41945279121524726
2024-11-27,666.407958984375,669.2007238284175,657.1699182341583,660.9217917675545,6420100,8.67156982421875,0.436066750051219
2024-11-28,646.947998046875,668.5000085325825,645.5168266744654,667.2825453255184,15768820,-19.4599609375,0.39878319049752897
2024-11-29,653.5572509765625,656.8469494464103,647.0423971795695,647.9021433840127,7096430,6.6092529296875,0.41144593303852495
2024-12-02,660.9863891601562,662.4125863758068,645.1192702841018,655.4555149510046,9202490,7.42913818359375,0.4256795030230798
2024-12-03,663.451171875,668.1173864237712,659.0135880691056,665.5084845957932,13136660,2.46478271484375,0.43040180814131346
2024-12-04,669.8665771484375,672.2916158482277,662.5964352385603,666.0650224975843,11304410,6.4154052734375,0.4426931557622811
2024-12-05,680.8388671875,684.7646553497561,664.4450301121973,671.8543281869296,13482430,10.9722900390625,0.46371509051464854
2024-12-06,680.8289794921875,689.2470068245896,673.707881110631,683.3781910090415,8332070,-0.0098876953125,0.46369614656721647
2024-12-09,682.6228637695312,688.2531001443601,678.6026268950453,680.8090438283174,8409100,1.79388427734375,0.4671330697707923
2024-12-10,689.3662719726562,691.6173960970307,680.2078182391663,684.2577791941579,12045630,6.743408203125,0.4800528419195411
2024-12-11,707.1466064453125,712.1059950863745,685.0827379406123,691.7217649211524,19931040,17.78033447265625,0.5141183861066494
2024-12-12,708.2100219726562,710.456171917063,703.1611587874203,707.8174249530981,9667960,1.06341552734375,0.5161557959591858
2024-12-13,713.8750610351562,717.298880634839,693.7790319064774,705.546447885423,12504360,5.6650390625,0.5270095084583557
2024-12-16,716.4193725585938,720.3550484707322,711.2214050303072,713.8750745502272,7960740,2.5443115234375,0.5318841837216766
2024-12-17,710.8934326171875,721.2892457691507,706.6396514490644,715.5844571636095,10318560,-5.52593994140625,0.5212969728039756
2024-12-18,703.1065063476562,713.4775098902775,701.7100935805659,710.5158045496859,7275140,-7.78692626953125,0.5063779125734487
2024-12-19,687.612060546875,698.1371422372633,684.5608805717452,690.7377927037467,9076750,-15.49444580078125,0.47669192838158825
2024-12-20,680.625244140625,698.0924755661163,676.296910429089,687.095330523432,27000190,-6.98681640625,0.4633058076997558
2024-12-23,682.4588623046875,693.411299689527,681.3904427930831,685.4703094309058,5829280,1.8336181640625,0.46681885750690166
2024-12-24,676.644775390625,686.7623377176409,675.2335007409897,683.9795212743992,6014270,-5.8140869140625,0.4556795825408839
2024-12-26,677.3951416015625,681.5942068314215,675.83476260489,678.8511232785883,3290960,0.7503662109375,0.4571172176626819
2024-12-27,686.5387573242188,693.3914315964618,678.8511471088848,680.4860783453122,5554180,9.14361572265625,0.47463557458161953
2024-12-30,684.6006469726562,695.210168142737,682.2898933952665,685.7684289042008,4908760,-1.9381103515625,0.47092232700901726
2024-12-31,678.1156616210938,683.4825694238581,675.0346971874478,682.7818759768597,6153980,-6.4849853515625,0.45849767012834186
2025-01-01,689.27685546875,690.5340515699199,676.4260971937944,678.1156838285779,4187210,11.16119384765625,0.47988152782702165
2025-01-02,734.388427734375,738.4434234105497,692.8248888709156,693.7193937288879,31716510,45.111572265625,0.5663113000412558
2025-01-03,736.1823120117188,745.400455239181,731.4117612303569,734.4430442828274,15059280,1.79388427734375,0.5697482232448317
2025-01-06,730.4279174804688,755.3292573043357,727.1879001292994,745.400531924833,19059760,-5.75439453125,0.5587233135910896
2025-01-07,730.8851318359375,740.1231122808318,725.6673280159109,730.9844943110259,10425380,0.45721435546875,0.5595992957529075
2025-01-08,731.0291137695312,734.3138378347966,721.2196486160832,731.6701775735115,8444660,0.14398193359375,0.5598751523701451
2025-01-09,723.281982421875,731.0291613513496,719.1623828865226,729.3445489309191,6681410,-7.74713134765625,0.5450323356811355
2025-01-10,724.3355102539062,732.1870868381571,720.0618926423277,723.2820132551371,8089630,1.05352783203125,0.5470508015862399
2025-01-13,710.7095336914062,721.0607008212897,709.0249819380257,719.5599514378315,6642740,-13.6259765625,0.5209446387693264
2025-01-14,729.001708984375,734.2691938632714,714.7049172967165,718.5661016983001,9980110,18.29217529296875,0.5559908245809178
2025-01-15,713.33837890625,730.4925399584946,706.1626853860436,729.5483537950854,6817500,-15.663330078125,0.5259812730893978
2025-01-16,721.5228271484375,724.429937683911,714.9931720224164,715.5844939800952,8608490,8.1844482421875,0.5416619501694666
2025-01-17,713.8054809570312,724.0273798131597,711.2412862460816,717.6715787903673,6652740,-7.71734619140625,0.5268761991986477
2025-01-20,739.447265625,742.4189193313131,713.8054998204258,713.8054998204258,10679710,25.64178466796875,0.5760035848497067
2025-01-21,724.6932983398438,743.909746289312,723.2969461913872,740.4312104015196,10032060,-14.75396728515625,0.547736291832212
2025-01-22,735.1785888671875,737.474419942342,721.5824305931181,729.3992479941143,7273680,10.48529052734375,0.5678251787045707
2025-01-23,739.7603149414062,747.7858057894387,728.0078215937472,729.597985062582,10302950,4.58172607421875,0.5766033595804454
2025-01-24,739.2981567382812,745.8974505394998,729.329698703094,739.7603317495092,6796870,-0.462158203125,0.5757179054449115
2025-01-27,725.0709228515625,742.8661464773663,721.54768015869,733.4840364742133,6928100,-14.22723388671875,0.5484597869109953
2025-01-28,755.9951171875,765.9536875174641,729.9955738156234,734.4679769227307,24789330,30.9241943359375,0.6077078010707775
2025-01-29,771.206298828125,773.924511450252,752.2532413343686,761.029046289582,15149200,15.211181640625,0.6368510762500901
2025-01-30,785.3191528320312,820.0051467305362,780.1858499375447,780.1858499375447,56488830,14.11285400390625,0.663890053071118
2025-01-31,783.6743774414062,793.1707729771786,774.3220514263428,787.6398985815254,18335460,-1.644775390625,0.6607388092723374
2025-02-01,795.1038208007812,806.0214389778673,773.666094986311,783.1674643353156,16153780,11.429443359375,0.6826366092485756
2025-02-03,837.4127807617188,838.7544774391274,787.2472891542758,787.3615741954295,43369260,42.3089599609375,0.7636968248073097
2025-02-04,842.3372802734375,843.7933225325369,825.2079922244451,837.33318519866,19663000,4.92449951171875,0.7731317291941666
2025-02-05,845.7264404296875,853.6028268693608,839.3706394577197,844.7872285257307,18674930,3.38916015625,0.7796250595214151
2025-02-06,845.5126953125,860.9673801111533,841.010508058519,848.191174922836,17094730,-0.2137451171875,0.779215542830628
2025-02-07,842.22802734375,853.2351203824257,833.2484625229857,853.2351203824257,9665400,-3.28466796875,0.7729224102688357
2025-02-10,823.5979614257812,843.5945670019648,816.9589350238671,842.6802260548585,12438380,-18.63006591796875,0.7372288559820308
2025-02-11,814.0966186523438,830.3861190729097,808.9434188704632,824.8105377995666,9630590,-9.5013427734375,0.7190251257550684
2025-02-12,816.3676147460938,823.3197117935968,797.578523952474,809.9671067816488,14837310,2.27099609375,0.7233761528912206
2025-02-13,835.7430419921875,844.5884246202698,814.6780171593816,814.6780171593816,18003130,19.37542724609375,0.7604977533881601
2025-02-14,834.083251953125,840.3744490767868,823.1209269518953,835.6982863489014,8633150,-1.6597900390625,0.7573177428543898
2025-02-17,837.4921875,843.5945472454296,816.9837868378191,816.9837868378191,8627990,3.408935546875,0.7638489610765027
2025-02-18,841.3981323242188,842.7994585066715,830.9426290642929,837.8301220767972,8689770,3.90594482421875,0.7713324050019505
2025-02-19,838.7694091796875,847.6695085089755,834.8485951055148,840.7272987914766,8961980,-2.62872314453125,0.7662960045577736
2025-02-20,834.7938842773438,840.3744395125794,829.446873301159,830.46063736798,7900700,-3.97552490234375,0.7586792513726177
2025-02-21,834.5205688476562,836.8661418623368,823.7172357606174,830.8730927103885,6086470,-0.2733154296875,0.7581556032454491
2025-02-24,830.3712158203125,834.7492307148926,826.0081234949291,827.6927359711995,3552600,-4.14935302734375,0.7502058107869176
2025-02-25,843.674072265625,847.4358332776582,828.6915106962595,830.3711488473276,10985410,13.3028564453125,0.775692904111819
2025-02-27,865.2012939453125,868.5407344705976,849.0211644154252,849.0211644154252,18382830,21.5272216796875,0.8169371519342006
2025-02-28,847.7987060546875,861.6830040031357,845.7861003796137,861.186070321473,17545800,-17.402587890625,0.7835953367017698
2025-03-03,857.4937744140625,859.7747435504854,838.635166602085,848.365105661526,8749960,9.695068359375,0.8021702279728666
2025-03-04,853.3294677734375,856.6440370663474,846.1438265853014,846.9935637177676,7655060,-4.164306640625,0.7941917857172927
2025-03-05,824.7807006835938,844.7872554809699,817.0583318896664,840.3148523637177,16300920,-28.54876708984375,0.739494879521172
2025-03-06,835.9269409179688,840.7918803410525,822.4798865712621,831.3700372857354,8814220,11.146240234375,0.7608500874228092
2025-03-07,835.2957763671875,841.8055949872813,831.514118606434,835.8324428661109,4729460,-0.63116455078125,0.7596408321117216
2025-03-10,829.1437377929688,858.4926074197267,827.4988583053935,838.600399647079,10164530,-6.15203857421875,0.7478540717325433
2025-03-11,828.9300537109375,832.3638822939756,816.0893048938993,825.4068110389812,8135670,-0.21368408203125,0.7474446719797034
2025-03-12,843.2417602539062,847.2222036981539,822.1817094501092,828.9946504740712,20882230,14.31170654296875,0.7748646326324229
2025-03-13,836.8809814453125,850.7504167311477,834.1528205342469,844.7872128755555,12173510,-6.36077880859375,0.7626779444741207
2025-03-17,852.77294921875,857.7025531372367,833.4571396016174,834.7690517894611,11020850,15.8919677734375,0.7931255455155233
2025-03-18,852.77294921875,852.77294921875,852.77294921875,852.77294921875,0,0.0,0.7931255455155233
2025-03-19,867.80517578125,882.4548312583717,862.9352622348928,864.6645816925422,12898200,15.0322265625,0.8219259586339029
2025-03-20,862.64208984375,871.4278431326916,848.8769908298905,867.1492515262393,7924330,-5.1630859375,0.8120339438117843
2025-03-21,886.1420288085938,903.3260336366492,877.684208188832,898.4510853028386,27448010,23.49993896484375,0.8570577430227806
2025-03-24,903.4303588867188,905.9100529720466,887.2253596781331,904.0167066294846,14332170,17.288330078125,0.890180650418217
2025-03-25,901.164306640625,920.3260973722652,892.1996648110484,906.9039145835608,17482600,-2.26605224609375,0.8858390952557809
2025-03-26,881.167724609375,907.0927757475704,879.5676127668488,904.6230299913868,8862110,-19.99658203125,0.84752741727108
2025-03-27,894.8632202148438,899.9865746118563,876.8145560445273,880.6657918389074,20920440,13.69549560546875,0.8737667724097544
2025-03-28,889.0739135742188,897.3528450203148,880.6657745285638,894.2420355740359,9770990,-5.789306640625,0.8626749742502642
2025-04-01,864.4857177734375,887.0266223080821,861.7823669999043,872.9435387462231,11834240,-24.58819580078125,0.8155661714422566
2025-04-02,861.6084594726562,870.6128954379398,855.9185930314133,867.6462158906634,6464950,-2.87725830078125,0.8100535996774385
2025-04-03,854.189208984375,871.1246858886759,840.8316300852158,859.6952119722814,13966330,-7.41925048828125,0.7958389736403157
2025-04-04,866.5380249023438,874.3051004964104,853.1158417860235,860.2915347763417,18496580,12.34881591796875,0.8194982099139057
2025-04-07,851.5455322265625,854.7756011098094,825.6205412588924,828.88536880857,13981240,-14.99249267578125,0.7907739233990962
2025-04-08,876.8145751953125,881.8584639941574,859.6952348126595,859.6952348126595,14775630,25.26904296875,0.8391871690071409
2025-04-09,868.22265625,878.777522649901,857.2105890313766,876.0940686738069,10487740,-8.5919189453125,0.8227258141921507
2025-04-11,886.6389770507812,891.8468322003135,875.6667034684273,877.0929006731593,10097220,18.41632080078125,0.8580098517881685
2025-04-15,908.494140625,923.3027887344896,901.9843214695372,919.8739341683756,12633610,21.85516357421875,0.8998824072003839
2025-04-16,900.0960083007812,911.5254830608088,890.9027351242372,909.338962713677,7198220,-8.39813232421875,0.8837923303674753
2025-04-17,910.6309204101562,913.3640555055208,889.7100257214428,898.4560458944406,11415130,10.534912109375,0.9039762877908364
2025-04-21,921.662841796875,925.78741546991,908.5438416039184,911.3763392226596,7824150,11.03192138671875,0.9251124709175327
2025-04-22,920.370849609375,933.5395920294122,917.3395663165552,923.7997041075168,11293580,-1.2919921875,0.9226371284530608
2025-04-23,926.5824584960938,929.1168079429252,909.3885665824954,922.5076268883136,10818710,6.21160888671875,0.9345380202686207
2025-04-24,924.39599609375,960.0758581506444,921.61317965157,956.1003887587163,18496710,-2.18646240234375,0.9303489521892188
2025-04-25,905.6119384765624,928.7193542881377,893.486744714233,925.340181044901,10893540,-18.784057617187614,0.8943603634618496
2025-04-28,903.7235717773438,906.9039594385034,894.5302987638576,902.4315563508616,9946560,-1.8883666992186363,0.8907424203161443
2025-04-29,903.7235717773438,908.9910566150634,890.5051481171497,907.400893114908,11768180,0.0,0.8907424203161443
2025-04-30,858.15478515625,883.3492984982109,850.3528899743571,878.5787472966435,39690570,-45.56878662109375,0.8034366659400922
2025-05-02,881.4111938476562,886.0327010732856,851.3467079166783,852.2908939871758,18933030,23.25640869140625,0.8479938827421107
2025-05-05,887.7223510742188,897.7603872927656,881.1627900057229,882.3057617507878,8930610,6.3111572265625,0.8600855003494106
2025-05-06,874.3547973632812,891.8965802788989,869.6339274712942,885.6351674724266,12040870,-13.3675537109375,0.8344744528005703
2025-05-07,893.138916015625,894.232145833438,866.9504750148244,869.633928985005,11635570,18.78411865234375,0.8704631584658864
2025-05-08,877.8333129882812,901.8849143356404,872.1185758813663,892.1947079369587,12018090,-15.30560302734375,0.8411389802823912
2025-05-09,859.9691162109375,873.9021887339279,856.3863504309473,860.8648380276228,12151340,-17.86419677734375,0.8069127633559507
2025-05-12,897.5386352539062,898.683161916931,878.3309120482104,880.6697141980056,10638220,37.56951904296875,0.8788926303834723
2025-05-13,899.87744140625,911.9693213122264,894.8017857507431,896.0956196341344,13363000,2.33880615234375,0.8833735755788663
2025-05-14,903.7587890625,906.6946986887788,896.8918110693861,900.1760232176907,7594000,3.88134765625,0.890809893511628
2025-05-15,914.4573974609376,917.0947533876722,898.484136910891,905.5999805101644,10385000,10.698608398437614,0.9113074785091444
2025-05-16,912.3176879882812,924.1607630754636,908.9836663627398,914.457373373886,6251920,-2.1397094726563637,0.9072079848972303
2025-05-19,921.1253662109376,924.5091366985775,912.3176982188572,912.3176982188572,7162740,8.807678222656364,0.9240827153552624
2025-05-20,903.5597534179688,926.5492981730328,902.5645339784704,925.3550226969596,8106160,-17.565612792968864,0.890428558866095
2025-05-21,915.3530883789062,923.5636488346016,898.5338553904952,905.649698749448,7321500,11.7933349609375,0.9130235428830162
2025-05-22,909.5310668945312,915.5023835107728,902.7137773116312,915.3530762980172,6159740,-5.822021484375,0.901869065983874
2025-05-23,919.9310913085938,924.2105836173696,906.7444333524312,909.5310964586228,4251690,10.4000244140625,0.9217945905441169
2025-05-26,922.5186767578124,929.1866591884672,920.577986691248,921.0755964137836,5476790,2.5875854492186363,0.9267521748119403
2025-05-27,912.7157592773438,924.5588953667984,909.9291568867004,922.5684564101424,7150000,-9.802917480468636,0.9079706541882964
2025-05-28,922.3196411132812,925.0067458230632,909.7300905574116,920.0803973123589,6507400,9.6038818359375,0.9263708401664075
2025-05-29,916.0,923.5138946489728,911.6210101517032,920.5779851422768,7081750,-6.31964111328125,0.914262968184459
2025-05-30,918.0499877929688,920.3499755859376,912.0999755859376,917.0,15041740,2.04998779296875,0.9181905630141178
2025-06-02,911.8499755859376,916.5,904.0,913.0,6619630,-6.200012207031136,0.9063118894085094
2025-06-03,897.9000244140625,912.7999877929688,897.0,910.5999755859376,9080270,-13.949951171875114,0.879585019968324
2025-06-04,898.7000122070312,903.9500122070312,896.4500122070312,897.5,5544930,0.79998779296875,0.881117725641124
2025-06-05,893.4000244140625,898.7000122070312,886.9500122070312,898.7000122070312,7853320,-5.29998779296875,0.8709634190036326
2025-06-06,937.1500244140624,943.4000244140624,887.5999755859375,894.5,19783860,43.749999999999886,0.9547845394936867
2025-06-09,960.75,978.7999877929688,940.2999877929688,955.0,23496010,23.599975585937614,1.0
2025-06-10,949.75,970.0,948.5499877929688,970.0,9044040,-11.0,0.9789249754196436
2025-06-11,942.5,957.0,940.4000244140624,949.0,11860810,-7.25,0.9650346183098633
2025-06-12,936.8499755859376,953.2999877929688,935.5,944.9000244140624,12388330,-5.650024414062386,0.9542096725456832
2025-06-13,933.0999755859376,936.5499877929688,914.7000122070312,915.0,10182020,-3.75,0.9470250050751072
2025-06-16,938.0,956.0,925.0,956.0,7016290,4.900024414062386,0.9564130173451719
2025-06-17,923.0,943.5,917.5,941.5,6110175,-15.0,0.9276743474628677
2025-06-18,919.0,932.5,915.0,927.0,5002923,-4.0,0.9200107021609198
2025-06-19,900.5,922.5,894.0,919.0,6585940,-18.5,0.8845663426394113
2025-06-20,905.0,907.5,886.0,897.0,14320241,4.5,0.8931879436041024
2025-06-23,915.5,918.0,890.5,899.0,5870597,10.5,0.9133050125217155
2025-06-24,916.5,936.0,914.5,920.0,11555634,1.0,0.9152209238472024
2025-06-25,928.0,930.0,916.0,918.0,6623799,11.5,0.9372539040903023
2025-06-26,951.5,953.5,928.5,930.0,11677790,23.5,0.9822778202392457
2025-06-27,947.0,959.5,936.0,950.0,21637194,-4.5,0.9736562192745544
2025-06-30,936.5,956.0,934.0,956.0,6086081,-10.5,0.9535391503569415
