Date,Close,High,Low,Open,Volume,Close_diff,Close_scaled
2021-01-01,674.8863525390625,683.3872308658292,672.7788520330828,681.9664673920958,8810938,,0.15026196496270683
2021-01-04,670.6004028320312,681.0193356443933,662.549409295206,681.0193356443933,15740192,-4.28594970703125,0.1392278998538503
2021-01-05,675.6676635742188,677.5857172103831,667.2851829805555,672.1157552191057,14386824,5.0672607421875,0.15227342973048952
2021-01-06,672.7551879882812,681.9664477871121,669.2269241099976,679.5985087322957,22134050,-2.9124755859375,0.14477533772290752
2021-01-07,670.7186889648438,678.4618375541515,668.9664373148993,678.4144903386681,19894842,-2.0364990234375,0.13953242440036728
2021-01-08,678.0120239257812,682.9136463718647,673.962824881487,678.1777681029891,13768764,7.2933349609375,0.15830892396770047
2021-01-11,687.3889770507812,693.7587675349387,680.2141682562502,686.7022978773078,17331392,9.376953125,0.18244964384927198
2021-01-12,701.383544921875,704.5565601168332,686.276082257034,687.8625898545131,20388156,13.99456787109375,0.21847829178385547
2021-01-13,696.48193359375,708.9136137714456,692.4327346400382,707.019262506273,16934650,-4.901611328125,0.20585922197906714
2021-01-14,695.5820922851562,704.6986575797872,689.5438477393617,696.7187145853906,12297166,-0.89984130859375,0.20354260413113168
2021-01-15,694.587646484375,696.9555857845563,684.3344577523865,695.7479136170566,14165236,-0.99444580078125,0.2009824294993463
2021-01-18,702.3780517578125,711.731410769727,694.7532997710615,696.1267159476713,42825632,7.7904052734375,0.2210386235490498
2021-01-19,712.2050170898438,715.8990251352752,694.7533178392471,706.4983186612751,17360254,9.82696533203125,0.2463378880547027
2021-01-20,706.593017578125,710.8553078986365,703.751490697784,710.8553078986365,13346052,-5.61199951171875,0.2318899425033143
2021-01-21,698.4473876953125,707.7059955211522,695.2980169153192,706.5930756304524,26333054,-8.1456298828125,0.21091923201360663
2021-01-22,683.647705078125,695.1795566696569,682.0374949646825,695.1795566696569,15392364,-14.7996826171875,0.17281783728175548
2021-01-25,692.787841796875,701.3834711862404,689.1412391764197,693.8534142547879,20344718,9.14013671875,0.1963488795366577
2021-01-27,667.5693969726562,697.073942054867,665.9355420753217,695.2269379463488,23556276,-25.21844482421875,0.13142465476611553
2021-01-28,649.5020141601562,663.6386573049136,635.5548755229009,658.2397444156159,42704446,-18.0673828125,0.08491065158667821
2021-01-29,658.5238647460938,667.1668424746923,646.2105814067206,658.9264028315245,28704502,9.0218505859375,0.10813716929506345
2021-02-01,699.3707885742188,702.0939184433921,663.4965124716306,667.8771996524747,26370544,40.846923828125,0.21329650335739103
2021-02-02,739.0574340820312,747.5583116187343,709.1503541772746,710.8552586250999,42420206,39.6866455078125,0.31546873131585573
2021-02-03,745.8060913085938,749.0738008830458,730.2723883286894,747.7951369461741,20237254,6.7486572265625,0.3328429723418489
2021-02-04,747.842529296875,752.0574725376579,730.9591116288991,741.6385402984712,24484684,2.03643798828125,0.3380857285309802
2021-02-05,756.6038818359375,766.3834817798823,733.1139377693545,733.1139377693545,27054716,8.7613525390625,0.36064160085002905
2021-02-08,760.2268676757812,772.7295980086683,755.7040807536468,767.2122882010688,17447580,3.62298583984375,0.3699688828710286
2021-02-09,763.3525390625,771.0009941477288,751.4417934690837,762.4764131313533,18421366,3.12567138671875,0.3780158418760222
2021-02-10,749.0975341796875,764.7732794572811,742.1121138356696,761.6949586277138,19788006,-14.2550048828125,0.3413167056855111
2021-02-11,744.6458129882812,756.698657949199,740.7860606113193,749.2159471102909,13648618,-4.45172119140625,0.3298558662379858
2021-02-12,749.1922607421875,754.1886355811185,744.9536726964518,745.3799133148704,9910106,4.54644775390625,0.3415605767361789
2021-02-15,765.60205078125,769.5801999926454,756.1776416929837,757.7878518274786,10355244,16.4097900390625,0.38380715079574723
2021-02-16,770.3616943359375,777.1576684792043,761.742360705804,767.7806058448106,13897358,4.7596435546875,0.39606072829135175
2021-02-17,751.3470458984375,768.0647183895073,749.6894885957936,767.2122372237433,12794426,-19.0146484375,0.3471080146052361
2021-02-18,736.0974731445312,760.558234522015,733.1138471538054,760.558234522015,14720560,-15.24957275390625,0.3078483895161219
2021-02-19,728.8990478515625,740.7860913158588,726.0101735308317,731.6932277267678,17139508,-7.19842529296875,0.2893162323996834
2021-02-22,733.1139526367188,745.3798888586701,729.064753611122,731.7168916782571,29451838,4.21490478515625,0.30016739422053895
2021-02-23,724.1868286132812,737.7077262268455,721.1085077743629,735.8370774568311,18239906,-8.9271240234375,0.2771847475628215
2021-02-24,760.7951049804688,764.3470135121918,718.0775081633502,722.9317831567051,14314332,36.6082763671875,0.37143179490821754
2021-02-25,760.771484375,774.908069216845,758.6876864081806,762.3579920072215,20109570,-0.02362060546875,0.37137098427895965
2021-02-26,726.6731567382812,752.4836927211386,720.3270684390092,751.6075668233725,27912846,-34.09832763671875,0.2835857341092163
2021-03-01,738.2760620117188,744.7405472981088,729.6567290261943,740.6913483244873,13536018,11.6029052734375,0.31345710941466387
2021-03-02,742.6803588867188,751.8206264779094,734.53467191637,746.2322673582679,16110038,4.404296875,0.3247958562034463
2021-03-03,751.5128173828125,755.8461574794367,741.1649351223799,750.1631036638017,11222410,8.83245849609375,0.3475347889439049
2021-03-04,735.031982421875,744.0064482821596,728.8989856058892,733.3744250896104,16291438,-16.4808349609375,0.3051053115963356
2021-03-05,724.5892944335938,731.97725214797,720.3743516815497,725.0628822077333,17445822,-10.44268798828125,0.2782208852613419
2021-03-08,719.61669921875,736.4290669859535,716.3015844477521,730.272425268386,15117050,-4.97259521484375,0.2654190693019616
2021-03-09,739.9810180664062,741.4964760669994,728.4965126660156,731.6932306640625,15066696,20.36431884765625,0.317846474059867
2021-03-10,736.7842407226562,745.9008061309231,735.0793361565595,744.4800426906737,11055016,-3.19677734375,0.30961645463346366
2021-03-12,734.9845581054688,757.7404748656829,726.9809705885083,757.7404748656829,15631204,-1.7996826171875,0.3049832189375927
2021-03-15,723.9500122070312,733.303371388489,717.6276265503748,733.303371388489,12230386,-11.0345458984375,0.276575069936152
2021-03-16,716.1359252929688,729.5147829214408,715.1176997873588,725.015698055229,13722366,-7.8140869140625,0.25645790812378166
2021-03-17,708.1795043945312,728.8516234041614,705.7405156649922,721.8662033617888,21064428,-7.9564208984375,0.2359743112017736
2021-03-18,706.119384765625,720.8243085586888,701.4545566632114,715.9463312672258,18065540,-2.06011962890625,0.23067058724997525
2021-03-19,709.19775390625,715.6858838559789,698.0921427541265,703.2779062108723,21235020,3.078369140625,0.23859576786304393
2021-03-22,695.7715454101562,707.9664315664949,691.6276520560606,707.9664315664949,14015632,-13.42620849609375,0.2040303462324673
2021-03-23,710.4527587890625,713.9099150865279,695.7478342871996,696.1740748748355,19761428,14.68121337890625,0.24182674501757462
2021-03-24,700.3416748046875,713.4363314696999,696.6476667715011,706.0720757291848,16368900,-10.111083984375,0.21579602449332724
2021-03-25,693.0247802734375,708.2743439839369,686.8207908973509,705.7406026954393,23964356,-7.31689453125,0.19695887143014512
2021-03-26,706.2615356445312,709.9081387163341,698.0684432741003,707.5401996278873,12021258,13.23675537109375,0.2310365509593859
2021-03-30,735.8132934570312,740.0045914608381,711.1157375563087,713.5310236156336,25607644,29.5517578125,0.3071167763641185
2021-03-31,707.3744506835938,733.1139368392285,704.698667969491,733.1139368392285,30774506,-28.4388427734375,0.2339017215379151
2021-04-01,704.106689453125,710.0975869218903,693.8061543963869,710.0975869218903,35763762,-3.26776123046875,0.22548895595691976
2021-04-05,686.5128173828125,703.2778359432572,677.7040964544115,700.9098971016974,16006586,-17.5938720703125,0.18019399376400358
2021-04-06,682.0848999023438,692.6932792880586,678.4856438101414,691.4382599253059,15075734,-4.42791748046875,0.16879443634596325
2021-04-07,685.376220703125,689.8753046696546,673.2287402423026,681.6349234429235,25088180,3.29132080078125,0.17726785542280754
2021-04-08,678.556640625,691.8644465891563,677.4673655322455,688.123091309579,17613592,-6.819580078125,0.1597110253756313
2021-04-09,673.323486328125,678.5566548887363,670.1741157477531,675.3362345728195,28157816,-5.233154296875,0.14623840689350565
2021-04-12,647.4182739257812,662.54938215217,640.7643417097112,659.7078551379362,22549128,-25.90521240234375,0.07954611700562175
2021-04-13,663.1886596679688,666.0775336661652,644.5529914266166,647.8681060041231,18600682,15.7703857421875,0.12014656147318226
2021-04-15,677.2778930664062,680.4035609465851,658.7606218714734,665.3908509916752,34444984,14.0892333984375,0.1564189233250246
2021-04-16,676.5912475585938,684.3343968185246,674.1522587343736,679.5748161245511,15606526,-0.6866455078125,0.15465117247450078
2021-04-19,668.8954467773438,671.4054275301584,649.9045868073125,658.2870680749406,24069242,-7.69580078125,0.13483853520864741
2021-04-20,658.9501342773438,675.5257087311528,655.4218701712806,674.8626741907973,23186270,-9.9453125,0.1092345890230686
2021-04-22,673.6786499023438,675.7151005800558,649.3125805575211,653.551168270815,38485312,14.728515625,0.1471527662001011
2021-04-23,669.7241821289062,679.4090292715103,663.1175977980581,667.285193457898,22713528,-3.9544677734375,0.13697209263517296
2021-04-26,665.2962036132812,676.7570059215569,664.3253254418922,669.179600676809,30170952,-4.427978515625,0.12557237808372368
2021-04-27,681.3507690429688,682.9136319631285,665.2961882990259,666.4564553260143,20592906,16.0545654296875,0.1669044357032876
2021-04-28,699.3945922851562,700.4364624788374,677.7042446296256,680.1905809568831,24103940,18.0438232421875,0.21335778538687578
2021-04-29,697.3580322265625,712.1103036895167,691.9117725521276,703.8461619317026,24078552,-2.03656005859375,0.2081147149309266
2021-04-30,668.84814453125,688.5020403312811,666.5748997239481,684.3344441215665,35232902,-28.5098876953125,0.13471675681672224
2021-05-03,669.8663330078125,673.3945972912176,652.2725900591925,659.7078964206457,22473700,1.0181884765625,0.13733805634458363
2021-05-04,657.505615234375,673.9154441830442,655.1140315140075,667.7351002247756,21486328,-12.3607177734375,0.10551571263379333
2021-05-05,664.2542724609375,667.5693872393219,654.3562753461298,663.4965435023666,14421612,6.7486572265625,0.1228899536597865
2021-05-06,663.44921875,668.1377499432683,660.6550389228186,666.6222341637894,11477044,-0.8050537109375,0.1208173639959278
2021-05-07,670.0083618164062,674.8389344089317,667.8772166471722,669.1558806243075,12048334,6.55914306640625,0.1377037057871764
2021-05-10,672.423583984375,677.2305114143073,669.0848248909298,675.809748103648,11060050,2.41522216796875,0.14392163191216123
2021-05-11,664.7041625976562,674.4837041655442,660.6786664019221,661.1285516758652,14519034,-7.71942138671875,0.12404818401704976
2021-05-12,662.7861938476562,667.09583170597,657.7424716999027,662.9045908097584,13774926,-1.91796875,0.11911042377466186
2021-05-14,656.7952880859375,662.5020447148758,654.6641427937886,660.3471969061856,10604142,-5.99090576171875,0.10368699402060244
2021-05-17,682.0848999023438,683.1978197859106,654.166919312643,660.7260994627449,15120692,25.28961181640625,0.16879443634596325
2021-05-18,699.34716796875,702.2123976389103,689.0703345571502,690.9409834750115,22165280,17.26226806640625,0.21323569272813292
2021-05-19,690.5857543945312,700.3653547002302,687.9100293890692,696.2688083859091,10130916,-8.76141357421875,0.19067966327567532
2021-05-20,678.556640625,694.2323856507859,676.5201899075936,690.6567745433202,10684184,-12.02911376953125,0.1597110253756313
2021-05-21,709.10302734375,711.2815196347564,683.3871869956029,683.3871869956029,19341646,30.54638671875,0.23835189681237612
2021-05-24,715.0939331054688,720.06660540615,709.6713754829415,711.9209177142021,22146102,5.99090576171875,0.25377532656643553
2021-05-25,700.4126586914062,716.8935373735985,696.41086487721,715.3543770125982,19236974,-14.6812744140625,0.21597877064791926
2021-05-26,699.5128784179688,704.2250538719275,696.1740613259808,700.9099392941847,12283990,-0.8997802734375,0.21366230993339275
2021-05-27,702.1649169921875,705.172187761946,692.598409375569,697.6421306756245,20439496,2.65203857421875,0.2204899136850471
2021-05-28,712.0155639648438,716.5383506375555,700.3179682784436,706.0720716848272,17750020,9.85064697265625,0.24585014595336685
2021-05-31,717.8881225585938,719.6167297533075,704.4619187285587,710.3817667851011,15661054,5.87255859375,0.26096889402750056
2021-06-01,715.9226684570312,723.168585066384,713.8152258292779,719.9955698673149,11030162,-1.9654541015625,0.2559088839929611
2021-06-02,712.2760620117188,715.2122832918838,707.0665961326437,715.1175888548506,10624016,-3.6466064453125,0.24652079134270344
2021-06-03,720.1139526367188,722.1976927085534,704.5802496675188,714.1704026204795,10287260,7.837890625,0.26669923518455874
2021-06-04,710.8316040039062,720.1613185961918,710.002825332082,717.9591237059993,9424476,-9.2823486328125,0.2428020720868369
2021-06-07,710.3107299804688,717.0120096647036,708.4874283080559,715.1176582521152,8091668,-0.5208740234375,0.24146109557498185
2021-06-08,702.3545532226562,710.9975323361676,701.6204688584695,708.7479898271715,9872540,-7.9561767578125,0.22097812718660959
2021-06-09,701.0520629882812,711.3288954100806,697.1449635294709,702.7569675535597,10223442,-1.302490234375,0.2176249002399271
2021-06-10,701.4072265625,705.1722264064853,697.90266531903,701.9044590603982,11483540,0.35516357421875,0.21853925954652254
2021-06-11,703.917236328125,708.7478667213167,701.4072555985663,706.1194312271526,7205974,2.510009765625,0.22500121385558414
2021-06-14,700.6494750976562,703.7514984338662,692.645887212192,700.0811928397461,8881964,-3.26776123046875,0.21658844827458879
2021-06-15,705.7642822265625,708.4874123207096,698.4473731849562,703.7515338961059,7569602,5.11480712890625,0.22975638507678875
2021-06-16,703.0885009765625,707.5402382681639,700.0101799934681,704.6987112068459,7702098,-2.67578125,0.2228676564290586
2021-06-17,694.3270263671875,700.3179232917837,691.4381524977205,694.2796791518207,9283802,-8.761474609375,0.20031146984319204
2021-06-18,700.8152465820312,705.6458189970701,689.0702460676088,695.9372691383855,11938060,6.48822021484375,0.21701522261325756
2021-06-21,705.0300903320312,706.498258668373,690.9645566822982,692.0774763800032,7260472,4.21484375,0.22786622730070416
2021-06-22,702.7096557617188,714.17045829429,700.909998856465,708.960992086573,14366824,-2.3204345703125,0.22189232935979608
2021-06-23,703.5146484375,709.3398012662327,700.2468811875038,705.645793451279,7844868,0.80499267578125,0.22396476189024583
2021-06-24,713.3416748046875,716.7514840843272,704.6986968360997,705.6458725038901,14785024,9.8270263671875,0.24926418352930746
2021-06-25,717.5328979492188,720.8006654850395,713.6968481510871,715.6385466601647,10383176,4.19122314453125,0.26005437758749617
2021-06-28,714.3361206054688,721.2741931855088,712.749613095332,719.853429837146,9356786,-3.19677734375,0.25182435816109283
2021-06-29,714.4312744140625,717.3563983620929,709.722451918842,716.785656631066,10971692,0.09515380859375,0.2520693291456233
2021-06-30,712.4574584960938,717.7370233979096,710.6500126812062,712.5050106362283,9679022,-1.97381591796875,0.24698779183405972
2021-07-01,707.154052734375,714.4075246053683,705.3704121103602,714.4075246053683,16911442,-5.30340576171875,0.233334312798249
2021-07-02,704.1337280273438,708.3431080594358,702.5165490037177,706.3216487952071,14827036,-3.02032470703125,0.22555856605707825
2021-07-05,711.2921142578125,715.5966570879147,706.107711679034,708.6761078676606,7373882,7.15838623046875,0.243987643657255
2021-07-06,729.9608154296875,732.481717291606,711.5536682261314,712.0293057048922,17669032,18.668701171875,0.2920497251815246
2021-07-07,732.243896484375,735.0263641150248,726.6313510263612,729.6278903585783,9629190,2.2830810546875,0.2979274574761641
2021-07-08,723.1830444335938,731.3877916578379,719.8535817918715,725.3472183752016,8420922,-9.06085205078125,0.27460053151946906
2021-07-09,714.4075927734375,721.0665184051472,712.2672238203879,719.4255920989655,10695842,-8.77545166015625,0.25200836138295624
2021-07-12,707.2730102539062,714.4075732356201,705.8460976575634,714.4075732356201,14458978,-7.13458251953125,0.23364056581226422
2021-07-13,714.336181640625,716.3576410548972,705.8936158516059,711.601265962492,18178142,7.06317138671875,0.2518245152945018
2021-07-14,713.0519409179688,716.9521450358477,709.2230359732336,712.2671274624448,9788494,-1.28424072265625,0.24851827123709103
2021-07-15,723.3019409179688,726.1795710886405,713.2898061320276,715.8344552077314,10438802,10.25,0.2749066274000753
2021-07-16,724.0867919921875,727.7016256569119,722.3983135745475,726.7503505840253,5170628,0.78485107421875,0.2769272059055763
2021-07-19,699.6627807617188,708.1528987460736,697.2845931996463,707.2729809603507,25111600,-24.42401123046875,0.21404822958573821
2021-07-20,686.4161987304688,691.5768534593777,683.0867365748871,685.8692040498094,24174250,-13.24658203125,0.17994525157765873
2021-07-22,689.0560913085938,698.4737379663374,687.2962556086874,692.5758207696305,13207114,2.639892578125,0.18674158578093514
2021-07-23,686.2260131835938,693.217861311592,682.6825369811414,690.3878413695973,13126684,-2.830078125,0.17945562387541591
2021-07-26,682.3258056640625,686.8205568594655,679.2579089216915,680.161631792961,13167166,-3.90020751953125,0.1694146419110314
2021-07-27,684.799072265625,689.6268043734378,683.0629838249257,683.0629838249257,22401430,2.4732666015625,0.17578200190791393
2021-07-28,674.12109375,684.2996904317964,667.7950913834882,682.5636598981887,20670342,-10.677978515625,0.14829182628147408
2021-07-29,674.5728759765625,680.1378114327916,672.2184936053619,679.3292509173456,13702230,0.4517822265625,0.14945492777441438
2021-07-30,678.4730834960938,680.9939854514296,669.6737898129428,674.9296073725011,11655488,3.90020751953125,0.15949590973879868
2021-08-02,676.665771484375,682.5398836091144,673.6216795549884,682.5398836091144,13258786,-1.80731201171875,0.15484303236681107
2021-08-03,682.3970947265625,684.8704445513364,670.6488717578449,670.6488717578449,12033120,5.7313232421875,0.16959817373266817
2021-08-04,696.9517211914062,701.3275634015005,684.9180680218112,685.3937055690486,22053948,14.55462646484375,0.20706867782764315
2021-08-05,706.2503051757812,716.8094921374355,693.1940794890436,697.8077398506728,18822408,9.298583984375,0.23100763841214178
2021-08-06,709.9603881835938,713.4563125026119,701.0897364192333,705.632098166656,13339270,3.7100830078125,0.24055914980769244
2021-08-09,715.311279296875,716.9522055194989,702.0409808514629,709.6511811858961,10998048,5.35089111328125,0.25433487863565474
2021-08-10,717.094970703125,722.8501735007229,708.2243186988494,708.2243186988494,14838346,1.78369140625,0.25892694537838445
2021-08-11,711.0542602539062,722.4220081617676,709.1993204454371,720.5432632537157,12585786,-6.04071044921875,0.24337529476263353
2021-08-12,714.1221923828125,717.0711218163615,708.3669899366287,712.0293756584126,8597674,3.06793212890625,0.2512736055627742
2021-08-13,725.91796875,728.2010520986385,713.9319263227017,714.027030603386,16658428,11.7957763671875,0.2816415224404578
2021-08-16,728.0107421875,730.1035587891065,723.6586474723767,725.8941785477451,6252778,2.0927734375,0.2870293127660368
2021-08-17,720.4244384765625,724.8716380293928,715.9772389237322,721.6372794121205,8282666,-7.5863037109375,0.26749857283581346
2021-08-18,719.6395263671875,744.5391374947473,717.4278004141593,740.4248615711514,22985932,-0.784912109375,0.26547783719690354
2021-08-20,720.471923828125,722.8739164966347,706.8211504103504,706.8211504103504,13150406,0.8323974609375,0.26762082262796527
2021-08-23,725.1569213867188,729.2236452390042,717.570526480986,727.6540182634369,10843054,4.68499755859375,0.2796822259644418
2021-08-24,741.447509765625,744.1348732691891,726.5124805626797,727.725379419533,18381314,16.29058837890625,0.3216219184763591
2021-08-25,740.7578735351562,744.2776027396884,736.2868693056814,738.2369714945701,7727974,-0.68963623046875,0.31984646808879735
2021-08-26,739.521240234375,747.2265448434088,734.122707926727,737.2381569110653,11119002,-1.23663330078125,0.3166627880903561
2021-08-27,736.5008544921875,741.35239176859,734.9788377356009,738.189390820678,6382138,-3.0203857421875,0.30888688421577637
2021-08-30,745.9185180664062,746.750883701105,737.9991419868863,739.9016920090548,9049166,9.41766357421875,0.3331324120811079
2021-08-31,752.173095703125,753.1005655316161,743.04082157555,743.6591735020199,12062576,6.25457763671875,0.3492346581617687
2021-09-01,751.0792236328125,760.0687847011596,748.8913025732014,749.1291213418814,12422558,-1.0938720703125,0.34641851320682737
2021-09-02,755.7880249023438,757.2149374729586,747.3454588595391,748.701014189379,9618524,4.70880126953125,0.35854119857278866
2021-09-03,749.6286010742188,760.0688223113899,745.9424099772768,754.4087237244855,10735334,-6.159423828125,0.34268392347665855
2021-09-06,744.70556640625,751.9590378515261,742.9219258869199,751.4834003797047,7876896,-4.92303466796875,0.3300096998453337
2021-09-07,746.3941650390625,752.4585433116437,739.7114347769459,743.1836118359313,7245496,1.6885986328125,0.3343569527369419
2021-09-08,749.794921875,751.7450238964017,744.6580139570113,747.6783002895594,6724080,3.4007568359375,0.34311211201600744
2021-09-09,746.0849609375,751.2456161314306,742.4701275979534,748.6534150154891,8250948,-3.7099609375,0.3335609148872749
2021-09-13,739.8779907226562,753.4098553676172,738.9742677939986,742.9458295986225,8959164,-6.20697021484375,0.3175812328655838
2021-09-14,736.5484619140625,744.1348566916412,735.6209339673617,741.9944879763249,9758506,-3.32952880859375,0.30900944827474586
2021-09-15,735.7161254882812,739.521225577569,730.1035796320939,730.1035796320939,14822998,-0.83233642578125,0.3068666199770931
2021-09-16,741.970703125,744.0397727219095,730.7219225742858,731.411573732443,10260550,6.25457763671875,0.3229688660577539
2021-09-17,752.5298461914062,755.7879512981008,741.6139312525427,746.2752017537572,20498102,10.55914306640625,0.3501531029369964
2021-09-20,741.9231567382812,752.3158246968031,741.04323895895,743.8970640127071,8781610,-10.606689453125,0.3228464591321931
2021-09-21,738.1655883789062,746.1087693954601,727.2259259755568,742.9457684361612,14774996,-3.757568359375,0.3131726979444909
2021-09-22,729.4852294921875,737.3095014073501,727.7253939209189,736.7625066558845,10582202,-8.68035888671875,0.29082534165909935
2021-09-23,746.7508544921875,747.7021294660628,733.4330048579319,733.4330048579319,13664304,17.265625,0.33527524037876066
2021-09-24,761.75732421875,764.8013580210053,749.1291243270337,751.0316744840547,20806702,15.0064697265625,0.3739090031000851
2021-09-27,772.95849609375,777.9051377473095,764.8251063880609,768.487491944163,16415462,11.201171875,0.4027461263079197
2021-09-28,768.1784057617188,776.2404385627441,752.4585623812875,776.2404385627441,12773790,-4.78009033203125,0.39043990912032167
2021-09-29,758.0948486328125,764.1592270047574,753.9568254387971,759.5931184310665,16263036,-10.08355712890625,0.3644800557635042
2021-09-30,758.6180419921875,764.0403213516778,752.9817489724259,754.361109397566,15975348,0.523193359375,0.3658270033448989
2021-10-01,752.7914428710938,755.7879823250635,744.4915917774107,752.9341573446038,11128596,-5.82659912109375,0.3508265767276937
2021-10-04,754.2421875,761.6621211029538,753.2195552330974,755.7880094198329,7051028,1.45074462890625,0.3545614807246804
2021-10-05,758.8558349609375,759.8309150717456,749.7236180793985,757.2149087913734,10257178,4.6136474609375,0.36643919510611145
2021-10-06,768.1070556640625,773.7909008998,754.8367570191563,759.1174947716279,18600830,9.251220703125,0.39025622016527617
2021-10-07,766.01416015625,774.1951015729854,764.3494289792573,773.6719119581737,11265724,-2.0928955078125,0.3848681155728795
2021-10-08,762.2804565429688,771.4840306228035,761.0913627843023,766.7276555881376,7245562,-3.73370361328125,0.3752557935480709
2021-10-11,777.0965576171875,782.4236743028476,760.5443496718865,760.9724350269096,13080848,14.81610107421875,0.4133994571669255
2021-10-12,775.098876953125,780.7827800509983,772.9109560129631,772.9109560129631,8176946,-1.9976806640625,0.4082564806924682
2021-10-13,779.7601928710938,783.8506640933167,775.2891883932683,778.6186511655094,6225644,4.66131591796875,0.4202569162662775
2021-10-14,802.5908203125,803.8274663407793,779.0943135302938,779.0943135302938,14757288,22.83062744140625,0.479033767812447
2021-10-18,794.4573364257812,820.4746843514532,792.9115145567133,810.9619343879581,28856456,-8.13348388671875,0.45809432687111706
2021-10-19,803.208984375,804.9926249141711,794.7902242545991,796.9067878032625,8987540,8.75164794921875,0.48062521497814514
2021-10-20,796.1458740234375,807.9892602226093,791.6748695952446,803.3993464110135,10908568,-7.0631103515625,0.4624414226293163
2021-10-21,797.3110961914062,799.9984013872862,789.9624626090248,795.170727624711,9738190,1.16522216796875,0.4654412565393031
2021-10-22,799.4277954101562,812.3889183760505,794.6714200098281,799.1186193968903,12175554,2.11669921875,0.4708906431611848
2021-10-25,788.13134765625,803.827385358517,767.5838306159519,803.827385358517,16426766,-11.29644775390625,0.44180823470200203
2021-10-26,786.1099243164062,796.1458645438692,783.0658325252933,784.8019211145486,12090656,-2.02142333984375,0.43660413333146875
2021-10-27,781.3773803710938,791.9603157232438,778.7613738795511,786.109950708577,13249642,-4.7325439453125,0.42442032306943145
2021-10-28,757.9758911132812,784.8018571141539,754.9080525326855,784.8018571141539,17797750,-23.4014892578125,0.36417380274948896
2021-10-29,752.8628540039062,761.9713243308421,741.9945480375242,756.2636739613226,12406874,-5.113037109375,0.35101042281614814
2021-11-01,763.5408935546875,766.252004050304,753.1957780437663,753.885429186674,8122320,10.67803955078125,0.37850075557599694
2021-11-02,764.2305908203125,771.4840630530865,761.043842637615,763.873862677717,13237722,0.689697265625,0.38027636309696766
2021-11-03,752.1968994140625,765.728821094555,749.3906846195152,763.4457378753382,10207338,-12.03369140625,0.34929594019125343
2021-11-04,758.1423950195312,759.9973929432354,756.3112021961033,758.6418376355663,1096808,5.94549560546875,0.36460246268906493
2021-11-08,761.138916015625,763.2554796846038,746.9648951674751,757.2624587445608,18943580,2.99652099609375,0.37231692740075095
2021-11-09,747.821044921875,758.4515312291761,746.2990281757783,758.4515312291761,12695476,-13.31787109375,0.3380304175710349
2021-11-10,739.7352294921875,746.2752451845312,737.2381325914745,745.7996076796335,13714126,-8.0858154296875,0.31721369782208386
2021-11-11,736.4295654296875,739.5687613215156,730.3889343351215,737.2619310557671,7999404,-3.3056640625,0.3087033523941396
2021-11-12,738.6650390625,741.5426691680743,734.8837441539887,737.2381265594817,14914092,2.2354736328125,0.3144585206298096
2021-11-15,740.6865234375,747.6308195742927,739.3309681261308,742.9933537829838,9533594,2.021484375,0.31966277913375185
2021-11-16,736.286865234375,740.6627071004274,733.2427735591466,739.6163278032643,8245406,-4.399658203125,0.3083359744840486
2021-11-17,728.10595703125,734.3843492276189,727.0119674834298,731.0073343634929,7598878,-8.180908203125,0.287274440883976
2021-11-18,732.1964111328125,734.1465133558511,725.4661286012387,725.8466618423676,9152874,4.0904541015625,0.2978052076840123
2021-11-22,720.7572631835938,738.5223119294355,713.0044068868091,735.3355639518028,15261272,-11.43914794921875,0.26835542131473833
2021-11-23,720.8524780273438,726.6790377392206,711.7202026626078,714.407566305228,11235214,0.09521484375,0.26860054943267775
2021-11-24,722.0415649414062,730.7456967746908,720.1390148495992,724.8715849784808,30802286,1.1890869140625,0.27166182250555826
2021-11-25,725.7990112304688,729.294993262682,716.7857039376246,720.4956996177941,10251652,3.7574462890625,0.2813352694264426
2021-11-26,708.65234375,716.6430191487968,706.3217083190601,713.4562710293536,18624936,-17.14666748046875,0.23719162372079672
2021-11-29,714.0508422851562,717.0949340909893,695.3820692229132,710.983003439544,12990996,5.39849853515625,0.2510899166077285
2021-11-30,710.3884887695312,727.2498167576367,707.0590259066774,711.078139995204,25221542,-3.662353515625,0.24166128353796568
2021-12-01,715.66796875,716.8095103506997,708.2717824753072,711.0780553091722,8677634,5.27947998046875,0.2552531662774735
2021-12-02,725.7039184570312,727.15463606218,713.4562527842353,715.596621542588,11203110,10.03594970703125,0.2810904555753213
2021-12-03,719.901123046875,730.5553560310378,716.809479461367,725.7276821118706,8124694,-5.80279541015625,0.2661513109876008
2021-12-06,715.2637329101562,722.3982957810733,712.1958360389292,719.6395749131635,7029532,-4.63739013671875,0.254212471710094
2021-12-07,725.6801147460938,728.6766542380091,718.165077039117,720.0913740885894,12427534,10.4163818359375,0.28102917354583634
2021-12-08,739.0455932617188,739.6401401548495,729.6279472500399,730.5792222790491,15295534,13.365478515625,0.3154382474345221
2021-12-09,726.2271118164062,739.4736046987022,723.9202815328325,734.9550484079257,11747744,-12.8184814453125,0.28243740315671606
2021-12-10,724.1819458007812,726.7741471193556,717.4754101669981,725.2996823860045,7779384,-2.045166015625,0.27717217689010676
2021-12-13,718.7596435546875,731.3640377223576,716.8808405306988,725.8228490514963,10322142,-5.42230224609375,0.26321260197369
2021-12-14,714.6215209960938,721.0664321863622,712.0531250085195,714.6453260949929,9191100,-4.13812255859375,0.25255911398127506
2021-12-15,713.456298828125,724.5624236009718,711.387287173768,714.8832114257813,10115148,-1.16522216796875,0.24955928007128825
2021-12-16,713.5038452148438,721.5421310623909,710.6024679019197,719.5444766662719,13210432,0.04754638671875,0.249681686996849
2021-12-17,700.637939453125,716.3101740201104,698.0932320273793,712.0294359283567,14994768,-12.86590576171875,0.21655875006030012
2021-12-20,678.0925903320312,693.4794513193636,672.5989541701382,690.6256264168148,21156668,-22.54534912109375,0.15851634006749515
2021-12-21,685.7742309570312,690.0311637314365,680.1616847395859,684.6802413864573,9118750,7.681640625,0.17829252238247562
2021-12-22,687.3914184570312,692.5283276282156,682.8728613742923,690.7684917783773,8577484,1.6171875,0.18245592918562936
2021-12-23,686.8681030273438,693.3843716225142,683.4197311478777,691.220197770224,9779166,-0.5233154296875,0.18110866733741693
2021-12-24,684.394775390625,690.6256147099941,679.2103152933,687.5339711179728,5561024,-2.47332763671875,0.17474115020712544
2021-12-27,690.0548706054688,691.5768872980073,676.4278453611157,679.6383983110893,4705098,5.66009521484375,0.1893129168847547
2021-12-28,694.811279296875,697.7126564182305,691.2915502045277,694.7636690981695,5450678,4.75640869140625,0.20155816630968593
2021-12-29,691.505615234375,694.9064352050838,688.4377763732563,692.5520526429435,7668702,-3.3056640625,0.19304782088174166
2021-12-30,695.144287109375,697.6889364181256,687.2962674464912,693.7173744433961,7215918,3.638671875,0.20241548618883765
2021-12-31,703.6581420898438,706.2265962494574,695.1442190705774,695.1442190705774,6325736,8.51385498046875,0.22433418253465298
2022-01-03,722.8025512695312,724.3959253104654,704.1813312029835,706.3216999908345,9069184,19.1444091796875,0.27362096184816553
2022-01-04,727.0357055664062,729.1047170271323,717.1662276895983,722.9689818191866,8857352,4.233154296875,0.2845191065582928
2022-01-05,744.3013305664062,747.7021503050373,726.8216524342752,730.9597335226943,14332638,17.265625,0.32896900527795414
2022-01-06,732.36279296875,739.4973550044904,727.749132743457,733.9086147431605,9628930,-11.93853759765625,0.2982335533567704
2022-01-07,737.499755859375,745.2050602081262,730.5316548059,734.3843069802756,11179384,5.136962890625,0.31145852958641385
2022-01-10,741.5902099609375,747.7021401431209,735.0977465592833,741.0432152309048,8856496,4.0904541015625,0.32198929638645013
2022-01-11,744.80078125,746.1325314282669,736.191754015291,742.731769713943,8389198,3.2105712890625,0.3302548279632729
2022-01-12,740.401123046875,749.9138730090968,738.1893970684148,745.7995970381922,21085530,-4.399658203125,0.3189280233135696
2022-01-13,726.7741088867188,739.6163215437484,723.1592754547615,739.6163215437484,41963896,-13.62701416015625,0.28384563276759556
2022-01-14,734.9312744140625,736.6197526556398,722.4933425207672,727.7253548760855,11208968,8.15716552734375,0.3048460414715921
2022-01-17,723.6824951171875,740.0919897485006,722.5647585444003,727.7254140843227,22989372,-11.248779296875,0.275886354204788
2022-01-18,727.36865234375,737.6662159084163,724.3959179463994,729.1522929821604,12341152,3.6861572265625,0.2853762693040358
2022-01-19,722.2317504882812,732.3628526288228,719.8060108107658,729.6279369589961,14317626,-5.13690185546875,0.27215145020780107
2022-01-20,717.7369995117188,727.0119309169397,713.5038140786304,726.9881258170541,15197846,-4.4947509765625,0.2605798317069765
2022-01-21,723.72998046875,727.6302426550222,706.6070311292943,713.4562224773198,11537694,5.99298095703125,0.2760086039969398
2022-01-24,707.1065063476562,723.5635523601698,698.0218416410312,718.1888253449379,11868508,-16.62347412109375,0.23321190587268847
2022-01-25,707.7724609375,711.0781185988046,686.8206041850661,693.7887057220415,13594248,0.66595458984375,0.23492638849758318
2022-01-27,701.5415649414062,706.3217454329671,682.5398684823622,689.6744315675436,28617838,-6.23089599609375,0.21888511017958945
2022-01-28,695.9766845703125,707.130362526873,694.4308624450068,702.7545200428066,24925208,-5.56488037109375,0.20455847161989937
2022-01-31,706.6546630859375,709.4371891168743,697.6651601162798,700.4951802272873,12842546,10.677978515625,0.23204864724633922
2022-02-01,712.029296875,721.5420463322478,700.8280111646047,717.4991278129174,14739484,5.3746337890625,0.24588550097037754
2022-02-02,728.296142578125,730.1035883666477,716.1198337589774,719.1401203787386,13969290,16.266845703125,0.28776406858621884
2022-02-03,720.7572631835938,732.457933895551,717.7369767162163,727.1308172000766,10564762,-7.53887939453125,0.26835542131473833
2022-02-04,724.8715209960938,729.0809010904223,720.1626983222618,726.9643375245986,11579958,4.1142578125,0.2789474701442596
2022-02-07,698.3072509765625,722.4934077542481,694.4307934965123,719.211497186438,12268042,-26.56427001953125,0.21055845370669068
2022-02-08,695.3106689453125,703.2062398464973,687.0821750180488,702.23121780657,13981130,-2.99658203125,0.2028438318615957
2022-02-09,712.3147583007812,713.313585508527,697.7602613931682,701.0897241264689,11308342,17.00408935546875,0.2466204139239685
2022-02-10,725.3947143554688,730.3413557953064,714.2410385936968,720.1151499017218,14314530,13.0799560546875,0.28029441772565433
2022-02-11,722.4220581054688,725.3472405566795,713.2184834195023,713.5752115705957,10711104,-2.97265625,0.2726413921768618
2022-02-14,700.9468994140625,713.1945639712604,698.8541410454925,708.6998132126188,14656620,-21.47515869140625,0.2173541593763313
2022-02-15,721.922607421875,725.2996219974043,700.6378296890821,702.0409370637402,13135066,20.9757080078125,0.27135556949154305
2022-02-16,720.947509765625,729.9846218788012,716.7856818187674,729.7943552747017,10032264,-0.97509765625,0.2688452061503903
2022-02-17,716.5479125976562,723.9202940415751,714.4075437913573,719.6871085679842,7351208,-4.39959716796875,0.257518558634096
2022-02-18,719.3303833007812,721.5421093550166,708.9139101230298,712.6477110600987,7796128,2.782470703125,0.2646819564806453
2022-02-21,723.9678344726562,728.0583054018553,711.3396935564448,715.3588072476773,7468066,4.637451171875,0.2766209528915613
2022-02-22,718.5455322265625,723.9678112195843,707.7247793394828,708.6047551441089,9536196,-5.42230224609375,0.26266137797514433
2022-02-23,713.88427734375,725.6800515483579,711.3871806716929,725.3946806837941,9029562,-4.6612548828125,0.2506610995347438
2022-02-24,675.119873046875,701.5415010977686,669.2933137242217,689.6268166665427,23630766,-38.764404296875,0.15086315738529388
2022-02-25,692.5757446289062,697.2370153028564,681.5171728738023,684.8941874749454,18318654,17.45587158203125,0.19580284094060696
2022-02-28,678.3779296875,684.2282936903597,672.5751758797768,678.2590203220859,24880832,-14.19781494140625,0.15925093875426843
2022-03-02,653.6448364257812,665.1314936990638,644.2034436334029,659.4713958190617,38505560,-24.73309326171875,0.09557623885158106
2022-03-03,652.0990600585938,662.0874482870623,648.2464076398575,656.8554354054835,17527922,-1.5457763671875,0.09159667813688177
2022-03-04,649.9586791992188,659.2336109550803,635.8798200435912,646.8670352805982,21219364,-2.140380859375,0.08608632375233327
2022-03-07,630.12451171875,633.7155395995137,616.925572591549,627.1279725843061,27054458,-19.83416748046875,0.03502377978444127
2022-03-08,631.5514526367188,634.50038171104,614.5236080739608,619.3750870184799,39212492,1.42694091796875,0.03869740175194325
2022-03-09,652.17041015625,653.8588885491644,627.2945441400525,632.5979142059786,23134694,20.61895751953125,0.09178036709192727
2022-03-10,662.42041015625,678.7348017766328,656.4987457268377,678.7348017766328,22273206,10.25,0.11816872325491179
2022-03-11,664.3704833984375,670.149432575976,652.9075731964616,660.1848501728542,15150780,1.9500732421875,0.12318913567039957
2022-03-14,686.1309204101562,689.6743966720176,673.0270836488999,673.0270836488999,25018126,21.76043701171875,0.1792108100242944
2022-03-15,677.3078002929688,689.436556548215,671.4812409154484,686.5827315469807,18867928,-8.8231201171875,0.15649591869540314
2022-03-16,688.79443359375,692.0525387446689,683.1105308271242,688.2474388752825,13364108,11.48663330078125,0.1860679548568287
2022-03-17,703.96728515625,708.6047506498716,699.4487290342597,700.1383801652347,14823954,15.1728515625,0.22513006325091123
2022-03-21,707.03515625,710.4359760473683,700.5189456092843,707.2729750042046,12257876,3.06787109375,0.23302821691764275
2022-03-22,710.6737670898438,712.5049598135698,693.0989270027054,704.561836957358,10461814,3.63861083984375,0.24239572509133
2022-03-23,703.5867919921875,722.3982788795391,700.8994284281059,716.785732994576,31188256,-7.08697509765625,0.22415049357960748
2022-03-24,686.178466796875,699.0206795927611,682.3258145703531,697.2845910655177,20160044,-17.4083251953125,0.17933321694985516
2022-03-25,680.5897216796875,690.6256614843303,674.9296237233227,690.1500239764209,16366462,-5.5887451171875,0.1649451392272714
2022-03-28,681.4934692382812,683.966761144496,666.6535436173285,680.58974632828,15754886,0.90374755859375,0.16727181361337862
2022-03-29,690.530517578125,694.5496310648167,680.16159727628,685.3936095630206,12377448,9.03704833984375,0.1905374575405887
2022-03-30,702.4927978515625,705.2515186367268,691.6007453109708,700.1384153992661,20109742,11.9622802734375,0.22133403435784849
2022-03-31,699.3535766601562,706.1789630767555,697.237013039462,699.6627526430442,14295714,-3.13922119140625,0.21325219173607124
2022-04-01,716.3101196289062,718.2126697474425,699.3298830454588,702.2312603639822,14568556,16.95654296875,0.2569063668728835
2022-04-04,788.0361938476562,819.0952862089551,743.2073617126769,751.5072124484601,97450970,71.72607421875,0.44156326371747157
2022-04-05,764.9440307617188,792.7450201895066,761.9712963036054,792.7450201895066,30922582,-23.0921630859375,0.3821130955140142
2022-04-06,737.6423950195312,756.1685102240006,735.9776637926485,755.1696250388968,27027860,-27.3016357421875,0.3118257503630961
2022-04-07,721.4231567382812,733.1238272791691,719.9724391818007,733.100080241604,40781732,-16.21923828125,0.2700697468062243
2022-04-08,720.4244384765625,725.7040037554764,712.1721384616357,719.211539479779,41256322,-0.99871826171875,0.26749857283581346
2022-04-11,711.6251220703125,718.2126904332335,710.2457615824013,716.3101402599004,20799066,-8.79931640625,0.24484496353640695
2022-04-12,710.3645629882812,716.7143116143333,704.0148143622292,705.8460070134646,27435402,-1.26055908203125,0.24159968724166303
2022-04-13,696.78515625,714.5502639320367,695.691224799288,708.6998992573039,28892520,-13.57940673828125,0.20663986075465846
2022-04-18,663.7283325195312,680.9464450214841,661.15993644386,674.8582617385757,45620376,-33.05682373046875,0.12153593507498961
2022-04-19,638.400634765625,660.9221170332797,631.1709679279387,656.8078410106541,74096022,-25.32769775390625,0.056330441502453255
2022-04-20,644.1558837890625,646.8194421533099,635.142518406885,644.2271829644586,49325736,5.7552490234375,0.07114717916461277
2022-04-21,653.6924438476562,656.2847032867525,643.68030843123,649.2452444448392,52446270,9.53656005859375,0.09569880291055077
2022-04-22,644.7742309570312,654.1680722750773,641.7063920801837,646.8670477236759,20659148,-8.918212890625,0.072739097730538
2022-04-25,649.6019897460938,651.9326253742684,628.9117561352901,642.11069826632,20935488,4.8277587890625,0.08516803611051449
2022-04-26,652.5984497070312,657.3072144691479,645.5114394033479,652.5746446077407,17016842,2.9964599609375,0.09288234368879178
2022-04-27,652.8362426757812,655.904081179801,645.0119713376686,646.8669691113338,18054334,0.23779296875,0.0934945354500043
2022-04-28,652.2655029296875,655.9041415782432,647.8658558596376,652.5746789306378,20773722,-0.57073974609375,0.09202518094304879
2022-04-29,658.5677490234375,668.1518573977863,652.3607137487355,656.5462894086016,28401476,6.30224609375,0.10825014821608803
2022-05-02,667.65234375,668.9603468911126,647.8420880799416,647.8420880799416,19494316,9.0845947265625,0.13163819906885887
2022-05-04,644.9644775390625,667.6048118935288,642.1106524172083,665.8925284326605,29055916,-22.6878662109375,0.07322888256618976
2022-05-05,643.5137939453125,654.001625047842,640.4459550013958,654.001625047842,17862912,-1.45068359375,0.06949413570261198
2022-05-06,626.699951171875,634.9760551888268,624.5120303093106,632.5978677162095,26731268,-16.8138427734375,0.026207338475890962
2022-05-09,627.7700805664062,630.9330812402754,616.1883202011134,618.3286887390562,32762434,1.07012939453125,0.02896235853475626
2022-05-10,637.8536987304688,643.537543685614,625.4871236116026,625.4871236116026,20113812,10.0836181640625,0.05492236902498249
2022-05-11,641.4447631835938,644.4888549965599,631.9558176573953,643.5375799338344,17102924,3.591064453125,0.06416747027310898
2022-05-12,626.985595703125,638.4133285913138,622.1498368180273,635.6706374563736,22382290,-14.45916748046875,0.026942722829708776
2022-05-13,621.35595703125,634.1790892090257,619.262889083472,630.353829122959,16768238,-5.629638671875,0.01244936572313815
2022-05-16,627.9719848632812,631.292053906236,618.4448991695826,625.0368734940553,9804356,6.61602783203125,0.02948215585151459
2022-05-17,632.2544555664062,633.6979588896172,624.6519812363082,631.580808934981,16641444,4.282470703125,0.04050726435606178
2022-05-18,632.2063598632812,641.5410265716883,630.3297937681616,637.0902245927911,15732384,-0.048095703125,0.04038344322982068
2022-05-19,619.2869873046875,623.7858941010936,615.0767694162303,618.8779477207698,20537506,-12.91937255859375,0.007122857427044327
2022-05-20,635.5984497070312,637.1622447317521,621.837065236746,626.9615129880896,13919350,16.31146240234375,0.04911628956481762
2022-05-23,627.4427490234375,639.9290287015857,625.0850152898169,632.2544265466233,19486320,-8.15570068359375,0.028119652062635447
2022-05-24,634.63623046875,637.5473190805823,624.0265159854545,625.5181243809486,12870796,7.1934814453125,0.04663908137295003
2022-05-25,639.375732421875,642.8160348600121,636.6811460213428,639.9531102298189,12887112,4.739501953125,0.05884080484360599
2022-05-26,657.6119384765625,659.6809832899339,644.7647830842534,645.7993054909392,26992428,18.2362060546875,0.10578943903215876
2022-05-27,669.8095092773438,671.0845566723668,659.5606139411736,660.0658635123912,24031718,12.19757080078125,0.13719176514086473
2022-05-30,674.3806762695312,683.4987815396562,672.8890092715018,678.5668121550864,12624674,4.5711669921875,0.14896011466967662
2022-05-31,668.3179321289062,675.944488061126,664.0115042012508,671.662083279525,13485388,-6.062744140625,0.1333517388933001
2022-06-01,671.1568603515625,673.8513881488794,663.6025497657505,664.0115306279351,12091896,2.83892822265625,0.1406604851431148
2022-06-02,666.4654541015625,667.860852355906,663.3378636546508,667.4999765351084,11475020,-4.69140625,0.12858258279870016
2022-06-03,664.1558837890625,673.995741003826,662.231212745682,672.8169034842749,6957244,-2.3095703125,0.1226366546045825
2022-06-06,663.2656860351562,667.3796939444019,654.7009350100217,662.2312223234171,6173266,-0.89019775390625,0.12034486383525889
2022-06-07,655.63916015625,661.2688580365657,651.5492343077399,655.3504712553794,10253966,-7.62652587890625,0.10071057298854713
2022-06-08,657.9487915039062,664.4926611407994,652.9446351687653,660.7876929692908,5986588,2.30963134765625,0.10665665831607352
2022-06-09,662.9048461914062,664.9979730840081,653.0168832680971,655.4708272698372,7311816,4.9560546875,0.11941589112163253
2022-06-10,650.1057739257812,658.2134392480132,646.4970155862447,654.4362839332251,9155430,-12.799072265625,0.08646501526786765
2022-06-13,638.317138671875,639.9531208031428,629.511803905611,636.8736353918679,10892572,-11.78863525390625,0.056115482999029576
2022-06-14,631.2920532226562,638.0284013515566,627.9238791582061,630.9311774300365,11870356,-7.02508544921875,0.03802958476396756
2022-06-15,629.102783203125,633.1205811087782,624.7482500861813,626.3120453531265,11810470,-2.18927001953125,0.03239336651886182
2022-06-16,616.520263671875,635.4060979237764,614.9323865969412,630.3297546494468,12169192,-12.58251953125,0.0
2022-06-17,620.5861206054688,625.0369224008559,611.8529139840168,613.4888961209325,14723922,4.06585693359375,0.010467442036235397
2022-06-20,636.1759033203125,637.5472195547377,622.7032073599105,627.779491488929,15936840,15.58978271484375,0.05060292874675576
2022-06-21,643.104736328125,651.5010895040998,637.0901398592911,643.2731332819936,13220684,6.9288330078125,0.06844102759592641
2022-06-22,640.0733642578125,643.2971645111071,636.6811083122385,641.0356997049206,8159698,-3.0313720703125,0.060636839707738144
2022-06-23,642.43115234375,648.6141463686242,634.419697319756,640.193710492177,15372244,2.3577880859375,0.0667069032949148
2022-06-24,651.4049682617188,655.1821236118307,644.0671595693715,644.0671595693715,8013432,8.97381591796875,0.0898097570104679
2022-06-27,652.5838012695312,662.0868649193548,650.5388382056451,659.1998582409274,9804164,1.1788330078125,0.09284463167064727
2022-06-28,647.6036987304688,650.0576425546589,643.9949405371601,646.6894682409041,9770574,-4.9801025390625,0.0800234883019677
2022-06-29,646.6654052734375,649.9373696255954,640.5545980485462,640.5545980485462,9994046,-0.93829345703125,0.07760787640640299
2022-06-30,648.6141967773438,651.5012035879254,642.8401831561805,642.8401831561805,12475822,1.94879150390625,0.08262498902030302
2022-07-01,651.380859375,654.3881578947369,639.9772068826776,646.6653918015329,11472452,2.76666259765625,0.0897476893139384
2022-07-04,652.2951049804688,654.4843831117648,645.8474450575549,651.3567925787985,8487480,0.91424560546875,0.09210139064638256
2022-07-05,650.8275146484375,663.6987525096566,648.7585284770123,656.3128389795442,14325718,-1.46759033203125,0.08832311782852953
2022-07-06,659.8013305664062,660.8358530598603,648.1811167165542,648.6141794738492,15049078,8.97381591796875,0.11142597154408262
2022-07-07,671.6139526367188,672.6724981664967,661.3409744346241,664.0114788767993,17743142,11.8126220703125,0.14183725724263252
2022-07-08,672.2394409179688,678.4465165399553,671.1087084709948,678.4465165399553,12474030,0.62548828125,0.14344756041740303
2022-07-11,676.5940551757812,678.3984342696596,670.3869793455802,670.7478551643559,7462880,4.3546142578125,0.15465840061131186
2022-07-12,669.6893310546875,676.1610141176355,668.5345166503326,676.1610141176355,9876974,-6.90472412109375,0.13688236945867072
2022-07-13,653.3535766601562,670.8440115296884,651.6213846159309,668.8231306008078,15945610,-16.33575439453125,0.09482639822414107
2022-07-14,650.0817260742188,660.4749379498609,649.215600611124,655.350489555198,10372410,-3.2718505859375,0.0864031047047471
2022-07-15,655.3745727539062,656.7458891263111,648.0367643942972,651.0199810197498,13595646,5.2928466796875,0.10002939966081192
2022-07-18,648.3975830078125,657.3232089503867,645.7511605542314,648.6140849867697,20332220,-6.97698974609375,0.08206732255199123
2022-07-19,648.6382446289062,653.6905062823398,643.3213172038678,643.3213172038678,15792538,0.24066162109375,0.08268689958342379
2022-07-20,656.8179931640625,659.7290225107647,652.1025262039135,654.3399677588443,20347862,8.17974853515625,0.10374544764872651
2022-07-21,654.7490844726562,658.9593027266601,653.4739780541829,654.6528744070862,12640278,-2.06890869140625,0.09841909648604141
2022-07-22,670.0260620117188,672.1913167902127,655.5429251294964,657.2751172050325,12729592,15.2769775390625,0.13774927447576757
2022-07-25,671.9989013671875,675.8482435588785,665.5994052152816,671.2290446761094,10143126,1.97283935546875,0.14282829765278837
2022-07-26,670.6275634765625,674.5971974845852,667.0428871698978,671.710190933296,8527964,-1.371337890625,0.13929782422082648
2022-07-27,675.7520141601562,676.5218708292028,666.0564720450384,668.2939138771885,9212778,5.12445068359375,0.1524905881016383
2022-07-28,681.7425537109375,685.182915066855,678.9277339602053,680.8764869533358,17420406,5.99053955078125,0.16791307505524422
2022-07-29,690.0907592773438,692.2079091114783,680.9967358477592,691.9192202105274,20019736,8.34820556640625,0.1894053113292089
2022-08-01,695.8407592773438,696.9474098698968,688.0939701842794,692.4003980885738,13193036,5.75,0.20420853551820017
2022-08-02,688.1901245117188,695.0948694760442,684.7257404575668,693.8438451640611,15036510,-7.650634765625,0.18451217697495892
2022-08-03,689.8021240234375,690.8366465072402,681.8147505490226,685.6400109407862,10975498,1.61199951171875,0.18866222743835315
2022-08-04,688.984130859375,696.1053785024752,679.8659665183745,692.8815779882993,12012206,-0.8179931640625,0.18655632549180012
2022-08-05,686.6505126953125,691.4140267889854,683.8116110098687,689.5134375282818,9268982,-2.3336181640625,0.18054848673456192
2022-08-08,703.4913330078125,704.6701705018421,686.6744848885744,687.1075476112192,15357736,16.8408203125,0.22390473692803248
2022-08-10,705.5363159179688,708.0383647964982,697.2361719881424,703.154500244152,17353102,2.04498291015625,0.22916949179441493
2022-08-11,714.8709716796875,717.4211844953526,709.5059977383994,715.2559294113627,18301766,9.33465576171875,0.2532013182235944
2022-08-12,714.6063232421875,716.6031812290219,710.1795445295438,714.5341363296417,8850370,-0.2646484375,0.2525199877624502
2022-08-16,722.7861328125,725.8415362160341,716.0016794217771,719.2495616686834,12563756,8.1798095703125,0.2735786929611619
2022-08-17,726.51513671875,727.8864529443167,714.8949247807096,721.7515646448355,12384350,3.72900390625,0.2831789157134823
2022-08-18,727.3812866210938,728.4398909455316,721.5832502964957,721.7516472669315,8342138,0.86614990234375,0.2854087959196854
2022-08-19,718.407470703125,727.5255752850977,716.9398856976162,726.563239868054,8063702,-8.97381591796875,0.2623059422041323
2022-08-22,707.4849853515625,716.1460048012029,706.2098790742172,714.4378945404134,8234066,-10.9224853515625,0.23418629014149706
2022-08-23,705.2957153320312,710.1795210324121,697.8857201939286,699.2811184238794,14966884,-2.18927001953125,0.22855007189639132
2022-08-24,708.6878662109375,709.9629724189963,702.1199150712563,703.4191031598855,13455520,3.39215087890625,0.23728307536479698
2022-08-25,704.8385620117188,715.4002292936442,701.0614069473538,712.0801600941289,11823040,-3.84930419921875,0.22737314266346487
2022-08-26,704.9588623046875,712.9943990116683,703.0822963230394,708.303013425697,7706176,0.12030029296875,0.22768285261247656
2022-08-29,692.5929565429688,695.7686523374972,687.3963207073368,691.438142053239,8653178,-12.36590576171875,0.19584715256192675
2022-08-30,715.0633544921875,716.9158385123882,694.3731420244557,695.9850421787525,10135400,22.47039794921875,0.25369660272855876
2022-09-01,708.3511352539062,716.6753023262013,702.023767412422,704.7904820543832,22403136,-6.71221923828125,0.23641617034770013
2022-09-02,714.774658203125,717.1804968372654,705.0069298539969,708.351080797229,12038086,6.42352294921875,0.25295336170429406
2022-09-05,719.369873046875,721.2704621778411,714.101050906599,715.0633864131738,12131932,4.59521484375,0.2647836217962267
2022-09-06,716.627197265625,724.951423073854,715.2317990033503,721.2223729044177,12238696,-2.74267578125,0.25772267493230316
2022-09-07,713.2350463867188,716.9400149155867,707.9422006390198,707.9422006390198,9776206,-3.39215087890625,0.24898967146389728
2022-09-08,720.5968627929688,721.7516772237872,713.1628440120845,716.9881044068499,11164690,7.36181640625,0.26794247471605614
2022-09-09,721.0779418945312,726.0820979884301,718.888663984653,719.92312760574,15128888,0.4810791015625,0.26918100024528524
2022-09-12,718.6481323242188,723.6763119278681,716.9399632796035,721.7516408855068,11080492,-2.4298095703125,0.26292551923556484
2022-09-13,728.054931640625,729.4022248737516,721.0539759192867,721.2223728893526,13001966,9.40679931640625,0.28714307735410594
2022-09-14,735.537109375,740.4690789237419,718.0706961615213,718.8887165967504,20219760,7.482177734375,0.30640574768868545
2022-09-15,731.7118530273438,741.4555010181163,727.5257166443482,736.1867370805904,13539372,-3.82525634765625,0.29655772555047366
2022-09-16,718.26318359375,728.8247925761237,713.5717978693896,723.2432582308112,20560046,-13.44866943359375,0.261934478825409
2022-09-19,723.002685546875,728.4880099183553,712.1283056005058,716.4588155669953,12076038,4.739501953125,0.27413620229606495
2022-09-20,731.7118530273438,733.2997302685097,726.5152760073807,728.4880522483752,10781668,8.70916748046875,0.29655772555047366
2022-09-21,730.5810546875,732.0967448746909,724.1574768560039,725.6009801321287,9072304,-1.13079833984375,0.29364651488312665
2022-09-22,715.0152587890625,726.6354714109892,713.4514636402978,722.7139425983661,12048144,-15.5657958984375,0.25357278160231767
2022-09-23,695.8407592773438,709.7224372346395,691.438062580459,708.4473309391279,15806252,-19.17449951171875,0.20420853551820017
2022-09-26,686.4579467773438,691.1733552416581,682.2958342078718,685.8324052401812,8923486,-9.3828125,0.18005273082937068
2022-09-27,680.299072265625,692.881621797613,677.0030846314178,689.2247583187195,12639700,-6.15887451171875,0.16419686993392069
2022-09-28,668.6066284179688,678.7351736760943,666.8503544937673,676.5218139126857,11816132,-11.69244384765625,0.1340949799175648
2022-09-29,665.1422119140625,674.6933797809945,663.434101683277,671.8545371114053,14410388,-3.46441650390625,0.12517593049297937
2022-09-30,683.9078369140625,688.7676199193113,656.7940432846984,663.4341823816585,15781756,18.765625,0.17348753987063836
2022-10-03,679.9862670898438,682.22370896109,674.1641488370536,678.4224718418965,11541112,-3.92156982421875,0.16339156121312648
2022-10-04,699.13671875,701.5425574242946,686.2173768162974,687.8292769808156,11538526,19.15045166015625,0.21269389673412364
2022-10-06,691.4381103515625,703.7559939592081,690.0908170525987,702.4808875755999,12549198,-7.6986083984375,0.19287403133145897
2022-10-07,688.4547729492188,690.4515719276419,683.4265352110768,688.1901072180511,13297994,-2.98333740234375,0.18519350743610286
2022-10-10,680.8523559570312,686.1452011270152,672.7687143847188,677.4841817579505,13109302,-7.6024169921875,0.1656212842859206
2022-10-11,673.9476318359375,681.8147129301799,673.3701952846903,674.1641338324686,14521620,-6.90472412109375,0.14784525313327945
2022-10-12,678.350341796875,680.7802037798269,672.3357447059547,675.1745875438293,9225050,4.4027099609375,0.1591799144534296
2022-10-13,670.5553588867188,676.6421426191388,665.9361602736982,674.6212615810351,14714234,-7.79498291015625,0.13911193539805589
2022-10-14,692.4003295898438,696.2496712414899,680.9725965615194,681.814640047817,12849920,21.844970703125,0.19535123952332634
2022-10-17,696.033203125,701.3500712981873,686.6263505116987,690.475692350587,18410500,3.63287353515625,0.2047039771565735
2022-10-18,694.7340698242188,703.90033929577,692.8815856653596,701.5666873690876,10561108,-1.29913330078125,0.20135939254738244
2022-10-19,701.8553466796875,710.8772419458467,699.329216005163,704.4295823817055,12967040,7.12127685546875,0.21969293303492665
2022-10-20,697.1159057617188,699.0886819198254,694.0845252418784,694.8062769145736,7898078,-4.73944091796875,0.20749136669767965
2022-10-21,692.2078857421875,701.3741545079234,689.9945259278926,698.6555450817992,10492606,-4.90802001953125,0.194855797884953
2022-10-24,703.0101928710938,703.9484465267632,699.7623104281301,699.7623104281301,2167794,10.80230712890625,0.2226660542653942
2022-10-25,698.1263427734375,706.2580899913314,695.2874411281454,703.0342306280569,13773394,-4.88385009765625,0.210092710282606
2022-10-27,699.8103637695312,706.0414624275766,698.2946736608377,704.6701461335379,15937276,1.68402099609375,0.2144281781685442
2022-10-28,701.87939453125,705.8731104708331,696.4422340345699,697.6932584749202,10474278,2.06903076171875,0.2197548435980472
2022-10-31,720.1637573242188,720.7892989018973,705.9933903964011,708.2789372387135,12830528,18.28436279296875,0.26682745604625
2022-11-01,728.1271362304688,735.7055286941263,721.2223903997298,723.4357504196331,19073756,7.96337890625,0.28732896617687675
2022-11-02,728.584228515625,735.3446593148229,727.3332040356852,729.931521793284,12720406,0.45709228515625,0.28850573827639425
2022-11-03,725.384521484375,731.4953288906344,720.3081778321194,720.6449717888227,10332352,-3.19970703125,0.2802681764463619
2022-11-04,720.38037109375,729.4984772519798,716.7475307718796,723.2914009917648,10818060,-5.004150390625,0.26738512251456203
2022-11-07,725.9859008789062,727.5256141338776,717.9503644757295,726.5632786654467,9835834,5.60552978515625,0.28181641192460316
2022-11-09,725.7693481445312,730.38854669658,723.6762802249166,728.9932072410344,9269790,-0.216552734375,0.2812589025897001
2022-11-10,733.6605224609375,734.7431498920162,719.3698638652188,720.3562225050898,12774182,7.89117431640625,0.301574523897556
2022-11-11,775.2334594726562,787.6716345011165,740.0360255728266,743.4041999414936,56722338,41.57293701171875,0.4086029598591707
2022-11-14,777.1099853515625,783.341084117066,768.9060518544665,775.6424002436796,19195390,1.87652587890625,0.4134340265168912
2022-11-15,779.0105590820312,781.0074169195871,772.3945027587589,781.0074169195871,11030202,1.90057373046875,0.41832700373773224
2022-11-16,785.6988525390625,790.0774674383857,775.6424345375626,778.8422119111716,13578150,6.68829345703125,0.4355458398222882
2022-11-17,778.6016235351562,785.0492832742325,776.5566605526772,778.5775416526076,12100930,-7.09722900390625,0.417274209897865
2022-11-18,776.5567016601562,780.9353167659891,772.3945885635269,779.9729811938807,10459232,-2.044921875,0.4120096121648915
2022-11-21,768.5933227539062,775.6424423049926,765.1529614641645,773.5493742606727,8344816,-7.96337890625,0.3915081020342648
2022-11-22,767.4625854492188,771.9614923063164,765.5379143885311,769.8684242750784,8546314,-1.1307373046875,0.3885970485003267
2022-11-23,769.45947265625,772.2742924421901,766.9814468242063,772.2742924421901,10185738,1.99688720703125,0.39373798224046785
2022-11-24,781.9697875976562,785.2657749671398,769.4594259866601,772.731331473911,17197960,12.51031494140625,0.42594545993655886
2022-11-25,778.3610229492188,785.1213945985398,776.6528539412901,784.1590590980275,8410496,-3.6087646484375,0.4166547899998412
2022-11-28,769.9887084960938,773.4530928760762,767.0054918764588,771.2638148082744,16105980,-8.372314453125,0.3951004860293472
2022-11-29,768.8338623046875,775.8107945409757,766.4280236025191,768.5451734076865,12638236,-1.15484619140625,0.39212736479887944
2022-11-30,773.934326171875,776.0755581285166,768.4730833767418,768.4730833767418,15184806,5.1004638671875,0.40525837524997965
2022-12-01,779.2511596679688,787.6715951691663,777.0859048248036,780.4540790252827,20446366,5.31683349609375,0.41894642363575607
2022-12-02,773.2847290039062,778.8181584847341,772.3464753255907,774.680127315897,7811078,-5.9664306640625,0.40358600437867964
2022-12-05,776.0994873046875,776.893425827618,768.0399276122688,774.6559840761946,11592622,2.81475830078125,0.4108325257985559
2022-12-06,775.2334594726562,776.4604020366052,769.8684271238768,770.3495948908293,12353092,-0.86602783203125,0.4086029598591707
2022-12-07,774.8965454101562,778.8180741474324,772.0095390371375,776.6769012486282,11674720,-0.3369140625,0.407735583441847
2022-12-08,779.2511596679688,782.378749996985,772.2742273955479,774.6800661101757,14803634,4.3546142578125,0.41894642363575607
2022-12-09,784.8087158203125,786.637118107019,779.4917884600618,782.3787950839879,11963384,5.55755615234375,0.4332542061863738
2022-12-12,790.9194946289062,795.6589852525027,780.1654070879796,781.897599252911,14434808,6.11077880859375,0.44898624595558245
2022-12-13,793.1088256835938,797.2949616133573,791.5209486143468,793.9267873639345,17031702,2.1893310546875,0.45462262133409737
2022-12-14,799.8211669921875,801.3849623254555,793.9268615052546,795.3703648898096,14227640,6.71234130859375,0.4719033679817739
2022-12-15,785.1695556640625,803.2614512642567,782.8840088582007,797.3190413162754,18182648,-14.651611328125,0.43418317890000035
2022-12-16,788.9467163085938,791.5690570624564,774.1989129626363,779.5158401167187,14647958,3.77716064453125,0.4439073799119708
2022-12-19,791.4006958007812,792.3149263180803,782.4750101040391,791.0398199705028,9604542,2.4539794921875,0.4502250857516297
2022-12-20,785.9393920898438,787.3828952985053,779.5879427299554,779.5879427299554,7174698,-5.4613037109375,0.4361651025869031
2022-12-21,778.3369750976562,791.4247737186288,773.0201064666394,789.5963126931921,9269198,-7.6024169921875,0.41659287943672063
2022-12-22,775.66650390625,783.1005222357195,774.1989187571569,780.5503096365309,9747096,-2.67047119140625,0.4097178213955679
2022-12-23,768.7376098632812,771.8652000036462,762.8673285118972,763.6131619629631,10693152,-6.92889404296875,0.3918795654129883
2022-12-26,784.0387573242188,788.6339327760353,765.0567133092716,769.6278068793584,9907322,15.3011474609375,0.4312719682326531
2022-12-27,784.832763671875,787.1664156857469,776.3642223890472,785.7469942121562,7926772,0.79400634765625,0.43331611674949433
2022-12-28,784.2072143554688,785.7469276450677,780.9833552219441,780.9833552219441,8691870,-0.62554931640625,0.43170565644131487
2022-12-29,789.7406616210938,790.7992071900476,775.1612551160126,779.5398699494827,11012896,5.533447265625,0.4459513712954031
2022-12-30,783.4132690429688,791.5209337293505,779.4917402076278,791.5209337293505,7122640,-6.327392578125,0.4296616650578826
2023-01-02,783.6778564453125,788.994783343364,778.7940509867589,782.8598948008254,4381378,0.26458740234375,0.4303428383856176
2023-01-03,788.8023681640625,790.5586422632767,780.5503292014555,780.5503292014555,8378030,5.12451171875,0.4435357593998386
2023-01-04,774.7042236328125,791.8818902379387,773.2366383790779,786.7093364964484,10351600,-14.09814453125,0.4072404560702916
2023-01-05,769.72412109375,778.5535973840347,764.7681278994141,777.0860120710504,10941436,-4.9801025390625,0.394419312701612
2023-01-06,767.1738891601562,774.2470317456477,759.3789361975485,770.8307523930382,9092462,-2.55023193359375,0.387853807476062
2023-01-09,768.66552734375,775.4259581366615,765.0567689994132,767.9437756748827,10729340,1.49163818359375,0.3916939908570356
2023-01-10,754.6154174804688,769.8684118966518,753.0275403864125,769.8684118966518,16371766,-14.05010986328125,0.35552235152032075
2023-01-11,765.48974609375,768.9060251968651,750.6216516314828,754.4469115539331,15195798,10.87432861328125,0.3835180253233059
2023-01-12,769.5797119140625,771.7449667913606,762.2419037187744,763.998177755398,9250070,4.0899658203125,0.3940475350560708
2023-01-13,770.1812133789062,774.6320153125537,763.1320937043018,769.2669828560861,9244546,0.60150146484375,0.39559608480112973
2023-01-16,762.7952880859375,780.1173277789237,760.3894492396894,777.0859473381312,14748094,-7.38592529296875,0.37658121385244137
2023-01-17,774.1507568359375,775.1611973011755,759.0420786732492,764.960465126677,10786354,11.35546875,0.4058155703180648
2023-01-18,787.8159790039062,789.884965083016,769.724024650822,772.274237215273,19090642,13.66522216796875,0.44099632637803254
2023-01-19,791.0879516601562,793.9268533679445,785.7470009393052,787.671672098985,11172162,3.27197265625,0.4494199341642442
2023-01-20,799.195556640625,803.068980550622,790.7510978089086,791.0878917418223,18843404,8.10760498046875,0.4702927505401855
2023-01-23,805.0418090820312,809.6129030380878,799.4121694938297,801.7458215030824,15444400,5.84625244140625,0.4853437741150677
2023-01-24,815.8198852539062,819.139954334254,805.9559468005266,805.9800286815163,24983940,10.778076171875,0.5130916485321617
2023-01-25,793.2771606445312,814.5928550580184,791.6652605555566,813.8470803457161,14704142,-22.542724609375,0.4550559952759412
2023-01-27,777.4708251953125,787.6715573611841,765.0325926486802,785.2657187620357,35179948,-15.80633544921875,0.4143629992305178
2023-01-30,776.6768798828125,782.0419116590099,761.2073260790175,767.462506381816,18512822,-0.7939453125,0.4123190078470853
2023-01-31,771.552490234375,780.7908875770869,767.4625643428925,779.3473843212695,18596244,-5.1243896484375,0.39912640109968245
2023-02-01,783.1246337890625,801.1443434244188,772.7554447685386,781.4164646974513,17302790,11.5721435546875,0.42891858116702664
2023-02-02,771.4802856445312,781.6569951120864,764.4552483744704,773.7658324138648,17497106,-11.64434814453125,0.39894051227691185
2023-02-03,798.1610107421875,798.9789723443195,773.2365001850776,775.1611710007219,14411100,26.68072509765625,0.4676293392587294
2023-02-06,794.7688598632812,803.2614827057959,792.0983552594887,798.7384939446326,11167672,-3.39215087890625,0.45889633579032396
2023-02-07,795.9476928710938,801.0962231951561,785.5544809008483,798.4498004893098,10264588,1.1788330078125,0.4619312104505029
2023-02-08,795.8513793945312,802.6839372708745,793.9267085858384,795.9716713200746,8444826,-0.0963134765625,0.4616832539312028
2023-02-09,794.1914672851562,799.5324176572361,786.9739509076702,798.738479108453,11777336,-1.659912109375,0.45740985374179455
2023-02-10,797.3430786132812,798.0167252205403,790.173667284601,793.3494214707791,8172116,3.151611328125,0.46552359444558555
2023-02-13,797.9445190429688,799.5805011250109,791.3044393965116,796.3326188427218,5736944,0.6014404296875,0.4670719870572355
2023-02-14,805.3304443359375,807.1589052910266,797.7520522296284,801.1443083812574,10908592,7.38592529296875,0.48608685800592366
2023-02-15,803.6945190429688,807.3994872360046,797.1746725138561,807.3994872360046,11438712,-1.63592529296875,0.48187521124622656
2023-02-16,800.783447265625,809.2760700053668,799.2196520403804,805.0898752375481,8062500,-2.91107177734375,0.47438073330705
2023-02-17,796.7656860351562,802.6599909509282,790.5345284538475,799.2196298038508,8956270,-4.01776123046875,0.46403711239705614
2023-02-20,789.283447265625,803.2854159842882,786.61300169689,798.7384045852328,8086706,-7.48223876953125,0.44477428492906745
2023-02-21,792.2427368164062,799.8692342574486,786.2281396647481,789.115146297544,12389296,2.95928955078125,0.452392898261303
2023-02-22,776.700927734375,790.0533322670238,774.222960909244,788.6339109553685,10359102,-15.54180908203125,0.41238091841020585
2023-02-23,771.4321899414062,778.9383950431011,766.0671578181314,776.1235754720026,27882010,-5.26873779296875,0.39881669115067075
2023-02-24,764.551513671875,778.4813560195853,762.7471345130758,778.4813560195853,17061740,-6.88067626953125,0.38110257056115016
2023-02-27,766.4521484375,769.3872600713753,758.9459430133319,763.0839740657053,14312972,1.900634765625,0.38599570491540014
2023-02-28,769.6759643554688,772.4186559261975,764.4312238388164,766.0191009974646,18993992,3.22381591796875,0.39429533444196196
2023-03-01,768.93017578125,776.1236104242643,767.8234664194171,775.6424426558673,14137256,-0.74578857421875,0.39237532131817976
2023-03-02,762.38623046875,772.7313372630384,761.2073929564784,766.981406050965,17391814,-6.5439453125,0.375528105745756
2023-03-03,777.5189208984375,779.491696778829,764.0943299288768,767.9436716413649,14986234,15.1326904296875,0.4144868203567589
2023-03-06,783.0042724609375,788.8504134058667,778.5534709474247,779.4917245287281,27004710,5.4853515625,0.428608714084606
2023-03-08,784.5681762695312,788.8746045657163,779.4918325077525,779.4918325077525,20099774,1.56390380859375,0.43263494342175934
2023-03-09,784.6402587890625,791.9780672791738,782.859961535162,784.27938296168,20700166,0.07208251953125,0.43282051797771204
2023-03-10,764.4072265625,776.4845264268987,762.6509523697192,774.8966492145099,27387000,-20.2330322265625,0.38073110718242686
2023-03-13,754.7357177734375,771.6968814107662,753.0034668384583,764.0463022356049,26443550,-9.6715087890625,0.35583206146933266
2023-03-14,752.7147216796875,761.9772004206781,750.2848599011005,755.5536230150942,33185612,-2.02099609375,0.3506290600326618
2023-03-15,741.91259765625,761.6404762620406,739.3623849761033,759.2827424375032,37264754,-10.8021240234375,0.32281927505244723
2023-03-16,746.7241821289062,750.188566152108,737.1730148168983,740.5171069124015,21753342,4.81158447265625,0.3352065730790559
2023-03-17,756.7084350585938,759.8600484180247,740.9982970778341,749.4187322719004,22950876,9.9842529296875,0.36091077037953534
2023-03-20,751.4636840820312,754.5190873460873,743.5966036348024,754.446900441081,26503114,-5.2447509765625,0.34740829654971184
2023-03-21,759.9804077148438,761.4479929018443,748.793257108229,756.3716494546454,33050494,8.5167236328125,0.3693343781657472
2023-03-22,758.2242431640625,763.1562131168565,753.1719812612004,762.1697956317762,14177324,-1.75616455078125,0.3648131785904474
2023-03-23,752.1373901367188,765.225129615806,749.9240302046185,754.350750068819,28364178,-6.08685302734375,0.34914273511754135
2023-03-24,750.9344482421875,757.3099208232004,748.1917568712191,750.6216774626521,31477748,-1.20294189453125,0.34604579276083247
2023-03-27,754.206298828125,759.980311312014,750.0923501751296,751.6801683664236,31872006,3.2718505859375,0.35446908628022644
2023-03-28,760.3412475585938,761.6404357125624,752.5944586072359,753.3643152523856,39276302,6.13494873046875,0.37026335087937357
2023-03-29,763.9981689453125,770.8307274292553,761.1592675027767,762.1697080199377,39763612,3.65692138671875,0.3796779990757413
2023-03-31,774.4635009765625,776.0994241800914,766.2114631109374,767.7511762682442,34711228,10.46533203125,0.40662072190545007
2023-04-03,774.9447021484375,777.4226689404504,771.1915704030113,773.5011989750112,40025398,0.481201171875,0.40785956170149706
2023-04-05,795.7311401367188,796.8137675382653,777.5670581774376,778.8180825386323,43365392,20.78643798828125,0.46137370111560005
2023-04-06,801.7938232421875,803.1651395050825,792.531344577113,793.2290730170381,44637344,6.06268310546875,0.47698191975856763
2023-04-10,797.99267578125,804.0313548734133,795.8515026694348,800.3023046039525,31813286,-3.8011474609375,0.46719596531688556
2023-04-11,800.3262939453125,803.2614052965625,794.4560125065183,798.2572492502067,42361542,2.3336181640625,0.47320380407412377
2023-04-12,810.7195434570312,812.307361770148,802.4915867834721,802.5877968377349,26955504,10.39324951171875,0.49996095234787963
2023-04-13,814.3523559570312,816.5657746530499,807.4716921966794,812.3555567321653,35330086,3.6328125,0.5093135328477179
2023-04-17,801.9382934570312,827.6085828103118,795.5147153318975,827.6085828103118,32405148,-12.4140625,0.4773538545375178
2023-04-18,798.5460205078125,807.0386434079419,797.00630713609,803.550177070361,29637226,-3.39227294921875,0.46862053680229443
2023-04-19,801.4810791015625,803.6944976892919,797.3671301762054,801.1442851788886,24741168,2.93505859375,0.4761767681711826
2023-04-20,804.46435546875,807.134801181368,801.8179329013308,804.368086679066,32922716,2.9832763671875,0.48385713493312976
2023-04-21,805.7634887695312,806.8942212156402,800.3022466466929,803.0689611623811,20128618,1.29913330078125,0.48720171954232083
2023-04-24,812.2833251953125,813.8711434821779,805.5228950106629,811.729970551708,35675852,6.51983642578125,0.5039868674182146
2023-04-25,800.7352294921875,812.0666934409265,799.652602180992,812.0666934409265,50353068,-11.548095703125,0.474256597913991
2023-04-26,804.416259765625,805.955973055451,796.3326181532963,798.738456878835,27392750,3.6810302734375,0.4837333138068882
2023-04-27,808.8429565429688,810.8879194015693,801.5532536644629,803.7906953628967,47790392,4.42669677734375,0.4951297285567502
2023-04-28,812.0186767578125,813.6546588421882,803.5501361717647,810.6232785465422,27916272,3.17572021484375,0.5033055369570707
2023-05-02,811.8502807617188,817.5040017864336,809.3241500911014,812.547950500037,32221184,-0.16839599609375,0.5028720058818179
2023-05-03,814.6891479492188,816.0604642226169,808.193383640843,810.7435373497618,29407270,2.8388671875,0.5101805949982234
2023-05-04,831.3617553710938,834.5614742791329,811.7781905035579,811.7781905035579,56854638,16.672607421875,0.5531037855166681
2023-05-05,782.2103881835938,799.1955750303342,780.5022191249311,788.6339660930405,62770416,-49.1513671875,0.4265648798345827
2023-05-08,791.25634765625,794.095249360511,784.3034965950662,786.7093355416769,37244524,9.04595947265625,0.44985346523949743
2023-05-09,791.2803344726562,796.8137633850524,789.0909977997552,793.878651970084,43688938,0.02398681640625,0.449915218669209
2023-05-10,794.9373168945312,796.1643182887179,785.7951286225175,791.2804533329866,46340550,3.656982421875,0.4593300239989857
2023-05-11,795.466552734375,812.2112150220032,793.5659634923215,801.216542964019,35734618,0.52923583984375,0.46069252778786507
2023-05-12,802.4916381835938,804.8974770572269,791.1601135942614,792.4833249747595,22478760,7.02508544921875,0.47877842602292664
2023-05-15,806.3410034179688,808.7227604763904,801.1924728395238,804.5125423272495,18512260,3.849365234375,0.48868851585766815
2023-05-16,801.7174072265625,813.641207320555,800.1113205928083,813.641207320555,32722086,-4.62359619140625,0.47678518873058073
2023-05-17,797.4102172851562,803.0314612780545,791.0346460503185,803.0314612780545,30466868,-4.30718994140625,0.46569644119541453
2023-05-18,800.5980224609375,804.953835962047,798.1645938212387,802.0580796447568,49646942,3.18780517578125,0.47390336201070427
2023-05-19,801.522705078125,803.0314188922503,794.0520913358603,802.0580474754112,30460332,0.9246826171875,0.4762839331560762
2023-05-22,798.6756591796875,804.4428733296279,794.6117857136817,800.5980440930408,28334032,-2.8470458984375,0.46895428816287343
2023-05-23,796.8018798828125,802.8367950174272,794.9768083346355,802.5447954516952,22470074,-1.873779296875,0.46413029250855486
2023-05-24,786.3867797851562,795.6094500592069,785.3160355965606,792.1053367744181,33588112,-10.41510009765625,0.4373168904743998
2023-05-25,783.3693237304688,788.455225154943,777.407423655138,786.3380947431477,29776930,-3.0174560546875,0.42954852900344886
2023-05-26,786.3867797851562,787.9441502650901,779.7921647697594,787.9441502650901,26635066,3.0174560546875,0.4373168904743998
2023-05-29,795.9744873046875,798.6512587386072,790.7912725552128,792.5676872978805,21816292,9.58770751953125,0.4620001920170258
2023-05-30,796.5828857421875,799.4543434930372,792.5920864341458,795.0498137776772,37125928,0.6083984375,0.4635664978372944
2023-05-31,783.977783203125,795.7068987144811,780.9603551065537,793.2491711514361,43334270,-12.6051025390625,0.43111499195712644
2023-06-01,780.6439208984375,788.3822359863269,778.6971779535536,788.3822359863269,50366938,-3.3338623046875,0.4225320508942543
2023-06-02,781.860595703125,785.9001108734474,779.1838242892643,784.7563519232599,17859710,1.2166748046875,0.4256643482679736
2023-06-05,780.8386840820312,786.7275701890972,779.8896111568738,785.7541986206603,18697242,-1.02191162109375,0.4230334636021673
2023-06-06,778.4051513671875,783.4909933701617,774.9253365920524,782.4203085516023,32182852,-2.43353271484375,0.4167683974545018
2023-06-07,782.444580078125,784.805053262948,776.7503811233141,780.3761658426776,24949026,4.0394287109375,0.427167800724668
2023-06-08,782.9312744140625,791.350960923385,780.278861070367,780.278861070367,37395522,0.4866943359375,0.42842078252751903
2023-06-09,783.8560791015625,787.7009085166137,782.1040222342899,786.4355374130215,18212578,0.9248046875,0.4308016679397093
2023-06-12,779.0865478515625,786.3868338718737,778.4294745818307,784.8051052341397,13408292,-4.76953125,0.4185226348318569
2023-06-13,780.4005737304688,783.0773452649356,773.8789730190645,773.8789730190645,27926108,1.31402587890625,0.4219055599928285
2023-06-14,779.5488891601562,784.5374180278894,778.7945024942541,783.7830313619872,20113968,-0.8516845703125,0.4197129204045431
2023-06-15,769.961181640625,781.5929230405386,768.4767664026215,780.6439096325554,35377476,-9.58770751953125,0.39502961886191734
2023-06-16,780.0355834960938,783.1746828103192,770.9102257106925,772.4432977006162,15779272,10.07440185546875,0.4209659022073946
2023-06-19,780.7169799804688,785.6324943134937,777.8941787861185,784.0507655809437,24829146,0.681396484375,0.42272013958474974
2023-06-20,782.3472900390625,784.0506900484788,774.146647589991,780.7169047691681,20005626,1.63031005859375,0.42691733007082466
2023-06-21,796.0231323242188,796.8261756245972,784.050675786365,786.4841043269806,24308946,13.67584228515625,0.46212542734394746
2023-06-22,799.9166870117188,806.7059888717916,797.7023024946114,798.1646301932708,56596140,3.8935546875,0.47214928176675763
2023-06-23,799.8680419921875,807.8497002925832,795.2688853504051,796.9722855006775,21339218,-0.04864501953125,0.4720240464398364
2023-06-26,795.9988403320312,803.3964393933287,792.6649956756461,800.5979965482512,16130314,-3.86920166015625,0.4620628882471911
2023-06-27,807.2169189453125,814.1765484676322,797.4589059580019,799.6002755865209,33831864,11.21807861328125,0.4909435374093005
2023-06-28,815.7583618164062,817.5834334461853,808.1417176661517,812.7652324615918,59562950,8.54144287109375,0.5129332580559549
2023-06-30,828.047119140625,831.6486054517263,819.2137611926184,829.3124901661796,40699016,12.28875732421875,0.5445703414776102
2023-07-03,837.002197265625,855.3502267293802,832.2326530339916,833.449367439012,44104116,8.955078125,0.5676249552366202
2023-07-04,841.0902709960938,850.2399866599931,834.0820438772298,838.778513734139,38795188,4.08807373046875,0.578149593833708
2023-07-05,814.3712768554688,837.0994772709068,812.0595195781218,835.2744057361592,37165754,-26.718994140625,0.5093622442044878
2023-07-06,815.1986083984375,821.4525082286525,808.0930085295972,814.2252369257229,52156544,0.82733154296875,0.511492187562608
2023-07-07,808.093017578125,815.1986175265295,806.0976179186929,810.3317601084606,19926336,-7.1055908203125,0.4931990303611602
2023-07-10,806.1705932617188,816.0503378295722,802.8854644229833,808.3850372058562,38398442,-1.92242431640625,0.48824979937991997
2023-07-11,802.2527465820312,815.6852604691176,800.8413461228718,809.3583461576029,50670426,-3.9178466796875,0.47816340586035344
2023-07-12,794.7334594726562,810.9644765133695,791.9107178120092,805.6352319869237,70958358,-7.519287109375,0.45880519841314116
2023-07-13,798.699951171875,806.6572510904781,797.2155953198356,806.2922367876993,41913546,3.96649169921875,0.46901682725962934
2023-07-14,800.3546752929688,804.7835035114284,795.7311609024043,804.7835035114284,24727214,1.65472412109375,0.4732768711092785
2023-07-17,817.0966796875,818.6053935606003,794.7577929158504,803.0314502823962,49252928,16.74200439453125,0.5163787223136824
2023-07-18,816.415283203125,829.3124545920268,812.7651403572094,826.3923403152943,81076818,-0.681396484375,0.5146244849363273
2023-07-19,820.1141357421875,821.8905505906512,815.1986216073076,818.1673927652148,32935134,3.6988525390625,0.5241470837846338
2023-07-20,821.8905639648438,823.4722926593728,817.6320636334198,818.1917641303833,56210948,1.77642822265625,0.5287204516517001
2023-07-21,815.5635986328125,822.4015567907909,814.3468843278255,817.6320129512904,42154248,-6.32696533203125,0.5124318453480419
2023-07-24,816.8533325195312,819.8951183000274,812.813817239081,816.9019892100436,32179444,1.28973388671875,0.5157522314122571
2023-07-25,825.7109985351562,826.879056170404,816.8533420034627,819.8951278192749,55992596,8.857666015625,0.5385560602506059
2023-07-26,822.8395385742188,827.1710534459679,821.5255108693627,827.1710534459679,24794358,-2.8714599609375,0.5311635618938284
2023-07-27,814.2982177734375,828.8257745170246,811.5240735457453,827.3170606790924,59741302,-8.54132080078125,0.5091741555139919
2023-07-28,799.8680419921875,812.2298721075693,798.6999842928814,808.6283856221597,41015684,-14.43017578125,0.4720240464398364
2023-07-31,803.615478515625,806.3409662159895,797.5319067020986,803.0558374366854,34565006,3.7474365234375,0.4816717234816552
2023-08-01,808.993408203125,811.5241504025686,803.0315076162769,805.1972354940766,35394188,5.3779296875,0.4955170624097762
2023-08-02,798.407958984375,803.7615021412346,794.830830666086,799.1379875966741,28116322,-10.58544921875,0.4682651010312824
2023-08-03,792.6407470703125,803.6884896703888,789.8909607409018,798.1646183703506,57673946,-5.7672119140625,0.4534175652209711
2023-08-04,804.1021728515625,806.1949453417267,792.9327586465489,795.8042164551875,37388304,11.46142578125,0.4829247052845067
2023-08-07,803.6398315429688,809.4070457041624,801.8391180613743,809.4070457041624,28300918,-0.46234130859375,0.4817344197118205
2023-08-08,802.9828491210938,805.7569341954113,799.1623777784342,803.8588478451442,43773828,-0.656982421875,0.4800430356980392
2023-08-09,803.2747802734375,805.221523152016,793.8330654303563,804.4914945725491,33361236,0.29193115234375,0.48079460479297764
2023-08-10,796.1448364257812,805.099865704745,793.7844225264857,801.5957522263969,50781118,-7.12994384765625,0.4624387513613646
2023-08-11,787.846923828125,797.3859527425766,786.5814933374278,797.3859527425766,28225822,-8.29791259765625,0.4410759930163628
2023-08-14,784.0020751953125,785.9974748594191,778.8188601509507,784.0507318876311,31304410,-3.8448486328125,0.4311775310538828
2023-08-16,781.714599609375,783.3937010320665,769.5961724006356,770.4721710730195,34137542,-2.2874755859375,0.4252884851537997
2023-08-17,777.3831176757812,783.5153458133944,775.7770310495571,777.529087744607,52884040,-4.33148193359375,0.4141371985218776
2023-08-18,774.1953125,776.8964420218484,771.6402124587459,772.6379419530916,25633366,-3.18780517578125,0.40593027770658763
2023-08-21,773.5869750976562,778.9405181779168,772.3702607612333,778.9405181779168,21837270,-0.60833740234375,0.40436412901972796
2023-08-22,770.2774658203125,777.7237811054864,768.963438139342,776.9207377849476,32273570,-3.30950927734375,0.3958438841870209
2023-08-23,772.1755981445312,774.0980425006611,765.6783552717781,768.9634840803492,36498588,1.89813232421875,0.40073057607150453
2023-08-24,768.622802734375,776.8477441031978,767.0897307917666,775.4364030038525,43145792,-3.55279541015625,0.39158399747078065
2023-08-25,759.9597778320312,767.746749618975,758.4510639302869,766.3110504597091,30069756,-8.66302490234375,0.36928126707352704
2023-08-28,767.868408203125,770.2531801549441,759.9597651143588,759.9597651143588,28867238,7.90863037109375,0.38964182853633855
2023-08-29,773.976318359375,775.1200179106506,769.669102242421,773.6842594017068,35538932,6.10791015625,0.4053664830353272
2023-08-30,768.3307495117188,780.6195643753474,765.8973208258516,780.6195643753474,28084204,-5.64556884765625,0.3908321141090245
2023-08-31,764.80224609375,770.4965046276685,760.7384322394234,768.4767470204652,100075772,-3.52850341796875,0.381748074605057
2023-09-01,766.384033203125,768.4768057096691,758.9134187598048,764.5833196769412,43226776,1.581787109375,0.38582034403102816
2023-09-04,771.1778564453125,774.5359402767891,766.4813275172515,773.830269769566,25073638,4.7938232421875,0.3981619162356367
2023-09-05,766.4813842773438,773.0516417713671,764.38861183011,773.0516417713671,38712082,-4.69647216796875,0.3860709718182802
2023-09-06,776.507080078125,778.6971658570981,766.4813659496907,767.4060807161218,56320910,10.02569580078125,0.41188186270342686
2023-09-07,783.977783203125,785.5108553045627,772.4433538873283,776.5071683013815,34208342,7.470703125,0.43111499195712644
2023-09-08,790.085693359375,794.7092081887672,782.3960344054848,782.7367500914759,34502210,6.10791015625,0.4468396464561153
2023-09-11,794.173828125,796.4612273788786,790.3776555229446,792.762427572447,31573022,4.088134765625,0.4573644421866121
2023-09-12,796.6559448242188,799.576059429664,790.888730360441,798.164658821722,39033340,2.48211669921875,0.4637545865277899
2023-09-13,800.062744140625,803.8102007820438,792.61642814262,793.9305153592652,46420094,3.40679931640625,0.4725253020143405
2023-09-14,799.5760498046875,803.0315068308923,795.7798770993519,800.2330637010272,23538848,-0.4866943359375,0.471272320211489
2023-09-15,808.75,812.7651572137806,803.0314427561306,803.0314427561306,173411202,9.1739501953125,0.4948904143749415
2023-09-18,792.8353881835938,805.464858730247,791.399629677695,804.8565015861909,37056288,-15.91461181640625,0.45391866366206624
2023-09-20,761.0304565429688,778.2104866731253,759.4244292708094,778.2104866731253,115474648,-31.804931640625,0.3720377013330727
2023-09-21,755.9932861328125,763.5855718328563,748.0603441770149,755.8229580049356,72841442,-5.03717041015625,0.35906963822703863
2023-09-22,744.4588623046875,761.3711919566923,741.5874045249608,758.7430770496563,61704250,-11.534423828125,0.3293745666064165
2023-09-25,745.1158447265625,749.8366724935371,742.195730377536,742.195730377536,40208754,0.656982421875,0.33106595062019784
2023-09-26,748.3523559570312,749.4960555884529,742.1957693327212,742.1957693327212,27575308,3.23651123046875,0.3393982638958182
2023-09-27,743.0960693359375,745.8458554975613,737.3288555163493,741.2223412220462,39338538,-5.25628662109375,0.3258660918517058
2023-09-28,741.5630493164062,748.3279930851168,738.9592924506106,746.5759362770035,55354188,-1.53302001953125,0.32191937201947396
2023-09-29,742.8284301757812,747.2815569377753,740.8816873168103,741.5629997895483,32053782,1.265380859375,0.3251770618535237
2023-10-03,733.9464111328125,743.1690816035621,732.9486816600946,743.1690816035621,38971694,-8.88201904296875,0.30231053678500963
2023-10-04,744.4102172851562,747.0626308751249,724.7967576747751,727.5952007546005,54649430,10.46380615234375,0.32924933127949507
2023-10-05,747.4276123046875,755.1172706279191,745.8945403681716,747.0869560565192,48512674,3.01739501953125,0.33701753561703707
2023-10-06,746.600341796875,751.9295273041055,744.5562258825445,751.4428415259151,17759356,-0.8272705078125,0.3348877493923259
2023-10-09,737.937255859375,744.6291848078113,735.8688414571311,743.6558133244023,16454972,-8.6630859375,0.31258486186166334
2023-10-10,742.1227416992188,744.1424994102023,737.426212407623,740.0300286548502,33266292,4.18548583984375,0.32336028537941197
2023-10-11,749.3013305664062,750.5424029295025,743.8991308991633,744.6778161774354,31333360,7.1785888671875,0.34184137413794646
2023-10-12,754.2898559570312,755.3362421435227,745.4078415117224,747.5979272653602,22025336,4.988525390625,0.35468420191705907
2023-10-13,747.4276123046875,753.7788848660191,744.6048112974557,749.4960266639874,39745300,-6.86224365234375,0.33701753561703707
2023-10-16,744.4345092773438,746.794923276397,740.0056808464606,745.3592240817852,17856084,-2.99310302734375,0.3293118703762512
2023-10-17,750.0800170898438,757.1613181665532,747.0625893528261,757.1613181665532,32902558,5.6455078125,0.34384608216914514
2023-10-18,739.640625,750.0800099587005,738.8375816778204,750.0800099587005,31216200,-10.43939208984375,0.31697014103823395
2023-10-19,737.3045654296875,742.8041382598725,731.5860077723223,732.6567520860139,30252364,-2.3360595703125,0.31095601694463837
2023-10-20,741.1250610351562,743.1691173582408,732.46203118805,732.46203118805,21094010,3.82049560546875,0.3207917826769531
2023-10-23,732.9730224609375,744.0207640901824,730.0772068991747,741.4656641644435,22376136,-8.15203857421875,0.2998045731793071
2023-10-25,728.3252563476562,741.1251158897211,725.8674694399969,740.2490577379119,28311996,-4.64776611328125,0.2878390212222812
2023-10-26,712.2158813476562,726.1350808000519,710.6828094760561,725.7700665168079,55561798,-16.109375,0.24636585780149312
2023-10-27,715.0143432617188,719.3215000369331,713.9193003827721,715.1846713831347,31940532,2.7984619140625,0.2535704246011836
2023-10-30,722.7769775390625,725.1373914861161,711.4858921827074,712.1429060469561,23310982,7.76263427734375,0.27355512294982165
2023-10-31,718.591552734375,731.9754116576363,717.3748382868058,731.9754116576363,32634824,-4.1854248046875,0.26277985656548175
2023-11-01,717.6181030273438,719.053802155173,711.6562028835086,711.6562028835086,33877466,-0.97344970703125,0.26027373582637026
2023-11-02,718.7131958007812,725.4051249981815,714.041024388573,722.7283533192214,45225154,1.0950927734375,0.26309302344949015
2023-11-03,722.1199340820312,725.8430917067044,721.0979059562075,724.18834838353,18095340,3.40673828125,0.27186358180263137
2023-11-06,727.351806640625,729.0552066561768,721.7549208752405,729.0552066561768,25593730,5.23187255859375,0.2853329004831695
2023-11-07,723.8233032226562,727.1084316790375,718.9320882014275,727.1084316790375,41952848,-3.52850341796875,0.276248860979202
2023-11-08,725.9161376953125,726.8407930714139,720.7815793854345,722.2172785513859,31399546,2.09283447265625,0.2816368084381897
2023-11-09,723.044677734375,726.4271198457463,721.9982915168673,723.2150058605088,22116740,-2.8714599609375,0.2742443100814125
2023-11-10,725.8917846679688,728.0818705084018,720.3192566823748,720.3435553235623,14015186,2.84710693359375,0.28157411220802464
2023-11-13,724.5776977539062,728.0574529993991,723.1662973344708,726.1837249264701,20605914,-1.3140869140625,0.2781910299136443
2023-11-15,732.1700439453125,735.3577999173147,730.2963157159859,732.0240144584016,41245460,7.59234619140625,0.2977373260513523
2023-11-16,734.0924072265625,739.2756221207742,731.8536647558356,734.7494210785321,29713838,1.92236328125,0.30268639989918333
2023-11-17,732.5106811523438,733.6787387876133,724.6750527726409,725.16173850318,23701874,-1.58172607421875,0.2986142876066209
2023-11-20,732.559326171875,736.3554985735485,730.7829708116128,736.3554985735485,19331452,0.04864501953125,0.29873952293354256
2023-11-21,738.7645874023438,740.7356883923068,735.9174877356371,739.2756311878541,24959972,6.20526123046875,0.31471480521978323
2023-11-22,736.1365356445312,739.7623206231069,731.7563640092628,739.7623206231069,29123650,-2.6280517578125,0.30794895489784047
2023-11-23,740.3950805664062,741.6360936254299,734.1654789893513,734.1654789893513,13046220,4.258544921875,0.318912467106085
2023-11-24,745.6511840820312,746.1622278549652,739.6892839772345,740.3462978210936,16469192,5.256103515625,0.33244416774997054
2023-11-28,743.97216796875,748.1576534487249,742.5851254924052,747.1599239182611,28489338,-1.67901611328125,0.32812158480356524
2023-11-29,758.8160400390625,760.6897681490088,746.0891967833849,746.5272258063289,34042488,14.8438720703125,0.3663367441234855
2023-11-30,758.6456909179688,765.2889031775027,750.5423621524202,763.6828760176745,69491440,-0.17034912109375,0.3658981847791467
2023-12-01,756.990966796875,762.0281520239192,755.3848801865702,758.207681074416,22153536,-1.65472412109375,0.36163814092949753
2023-12-04,783.2720336914062,784.5374047202694,765.873018667368,772.8569470817542,50662456,26.28106689453125,0.429298058349606
2023-12-05,790.2316284179688,797.6779441560443,786.7275147823341,796.4612297811876,52230820,6.9595947265625,0.4472153524368798
2023-12-06,792.22705078125,797.4102062498663,786.8004930390686,797.4102062498663,38613060,1.99542236328125,0.45235251497520657
2023-12-07,793.5167236328125,795.2444817359088,786.5814519897668,790.86431017188,20450386,1.2896728515625,0.45567274390601287
2023-12-08,804.5888671875,805.4649253113081,793.5167662504412,793.5167662504412,33728038,11.0721435546875,0.48417768708735776
2023-12-11,803.5181884765625,809.6990738547369,801.5714454396721,803.0558607692541,23187620,-1.0706787109375,0.48142125282781234
2023-12-12,795.5364990234375,806.0732571804058,794.1981132379304,805.0755276490755,36581476,-7.981689453125,0.4608726026745049
2023-12-13,793.7357788085938,796.2178641804811,786.0461204150259,794.4901060535459,29346914,-1.80072021484375,0.45623669571068226
2023-12-14,803.1044921875,807.3872910879392,800.5980487244109,801.0847344683164,35172366,9.36871337890625,0.4803562025820478
2023-12-15,806.2192993164062,811.7918273650013,801.3767404796611,803.0314839042278,138837130,3.11480712890625,0.4883751918402506
2023-12-18,805.8056030273438,810.1857749432232,803.4938456272962,808.2390318694991,18014754,-0.4136962890625,0.48731014159448605
2023-12-19,804.4428100585938,807.2412528497581,800.1356534706899,803.0314096384661,24008446,-1.36279296875,0.4838016668397753
2023-12-20,806.4382934570312,812.2541644467366,800.3303634873538,806.9249792104754,34232520,1.9954833984375,0.488938986511511
2023-12-21,820.8927612304688,822.3771764061897,803.1530909094922,806.438219443738,36589240,14.4544677734375,0.5261516346824233
2023-12-22,813.1788330078125,820.5034769444852,811.3537615362043,819.3840760112807,48578850,-7.71392822265625,0.5062923287941159
2023-12-26,818.8244018554688,820.5278019503709,812.059517577905,814.3469167985355,18045856,5.64556884765625,0.5208266977204186
2023-12-27,828.9718627929688,830.5292334309963,816.9506891067552,818.3620896655261,27009078,10.1474609375,0.5469510697563915
2023-12-28,829.9208374023438,837.7808237889657,828.3391087868577,831.8919383640549,44076470,0.948974609375,0.5493941799985198
2023-12-29,831.8675537109375,834.6173398672829,825.4189680232558,825.9056537355337,25011426,1.94671630859375,0.5544059500765159
2024-01-01,826.4410400390625,831.8189412093673,823.4722689184366,830.285869252277,14239686,-5.426513671875,0.5404355329548827
2024-01-02,826.9276733398438,828.7284461026671,821.8661301022644,826.7817032735886,29242092,0.48663330078125,0.5416883576243252
2024-01-03,814.176513671875,829.653083176837,812.2540695245034,828.3390555600513,28389762,-12.75115966796875,0.5088608314965748
2024-01-04,822.9125366210938,824.907936188308,813.1058074949292,816.6586370098769,26734056,8.73602294921875,0.5313514934509154
2024-01-05,818.7026977539062,829.7504992888211,811.8404409559379,821.1118277236433,31889470,-4.2098388671875,0.5205133737030014
2024-01-08,809.577392578125,818.7757651976441,807.8983504931613,816.9020369293803,17998470,-9.12530517578125,0.4970205148664706
2024-01-09,803.2747802734375,816.5613241836867,801.4497088247701,811.3781093874959,25326888,-6.3026123046875,0.48079460479297764
2024-01-10,805.92724609375,807.8739890989318,798.8460040583302,799.6246893784266,16115824,2.6524658203125,0.48762330847849467
2024-01-11,802.5447998046875,809.309743595266,799.6246853117656,807.8983430417109,18314010,-3.3824462890625,0.47891528922210935
2024-01-12,798.7485961914062,805.95156875827,795.0497965259408,804.0048258385641,19773552,-3.79620361328125,0.469142062586551
2024-01-15,814.1278686523438,818.0700109690749,799.9166104629336,801.9120099654888,28320356,15.3792724609375,0.5087355961696531
2024-01-16,817.2183227539062,819.4084084513863,806.9735647828543,814.2251937520415,25322500,3.0904541015625,0.516691889197691
2024-01-17,748.279296875,777.1397839265529,743.8504686909188,764.0965828252033,170145236,-68.93902587890625,0.33921017520532226
2024-01-18,723.2880249023438,737.32889662945,720.3192537681881,727.1084960821111,161070930,-24.99127197265625,0.274870800982838
2024-01-19,715.744384765625,735.0171279009493,714.6493418669147,732.924355486129,109600538,-7.54364013671875,0.25544989730546064
2024-01-23,694.6708984375,717.7154569857805,693.5271987986505,712.9946289403671,115469402,-21.073486328125,0.20119675946913418
2024-01-24,708.5657958984375,709.8068089160445,671.7480069982282,671.7480069982282,86004404,13.8948974609375,0.23696880854692615
2024-01-25,698.3453979492188,709.27146932584,690.8017687875753,706.9110553088505,98941852,-10.22039794921875,0.2106566620872754
2024-01-29,707.9573974609375,711.9238979776146,703.6502407027771,704.7452835773879,65645498,9.61199951171875,0.23540250272665753
2024-01-30,702.9202270507812,712.1185398649957,701.2654836786888,707.90875580775,41728768,-5.03717041015625,0.22243443962062348
2024-01-31,711.80224609375,717.8371016849802,699.2700884068386,700.5841161285045,65761040,8.88201904296875,0.24530096468913754
2024-02-01,713.651611328125,717.1800828855794,708.6387839338071,713.0189555223712,32690740,1.849365234375,0.25006210697988185
2024-02-02,703.8206176757812,720.7085896391353,701.8252179588541,717.8614898495053,44867754,-9.83099365234375,0.22475247166923928
2024-02-05,703.1879272460938,706.6190857097415,697.931756543557,703.7476277670278,38605046,-0.6326904296875,0.2231236267522143
2024-02-06,702.8228759765625,705.5483042801744,697.2259898811583,703.5286059562596,41075740,-0.36505126953125,0.22218381183337144
2024-02-07,695.9362182617188,707.5437201567751,694.330191039234,707.1543478186637,54837086,-6.88665771484375,0.20445429216977518
2024-02-08,682.8444213867188,700.3163911601653,681.6033490400813,695.8875630019661,69106124,-13.091796875,0.17074980448675592
2024-02-09,683.112060546875,688.2709172654594,675.033089526087,677.5395328507874,56642124,0.26763916015625,0.17143883448493802
2024-02-12,676.4931640625,688.0032934481292,673.2566920790741,681.18969323455,34447812,-6.618896484375,0.15439865908634154
2024-02-13,678.658935546875,683.4771364619307,673.7434212435891,677.4422211445823,57580994,2.165771484375,0.1599743809690073
2024-02-14,673.597412109375,677.2231970540489,663.6203545889955,669.6795681971766,91320810,-5.0615234375,0.14694362163280794
2024-02-15,688.197998046875,688.903668609651,673.7433958465795,674.0597534612269,41584944,14.6005859375,0.1845324471847114
2024-02-16,691.0451049804688,694.8412181662663,685.4725175238648,692.9918479710976,32175742,2.84710693359375,0.19186224931132356
2024-02-19,689.682373046875,695.4739454261017,688.7576582283627,695.4739454261017,34451756,-1.36273193359375,0.1883539316900218
2024-02-20,707.7870483398438,709.22274741334,687.1029057664576,688.660276266856,56133508,18.10467529296875,0.23496394338231874
2024-02-21,700.413818359375,712.5079475266035,698.3940605878935,712.5079475266035,45893136,-7.37322998046875,0.2159817561826891
2024-02-22,690.874755859375,695.3765988884213,687.2975681948778,689.9986977762575,50560882,-9.5390625,0.19142368996698478
2024-02-23,691.3858032226562,697.8587478235042,690.1204320838871,692.3348761341468,29833452,0.51104736328125,0.19273936800000135
2024-02-26,692.213134765625,698.3210050066913,687.9546346452112,687.9546346452112,23506870,0.82733154296875,0.19486931135812147
2024-02-27,691.1668090820312,694.3545652339111,687.7113519923358,687.9546948776648,32087150,-1.04632568359375,0.1921755733287409
2024-02-28,685.9348754882812,693.1377886016653,683.3067606806109,691.1667470533215,25321986,-5.23193359375,0.17870609751479383
2024-02-29,683.0147705078125,686.4215706434694,680.0459994144303,682.3820552900959,53295700,-2.92010498046875,0.17118836383109493
2024-03-01,696.3256225585938,697.2989940386686,681.360036052442,681.360036052442,34738898,13.31085205078125,0.20545680331878335
2024-03-04,697.274658203125,699.3674307159147,693.186545384466,696.422958130924,35616474,0.94903564453125,0.20790007069432082
2024-03-05,701.2410888671875,702.2874750189414,691.8967470591605,692.067075174591,37991672,3.9664306640625,0.21811154240740027
2024-03-06,702.0927734375,707.0813018234176,697.688303532932,697.688303532932,42409530,0.8516845703125,0.22030418199568547
2024-03-07,703.7962036132812,706.2053335588424,701.5088045068723,703.504204064998,49348046,1.70343017578125,0.22468961830566503
2024-03-11,694.8899536132812,703.7232526512562,692.5538381955413,695.9606385239804,50531094,-8.90625,0.20176071127380357
2024-03-12,710.3422241210938,712.5079519871562,695.5956218426523,697.9073792005341,65418454,15.4522705078125,0.24154217641399245
2024-03-13,710.755859375,716.2067158438075,705.7429725398497,713.2379447418698,63067454,0.41363525390625,0.24260706952634803
2024-03-14,708.3467407226562,713.4812990740788,702.9202422173576,711.5832127948388,52432158,-2.40911865234375,0.23640485674225675
2024-03-15,706.9840698242188,710.2205419583659,701.9225261192986,705.6943406988961,143613804,-1.3626708984375,0.23289669625436393
2024-03-18,703.77197265625,708.6144722431341,698.7834435762417,704.2343003680048,21437856,-3.21209716796875,0.22462723634231763
2024-03-19,705.3779907226562,706.8624060469253,698.6374048635253,698.6374048635253,36183594,1.60601806640625,0.22876188773163642
2024-03-20,696.4716186523438,706.4973325344582,693.3568181834665,705.2319615530049,43606094,-8.9063720703125,0.20583266643295706
2024-03-21,703.6259155273438,706.3026871236781,700.0001304926251,702.0928435492851,28922860,7.154296875,0.2242512160947352
2024-03-22,702.2144775390625,706.0593065998343,699.7323922549797,701.3141208411934,45980326,-1.41143798828125,0.22061750601310282
2024-03-26,693.7218627929688,699.8297331586394,692.1401341445468,694.5978614753975,56844290,-8.49261474609375,0.19875349209359694
2024-03-27,701.1681518554688,704.6966236214441,691.7021375713913,692.8215385852401,62168668,7.4462890625,0.21792376798372226
2024-03-28,704.6723022460938,710.8045307526719,701.1681292352769,701.1681292352769,55592142,3.504150390625,0.2269451112575247
2024-04-01,715.67138671875,717.2774734382766,708.4197572494843,709.5878149173326,25199570,10.99908447265625,0.2552619657483739
2024-04-02,720.3678588867188,727.5221149937069,712.1428585816917,713.0675733041284,41225446,4.69647216796875,0.26735291016573015
2024-04-03,721.414306640625,727.9115494819865,716.109420115624,716.450076374618,45584386,1.04644775390625,0.2700469624619286
2024-04-04,743.461181640625,744.6292393883092,731.9754091764817,731.9754091764817,88935066,22.046875,0.3268060639039576
2024-04-05,754.1439208984375,756.5529915753328,744.7022055513205,749.0093625181328,59055902,10.6827392578125,0.3543084959362943
2024-04-08,752.7081909179688,757.8914061879058,750.2504634550537,756.7720051664586,20482940,-1.43572998046875,0.3506122467579058
2024-04-09,753.6572265625,756.7233110790663,749.6420692068525,756.7233110790663,21884494,0.94903564453125,0.35305551413344305
2024-04-10,747.7196655273438,754.3142814277871,746.0649220391629,754.3142814277871,27807400,-5.93756103515625,0.3377694189787932
2024-04-12,739.2512817382812,744.5561681914903,736.5745101656407,740.2490112702176,41084208,-8.4683837890625,0.3159677870226347
2024-04-15,727.4490966796875,734.8954117012732,726.1594270943376,728.8361984614614,23415248,-11.80218505859375,0.2855833711370126
2024-04-16,734.5304565429688,736.3068713842836,721.3899415012858,723.7016987771374,20744886,7.08135986328125,0.30381414637511295
2024-04-18,727.4490966796875,739.2025682918519,725.6727413912242,734.7980983246009,34234884,-7.08135986328125,0.2855833711370126
2024-04-19,745.2619018554688,747.0382572891224,720.4165709168466,723.4827148610226,34576434,17.81280517578125,0.33144197086778027
2024-04-22,735.9661254882812,757.9643557818745,734.0680986992392,757.9643557818745,42298438,-9.2957763671875,0.30751023842009273
2024-04-23,733.7273559570312,742.9257276507318,731.6102850251966,742.8284142738174,26827060,-2.23876953125,0.30174658498034024
2024-04-24,735.7228393554688,740.6140550056098,734.4331696198528,737.3289261268269,22441580,1.9954833984375,0.30688390465207616
2024-04-25,735.260498046875,739.616311752735,733.0704121681982,733.0704121681982,35445204,-0.46234130859375,0.30569361907938997
2024-04-26,734.7981567382812,743.6558134751455,732.729742335618,739.6650141563123,24854694,-0.46234130859375,0.304503333506704
2024-04-29,744.3858642578125,746.7949349875348,733.216449914726,737.3289207914913,36093350,9.58770751953125,0.32918663504932977
2024-04-30,739.8109741210938,749.2526892649995,737.2802320622603,744.2398024289921,52307382,-4.57489013671875,0.31740870038257274
2024-05-02,745.7241821289062,748.0359392606487,739.9326102747762,740.7356535814621,33475006,5.9132080078125,0.3326320993070575
2024-05-03,739.567626953125,749.7880273318675,733.5327119903678,746.2108990812835,31865242,-6.15655517578125,0.3167822094811472
2024-05-06,741.0520629882812,746.819277196089,738.3752913854279,740.7357053714223,28793396,1.48443603515625,0.32060385111986633
2024-05-07,733.021728515625,741.7334150168236,732.0483570497901,740.7113274497933,28480602,-8.03033447265625,0.2999299656396375
2024-05-08,721.5845947265625,728.5441648774708,720.465193806477,728.0574791574124,41687862,-11.4371337890625,0.27048536467285844
2024-05-09,704.4776000976562,723.5800151607533,703.4069152466064,717.83709973452,46281278,-17.10699462890625,0.2264438556830204
2024-05-10,709.361572265625,716.2928456267198,703.8856031439476,709.9042250216206,27276608,4.88397216796875,0.2390175139326265
2024-05-13,717.9208984375,720.1655815796556,705.6122976051453,706.4509373389452,27047202,8.559326171875,0.2610532746680989
2024-05-14,720.7328491210938,722.9775322143812,715.4789152317669,716.4408878596623,25665142,2.81195068359375,0.2682925679511643
2024-05-15,709.6575927734375,720.116199874965,708.3256213801538,720.116199874965,38931996,-11.07525634765625,0.23977961096596356
2024-05-16,720.3875122070312,721.5221990437014,708.1775543730138,713.3822271543565,34945236,10.72991943359375,0.26740350712340755
2024-05-17,722.286865234375,724.210870736283,713.4562165510583,713.4562165510583,20920190,1.89935302734375,0.2722933416760698
2024-05-21,719.6721801757812,725.0494465734148,715.3801590157026,715.3801590157026,43769978,-2.61468505859375,0.265561903570684
2024-05-22,719.8695068359375,723.0268413842214,714.4182283327197,719.203521164468,39996278,0.19732666015625,0.2660699158817723
2024-05-23,736.3468017578125,737.8514873644924,718.808897899437,719.5982164877166,40861920,16.477294921875,0.3084902794916231
2024-05-24,748.4827880859375,749.814819731989,733.0908640200075,733.8308615274302,31060206,12.135986328125,0.3397340579907131
2024-05-27,753.6627807617188,762.1974428837648,749.3955099218479,751.5168000055969,29385440,5.17999267578125,0.3530698132736563
2024-05-28,755.0440673828125,757.7820820455768,752.2321011517142,754.846722684579,27908904,1.38128662109375,0.35662589945127454
2024-05-29,744.0921630859375,751.763434227272,740.6141508121484,748.8774560751649,35147706,-10.951904296875,0.3284305090855324
2024-05-30,747.3234252929688,751.6400771573121,738.8381451452329,739.6027730570852,33755350,3.23126220703125,0.33674930888798427
2024-05-31,755.5620727539062,757.7573743920395,746.9040786650703,749.370736784836,74079588,8.2386474609375,0.3579594906929098
2024-06-03,775.615966796875,788.8372786068238,764.6640286682782,788.8372786068238,72637256,20.05389404296875,0.4095877149329692
2024-06-04,731.6848754882812,769.1040704644005,717.3042453208712,768.1174071283333,89531240,-43.93109130859375,0.29648827258372434
2024-06-05,765.5520629882812,769.4000136473305,731.2901444599279,737.062160780223,81631650,33.8671875,0.3836784585338291
2024-06-06,769.4493408203125,772.2859977724349,762.9867083301413,772.0147015010076,46422870,3.89727783203125,0.3937118980945846
2024-06-07,776.1832885742188,781.6099363682906,765.675361251112,770.115345809898,36712216,6.73394775390625,0.4110482699690243
2024-06-10,770.23876953125,779.784725413951,768.4134061980604,776.5040577255814,22454058,-5.94451904296875,0.3957442616057558
2024-06-11,771.9653930664062,775.0240252200629,765.7493660748642,767.6240504407497,29545326,1.72662353515625,0.40018940861113084
2024-06-12,776.5780029296875,783.5586575880445,772.7546827700062,776.9973227739393,39280436,4.61260986328125,0.4120644517246099
2024-06-13,779.8340454101562,782.2760131134276,776.5040566032491,780.3273770852536,24120192,3.25604248046875,0.42044704769108976
2024-06-14,787.8013305664062,788.8373149959045,778.329326673916,781.4373401835603,25540554,7.96728515625,0.44095861435988826
2024-06-18,793.1785888671875,794.5105601294592,784.1259056214269,787.8012622589033,32415714,5.37725830078125,0.45480222482051036
2024-06-19,817.869873046875,823.8145435842582,791.3039754417663,795.941305047812,90131196,24.6912841796875,0.518369288338077
2024-06-20,823.5431518554688,829.5124525875813,814.983860042712,823.7651872236406,41408742,5.67327880859375,0.5329749958320364
2024-06-21,821.7672119140625,825.2698546527171,810.6179284522095,825.2698546527171,51630776,-1.77593994140625,0.5284028850322413
2024-06-24,825.0478515625,826.3798229097616,811.9005512360641,812.5172157896385,28544994,3.2806396484375,0.5368488057625223
2024-06-25,844.2631225585938,847.025767804676,824.4065232844747,824.4065232844747,74521548,19.21527099609375,0.5863180169638087
2024-06-26,839.40380859375,844.041138181783,834.2731473521208,842.5857736709851,47596666,-4.85931396484375,0.5738078406114122
2024-06-27,836.7644653320312,845.0770913433391,832.0531241260426,836.7397746618053,55074650,-2.63934326171875,0.5670129206088166
2024-06-28,830.671875,841.9198007397313,828.3038589383985,837.4798157900913,26476046,-6.09259033203125,0.5513277065954705
2024-07-01,841.2290649414062,842.2651095333842,828.7971320491276,828.7971320491276,21187024,10.55718994140625,0.578506915205627
2024-07-02,853.7597045898438,855.8810546817267,840.0204307746837,846.0637432263002,45921690,12.5306396484375,0.6107667183268937
2024-07-03,872.531005859375,885.0369507276009,870.5576793248654,883.5569558267186,123217802,18.77130126953125,0.6590929411115838
2024-07-04,852.0578002929688,868.1404005851939,850.9231133709549,868.1404005851939,45848658,-20.47320556640625,0.6063852103521377
2024-07-05,813.0598754882812,831.2638253093144,810.1492067263514,831.2638253093144,82242548,-38.9979248046875,0.5059860757801007
2024-07-08,806.7698974609375,816.4391857049037,802.7246020410699,811.678583484828,39087800,-6.28997802734375,0.48979269232225753
2024-07-09,807.3372192382812,812.3691778178521,799.369901303005,801.6639054458949,48550878,0.56732177734375,0.49125324735831266
2024-07-10,802.20654296875,809.063864597064,799.5672308205436,804.1058576798249,45507182,-5.13067626953125,0.4780444558697894
2024-07-11,800.1346435546875,802.0832795528332,789.8239996598078,801.1459373403621,44177074,-2.0718994140625,0.47271040517006635
2024-07-12,800.5292358398438,808.2745787950348,794.8312914757237,800.1839277769812,56049960,0.39459228515625,0.47372627265883405
2024-07-15,800.2332763671875,804.031966294815,796.8292758573642,800.9239527377698,33375694,-0.29595947265625,0.47296433275890615
2024-07-16,799.0739135742188,802.6505679180453,797.6186093434653,799.5672452078501,28950324,-1.15936279296875,0.46997958365617687
2024-07-18,796.6320190429688,801.1459557272271,788.9113662252444,793.2773395385489,33717064,-2.44189453125,0.46369299023148725
2024-07-19,792.9319458007812,800.677228233124,791.0572615353138,797.2239068544229,26002152,-3.7000732421875,0.45416724871500214
2024-07-22,810.3218994140625,814.4905276323838,795.5712715150735,797.7172520784763,53744822,17.38995361328125,0.49893722818866526
2024-07-23,798.407958984375,812.9119216218081,791.7973027922226,812.7885887086006,52002152,-11.9139404296875,0.4682651010312824
2024-07-24,791.3286743164062,799.6906218755655,783.4353677463822,793.3513220807449,61728206,-7.07928466796875,0.45003966832908593
2024-07-25,797.5198974609375,801.6638951787058,785.8772830890329,785.8772830890329,25535732,6.19122314453125,0.4659788099312714
2024-07-26,798.2846069335938,800.0605887969758,787.5792741911353,791.7972838101718,43810540,0.76470947265625,0.4679475344118236
2024-07-29,791.822021484375,805.0432741154053,788.4920327099303,796.7306475152811,51001148,-6.46258544921875,0.4513097776735109
2024-07-30,797.0020141601562,806.4739582617092,788.8373508245744,790.317345854264,54595834,5.17999267578125,0.4646455329564543
2024-07-31,797.1006469726562,803.0946388161857,793.8693004409521,796.2373165488889,37820484,0.0986328125,0.46489946054529363
2024-08-01,808.471923828125,814.0219048337823,798.1859108540549,800.627938629233,26215174,11.37127685546875,0.49417451456383144
2024-08-02,818.51123046875,824.1105327295066,804.6239322848401,804.6239322848401,44119238,10.039306640625,0.5200204461991709
2024-08-05,797.1006469726562,812.0239300120638,789.824004829474,809.1132611105608,41333634,-21.41058349609375,0.46489946054529363
2024-08-06,789.922607421875,805.5858871810888,786.0253355957136,804.1305829139676,45116050,-7.17803955078125,0.4464197859874399
2024-08-07,800.9239501953125,804.1306059860544,790.4159617464212,797.7172944045706,42346264,11.0013427734375,0.47474245441441965
2024-08-08,810.3958740234375,815.6252376687839,798.8272709671206,801.1705962949537,33976950,9.471923828125,0.499127673880295
2024-08-09,814.0958862304688,820.1885804457108,811.9252750900921,814.9839073123685,26644618,3.70001220703125,0.5086532582633712
2024-08-12,818.9797973632812,826.7990913723679,812.6898193077751,814.9838233487179,39316196,4.8839111328125,0.5212267593795683
2024-08-13,790.9093017578125,805.3146225179424,789.8980079765901,803.1439511462899,54055042,-28.07049560546875,0.44896000467629027
2024-08-14,793.1785888671875,796.0891971974215,790.9092152779186,792.5372336839343,32334428,2.269287109375,0.45480222482051036
2024-08-16,805.1665649414062,806.177918901087,794.7572792867222,803.3905830654421,27849246,11.98797607421875,0.4856649548029319
2024-08-19,804.895263671875,807.9045746403995,801.0225621096914,807.9045746403995,19502164,-0.27130126953125,0.4849664968002141
2024-08-20,807.92919921875,812.0238759013653,802.8725499307859,802.8725499307859,31134494,3.033935546875,0.4927772842915774
2024-08-21,802.05859375,806.3752455426795,798.1119406824072,803.1932203742449,47630904,-5.87060546875,0.4776635644865299
2024-08-22,804.77197265625,808.2252943260683,803.1439540663039,805.1172807347715,21300638,2.71337890625,0.48464908731416423
2024-08-23,801.6885986328125,806.1038926835937,800.6772446912317,806.1038926835937,20333422,-3.0833740234375,0.4767110217615629
2024-08-26,809.0392456054688,812.9858989531632,805.2159251748899,805.2159251748899,22364266,7.35064697265625,0.49563506959988657
2024-08-27,807.9539184570312,812.714580974844,805.2159036816922,810.7412543536698,35773244,-1.0853271484375,0.4928409233221964
2024-08-28,807.6332397460938,808.9405806750858,804.2292392849356,807.9539173658313,26921188,-0.3206787109375,0.4920153443916495
2024-08-29,808.3485717773438,811.2345497877237,804.6979056469421,810.0505418236547,49052604,0.71533203125,0.49385694794437307
2024-08-30,807.5346069335938,819.9172195651064,799.7646332824804,816.9572296027775,445342100,-0.81396484375,0.4917614168028097
2024-09-02,802.6258544921875,812.4185353190471,800.7758609185206,812.4185353190471,34049680,-4.90875244140625,0.47912396238917565
2024-09-03,807.7565307617188,809.0391809529892,801.4665524914798,806.1038818486695,37282860,5.13067626953125,0.4923327538776989
2024-09-04,809.9519653320312,811.4319603519671,805.1172908451134,808.5706125582972,24682744,2.1954345703125,0.4979848425971072
2024-09-05,811.7525024414062,813.947864316631,810.0505324148638,812.0238589250097,22876318,1.800537109375,0.5026202781607034
2024-09-06,807.5592041015625,812.8872099026286,806.1532209716318,808.2252499925564,26029602,-4.19329833984375,0.4918247415666108
2024-09-09,812.2705688476562,813.2572321563082,804.1799176724811,808.0772497858858,23792914,4.71136474609375,0.5039540265357474
2024-09-10,814.169921875,815.9705945420105,808.0772877024264,815.9705945420105,26606646,1.89935302734375,0.5088438610884098
2024-09-11,810.9879150390625,815.2305552034559,808.6692201411954,814.1945707781381,22226684,-3.1820068359375,0.5006518679469687
2024-09-12,822.1865234375,823.8638631072175,812.541925723635,815.970556634334,32424046,11.1986083984375,0.529482391551628
2024-09-13,821.8658447265625,825.8371886289187,817.4752411837702,825.8371886289187,23860532,-0.3206787109375,0.5286568126210811
2024-09-16,824.3324584960938,827.7118283198007,820.9285184448568,822.383822656841,15172820,2.46661376953125,0.5350070450763897
2024-09-17,823.2718505859375,827.8104775064535,820.9778464556504,827.8104775064535,20127122,-1.06060791015625,0.5322765378293182
2024-09-18,836.0985107421875,838.1211584780381,824.4065144173259,824.7765131575844,40917342,12.82666015625,0.5652984379839217
2024-09-19,842.8571166992188,848.0370989791965,838.2444778560398,838.2691083056365,30651776,6.75860595703125,0.5826982917555716
2024-09-20,858.989013671875,860.8390072921377,842.3884524296358,846.8037464482039,60623386,16.13189697265625,0.6242294374042567
2024-09-23,868.1650390625,871.3963251528371,858.5203814686755,862.8370332933276,26965350,9.176025390625,0.6478528741036127
2024-09-24,872.2350463867188,878.9443447710721,865.4270455398441,870.7303607683197,33039036,4.07000732421875,0.6583310012116559
2024-09-25,877.6863403320312,882.0770041306025,868.3377295053485,868.3377295053485,31965312,5.4512939453125,0.6723652144973171
2024-09-26,879.832275390625,882.0769584056752,872.2350164313859,874.7016745924757,31899644,2.14593505859375,0.6778898680220784
2024-09-27,864.6377563476562,877.2423442796407,863.3304153886946,876.6503703689774,35613502,-15.19451904296875,0.638771977267824
2024-09-30,854.47509765625,864.0456833682003,850.701098537286,862.738402689165,26383534,-10.16265869140625,0.6126084790130262
2024-10-01,851.5890502929688,859.3837142697525,848.5797393423385,850.5037447767241,24572284,-2.88604736328125,0.6051784257715134
2024-10-03,829.7838134765625,851.5644172954591,825.5164827720641,846.3844351066934,48473398,-21.80523681640625,0.5490414154954599
2024-10-04,817.771240234375,834.0511850540141,815.4772359655595,826.083866681385,48683232,-12.0125732421875,0.5181153607492373
2024-10-07,798.1119384765625,818.4371776300311,795.7439225540929,815.0824984433904,94458296,-19.6593017578125,0.46750300399794553
2024-10-08,814.5151977539062,817.351854577489,800.1838900610866,804.1305430330278,29734406,16.40325927734375,0.5097327647827574
2024-10-09,805.6846313476562,817.3272467507278,803.4892692768091,813.750592132383,41125642,-8.83056640625,0.4869987031779759
2024-10-10,820.114501953125,821.6191272702827,805.363874384187,808.5705299330368,21754766,14.42987060546875,0.5241480265850871
2024-10-11,814.4906005859375,821.1258875682706,810.6672800804614,821.1258875682706,23672594,-5.6239013671875,0.5096694400189568
2024-10-14,832.7931518554688,834.741848018609,815.9705545228965,816.9819085005773,18527508,18.30255126953125,0.5567888782230221
2024-10-15,830.81982421875,837.6771462351046,826.5771840500105,835.7038196244212,19651130,-1.97332763671875,0.55170859797873
2024-10-16,838.565185546875,842.585790426718,828.8465156450762,828.8465156450762,20470682,7.745361328125,0.5716488275726392
2024-10-17,825.4178466796875,837.5044718768119,821.4958240034423,836.1724403142362,14695732,-13.1473388671875,0.5378013484874888
2024-10-18,829.7098388671875,834.2238355924767,816.0198853262701,820.4598702584595,24809724,4.2919921875,0.5488509698038302
2024-10-21,852.8223876953125,862.4177242903107,844.1151323678729,846.063768270474,46548354,23.112548828125,0.6083536205658719
2024-10-22,845.841796875,858.3970631644344,843.9424218629189,853.4884373802005,38875280,-6.9805908203125,0.5903822725859242
2024-10-23,856.3251342773438,861.603759041874,841.1551854708522,841.1551854708522,38036090,10.48333740234375,0.617371349771269
2024-10-24,863.15771484375,872.5310159915173,857.4597103207274,857.4597103207274,30832258,6.83258056640625,0.6349616492345482
2024-10-25,860.0744018554688,867.2030200365818,852.8223905419693,865.7970368926951,26130478,-3.08331298828125,0.6270237408153558
2024-10-28,855.5357055664062,863.8237012026692,852.9210840084185,859.383716444917,22012142,-4.5386962890625,0.6153389862600978
2024-10-29,864.2430419921875,870.2370336046123,851.0464203091243,851.5644426318723,35794926,8.70733642578125,0.6377557955122384
2024-10-30,855.7330932617188,865.6737383463702,850.6024319063034,859.3837596235229,32715724,-8.50994873046875,0.6158471557045948
2024-10-31,856.2756958007812,857.8543931673494,848.234426273393,852.4770662952162,22895912,0.5426025390625,0.6172440717100309
2024-11-01,857.0651245117188,860.419743696405,851.5397737386437,854.9437742666823,1759692,0.7894287109375,0.6192764352212021
2024-11-04,845.6197509765625,860.8637106769045,844.0411138190809,860.8637106769045,28089248,-11.44537353515625,0.5898106212442171
2024-11-05,867.2030029296875,869.5956493162819,837.6277954866241,840.1437747820238,44232406,21.583251953125,0.6453761373119724
2024-11-06,865.92041015625,873.9370497603172,861.0364145993881,873.9370497603172,27787910,-1.2825927734375,0.6420741358566027
2024-11-07,861.62841796875,868.7323455565536,857.4104082699865,860.5184217555121,18895456,-4.2919921875,0.6310245145402613
2024-11-08,865.5256958007812,869.1517316326272,861.2830556229201,864.3170573375987,19902986,3.89727783203125,0.6410579541010171
2024-11-11,871.3717041015625,879.5116762015548,863.9223481240455,865.5750573030832,24565362,5.84600830078125,0.6561083491422639
2024-11-12,847.6423950195312,875.6636561032956,842.9311140165652,874.1836611915717,31395406,-23.72930908203125,0.595017865282929
2024-11-13,829.463134765625,853.1677439816382,825.3438276461692,846.9270867373347,35728500,-18.17926025390625,0.548215836564913
2024-11-14,835.087158203125,841.05645917869,824.8998474928816,825.39317914741,27146470,5.6240234375,0.5626947373978612
2024-11-18,841.1797485351562,847.987749103584,836.1971111266544,838.6637692715708,27081968,6.09259033203125,0.5783799514112073
2024-11-19,859.507080078125,865.1803941380466,839.9957889401087,845.5704607570133,50981272,18.32733154296875,0.6255631857793007
2024-11-21,858.989013671875,867.7703408111802,855.5356922473849,863.0343691875372,35716512,-0.51806640625,0.6242294374042567
2024-11-22,861.1597290039062,865.4517505554312,853.2417920363309,860.1484352390544,24773612,2.17071533203125,0.629817887093046
2024-11-25,880.8929443359375,889.7482832055338,870.6810037082952,880.6216480727867,427737274,19.73321533203125,0.6806205324025589
2024-11-26,880.8683471679688,892.9302818593218,873.0983737208503,892.9302818593218,30935566,-0.02459716796875,0.6805572076387578
2024-11-27,894.06494140625,896.5562300169572,880.6709755435701,883.0143007972586,32714976,13.19659423828125,0.7145314933849194
2024-11-28,884.6176147460938,905.8061839354122,882.07694483503,897.3702251985009,35722392,-9.44732666015625,0.6902095986828451
2024-11-29,886.04833984375,890.2662893460416,879.561016559754,888.6383310231244,27669536,1.43072509765625,0.6938929629217008
2024-12-02,890.3156127929688,892.0176431336934,875.6636867426915,889.7236388960249,15110876,4.26727294921875,0.7048789452074231
2024-12-03,900.9715576171876,906.4475265301776,895.9395389832724,899.1955156163089,43410242,10.655944824218864,0.7323123956732378
2024-12-04,917.6461791992188,920.063516299678,903.3642521901576,906.7435619082082,44669084,16.674621582031136,0.7752407715941765
2024-12-05,920.4335327148438,927.4388181075852,905.3622266087298,917.596875706611,39682714,2.787353515625,0.782416740113441
2024-12-06,915.5494995117188,919.6688066050772,909.7035317020062,916.1168429341786,17783156,-4.884033203125,0.7698429247304259
2024-12-09,922.5301513671876,927.4634676846592,912.1701871004972,914.4641912323508,26947912,6.980651855468864,0.787814429843783
2024-12-10,921.5928344726562,926.3288062229568,916.881553393078,926.3288062229568,13325480,-0.9373168945313637,0.7854013320827609
2024-12-11,919.1261596679688,923.4675021564424,915.9935158212784,918.435483332828,14045426,-2.4666748046875,0.7790509424940433
2024-12-12,917.2268676757812,921.864197216933,912.0221946944998,913.1568815747592,17293790,-1.8992919921875,0.7741612650747902
2024-12-13,923.3934936523438,924.996821476236,902.4268990322158,918.8301759997275,19009002,6.1666259765625,0.7900370819131746
2024-12-16,920.1621704101562,922.5054957499956,915.2535445762154,920.1128492893369,13107082,-3.2313232421875,0.7817181249773137
2024-12-17,904.4002685546876,918.7562078618506,901.0702798391582,915.7962178924912,21079532,-15.761901855468636,0.7411395220535957
2024-12-18,893.2755737304688,905.7568882727958,891.5242825465077,902.7228866518356,23422312,-11.124694824218864,0.7124992870071571
2024-12-19,884.790283203125,888.5395915672278,877.6369745293333,887.7995941182149,25380770,-8.48529052734375,0.6906541290967232
2024-12-20,873.93701171875,886.7883251977108,871.7417099804251,879.2156362475025,25692348,-10.853271484375,0.6627126663198208
2024-12-23,888.4902954101562,890.956953642833,878.7716860618692,879.1169941259847,11044592,14.55328369140625,0.7001797134797993
2024-12-24,887.0596313476562,892.2889348142179,882.8416818560752,889.0083275055933,14485834,-1.4306640625,0.6964965063743527
2024-12-26,883.4336547851562,893.916952377888,878.5003382709294,887.2816657547127,10481678,-3.6259765625,0.6871615248163152
2024-12-27,887.1336669921875,890.9322967259654,882.6196702111419,885.4316968356189,7259330,3.70001220703125,0.6966871091993914
2024-12-30,877.0943603515625,895.3969526845203,873.6903598921683,884.1489668763874,22222218,-10.039306640625,0.6708411775640519
2024-12-31,874.60302734375,879.0183818635131,871.0263727843891,873.3450677348718,14117236,-2.4913330078125,0.6644273060781247
2025-01-01,879.4869384765625,885.0369191568942,868.8062969452952,874.8989303590305,7313806,4.8839111328125,0.6770008071943219
2025-01-02,884.9136352539062,889.6989281059142,874.6770036544534,876.699651347947,18558576,5.42669677734375,0.690971695716182
2025-01-03,862.9356689453125,885.6536147489581,861.5050553855514,883.5569553072743,24426194,-21.97796630859375,0.6343899978928411
2025-01-06,843.8438110351562,866.8823756490298,841.5251763034672,858.4464162412277,18816348,-19.09185791015625,0.585238510444422
2025-01-07,845.2744140625,849.0237223493897,838.6637582765616,846.063732614296,13527906,1.43060302734375,0.5889215604164602
2025-01-08,835.8518676757812,844.4111600559388,830.4498497882179,842.7338203435289,19738190,-9.42254638671875,0.5646634618784139
2025-01-09,822.778564453125,833.237171528912,817.9932112311335,830.844525028491,40420222,-13.07330322265625,0.5310065856183017
2025-01-10,817.3272094726562,826.2811909461473,815.9705474379197,824.3571854708366,17453280,-5.45135498046875,0.516972215199232
2025-01-13,804.5499267578125,812.3939122066796,801.3186405131205,809.0639234971638,21669066,-12.77728271484375,0.4840774359724571
2025-01-14,812.3198852539062,817.0558570637163,807.5839134440961,809.0145872775671,26661432,7.76995849609375,0.5040809903301671
2025-01-15,810.5685424804688,820.2624606383587,807.2385540448483,817.2038286822469,14022892,-1.7513427734375,0.4995722042941735
2025-01-16,815.008544921875,819.201863784551,810.469857784879,815.4031740939097,21212454,4.44000244140625,0.5110028741271828
2025-01-17,807.4605712890625,814.2438814190301,803.3905852110819,810.7905598983193,23112076,-7.5479736328125,0.491570813977771
2025-01-20,814.6138305664062,819.3991231510713,802.1572072678132,802.1572072678132,17557618,7.15325927734375,0.5099866923715972
2025-01-21,810.2478637695312,819.4485105158285,805.6352251722408,818.0671578930118,31158144,-4.365966796875,0.4987466253636266
2025-01-22,821.9152221679688,824.8012002853578,801.8859089377631,810.2479165643738,30619306,11.6673583984375,0.5287839335489097
2025-01-23,821.347900390625,832.2505181334424,814.6139111249832,832.2505181334424,34909158,-0.56732177734375,0.527323378512855
2025-01-24,813.8986206054688,824.0119199318104,811.2839386423929,818.9305795964561,24236200,-7.44927978515625,0.5081454030856916
2025-01-27,804.0319213867188,810.839861804967,802.157237088582,809.6065327196525,22804166,-9.86669921875,0.48274384473082166
2025-01-28,824.0611572265625,830.918478848159,812.5171851743912,812.5171851743912,30179312,20.02923583984375,0.5343085870736715
2025-01-29,827.4651489257812,829.3644636153648,823.2964606110903,826.3304621132276,12619890,3.40399169921875,0.5430720744234108
2025-01-30,834.470458984375,837.627793486482,825.1218486077116,829.2904768269195,25744846,7.00531005859375,0.5611070614339775
2025-01-31,838.047119140625,840.9824182950722,830.7457868177106,832.3738053097981,15821686,3.57666015625,0.5703150791975953
2025-02-01,834.1990966796875,845.0770832229423,826.8485035606199,837.4304429485957,5587528,-3.8480224609375,0.5604084462978507
2025-02-03,827.8104858398438,832.1518283284162,820.6324864421063,823.8638327488314,20276540,-6.38861083984375,0.5439611352511677
2025-02-04,848.9744873046875,851.391824544325,828.8219005259823,833.0891713164636,28616502,21.16400146484375,0.5984473019329453
2025-02-05,857.311767578125,860.4690419690123,847.9877873258422,854.9437515638108,23675506,8.3372802734375,0.6199114113267103
2025-02-06,860.29638671875,862.8370567631686,850.5037655001158,856.1770794811201,26760716,2.984619140625,0.627595235023654
2025-02-07,854.8203735351562,871.7169816976605,850.9970534399911,863.3303440695562,23509600,-5.47601318359375,0.6134973827073742
2025-02-10,846.4337768554688,850.2324064646851,842.857122399865,847.1984649999539,17195950,-8.3865966796875,0.591906309519189
2025-02-11,839.3544921875,844.090464044396,833.0891440189461,840.1438107934578,22724704,-7.07928466796875,0.5736808768169925
2025-02-12,842.0184936523438,844.5837941723514,829.389155095277,835.2104927183359,22809570,2.66400146484375,0.5805392787167982
2025-02-13,837.5291137695312,845.6937766231139,835.4818356095761,838.1704689996619,12602434,-4.4893798828125,0.5689814879559598
2025-02-14,836.1231079101562,839.601120018604,828.7971451888767,839.601120018604,19959892,-1.406005859375,0.5653617627477228
2025-02-17,847.2230834960938,848.5304243918573,829.413823260936,831.3624591587258,12938946,11.0999755859375,0.5939383587635423
2025-02-18,850.0350952148438,854.2284140997132,841.697778564227,845.1017788797033,16350910,2.81201171875,0.6011778091800168
2025-02-19,852.0823974609375,857.3610822217985,844.8057556604201,847.0504387449713,11884112,2.04730224609375,0.6064485351159388
2025-02-20,832.2998046875,845.9157460199498,831.4118438608401,844.0904430253034,26390510,-19.7825927734375,0.5555187688785972
2025-02-21,834.9638061523438,836.1724445897772,827.4404985932164,829.2411711352042,15680940,2.66400146484375,0.5623771707784029
2025-02-24,827.3665161132812,830.8691588600108,819.4732095421047,829.3398427560753,20693646,-7.5972900390625,0.542818146834571
2025-02-25,829.9564819335938,832.7438177754724,824.406500920576,824.406500920576,24138708,2.5899658203125,0.549485945909338
2025-02-27,839.0090942382812,843.9671012979777,830.0551731686357,830.0551731686357,35786800,9.0526123046875,0.5727916588558271
2025-02-28,854.6477661132812,857.0404125816553,831.2638337603047,831.2638337603047,54516728,15.638671875,0.6130530094269047
2025-03-03,839.4285278320312,859.9017921530082,835.7531707549724,858.2984642242569,21205364,-15.21923828125,0.5738714796420312
2025-03-04,843.5971069335938,845.7184570804238,835.3338019387764,837.6771272358142,19920958,4.1685791015625,0.5846033772055048
2025-03-05,833.73046875,843.991790915382,832.8671383829512,839.6257577393887,21583872,-9.86663818359375,0.5592019759840439
2025-03-06,834.3224487304688,838.6144701478811,824.973838204501,832.2504799228543,32966088,0.59197998046875,0.5607260129173091
2025-03-07,833.3604736328125,839.2311321984157,827.6131479773222,829.7838192395386,13372914,-0.96197509765625,0.5582494332590773
2025-03-10,832.4971313476562,838.6144556459366,830.3018296675241,833.2371287977431,15604050,-0.86334228515625,0.5560267811896853
2025-03-11,831.510498046875,835.7038170818192,823.8885481247595,829.9811819724781,19898430,-0.98663330078125,0.5534867196342439
2025-03-12,844.1644897460938,847.7904654359072,834.4952011662076,834.4952011662076,18784106,12.65399169921875,0.5860640893749689
2025-03-13,841.9197387695312,848.9250839737969,838.688452760047,846.5817587561914,15736264,-2.2447509765625,0.580285036861141
2025-03-17,843.7944946289062,850.5037932506908,841.1304915849349,841.1304915849349,18950652,1.874755859375,0.5851115466500023
2025-03-18,843.7944946289062,843.7944946289062,843.7944946289062,843.7944946289062,0,0.0,0.5851115466500023
2025-03-19,860.4197387695312,863.823739278078,854.5490799535085,855.930432694155,15221406,16.625244140625,0.6279128016431128
2025-03-20,872.580322265625,875.1703133281802,862.9850461318551,865.3036807089222,17833978,12.16058349609375,0.6592199049060035
2025-03-21,873.3696899414062,875.2196836615442,866.0684175252852,866.0684175252852,33508264,0.78936767578125,0.6612521112837657
2025-03-24,887.9969482421875,890.1676194932312,874.997671627427,877.6369838460287,17393736,14.62725830078125,0.6989096041353744
2025-03-25,898.5789184570312,909.5555477752322,888.7369760332164,890.4143157035983,39101416,10.58197021484375,0.7261526089095585
2025-03-26,891.2283325195312,901.5636066855512,888.9836493829623,900.3302775382388,24478442,-7.3505859375,0.7072287182046442
2025-03-27,900.5029296875,908.2235821777276,887.0596420099644,887.9969842041877,41658100,9.27459716796875,0.731105925359431
2025-03-28,901.9088745117188,905.7568853680812,890.8829244709937,902.3035639097062,28773648,1.40594482421875,0.7347254934342591
2025-04-01,872.1363525390625,892.8809726796349,870.9030234039785,888.9836405685396,28511006,-29.77252197265625,0.6580769164894071
2025-04-02,886.4676513671875,887.602278026219,873.5423260418547,873.5423260418547,11573564,14.331298828125,0.6949724694410875
2025-04-03,885.456298828125,889.9702954640933,876.6503409310941,878.6729886492828,11250038,-1.0113525390625,0.6923687688550271
2025-04-04,896.5316772460938,908.6922548603656,893.4729847277881,894.4103269547068,33540454,11.07537841796875,0.7208820401070455
2025-04-07,867.1289672851562,878.0562747489253,857.5090006629878,869.6450067324856,37995450,-29.4027099609375,0.6451855344869337
2025-04-08,872.7777099609375,879.1170096868965,863.4784203033727,870.730371547347,35563872,5.64874267578125,0.659728074350501
2025-04-09,870.7303466796875,875.6636630914704,865.0570328061372,870.7303466796875,22454608,-2.04736328125,0.6544571912811701
2025-04-11,891.3269653320312,897.567622795633,875.540352413462,875.540352413462,32775766,20.59661865234375,0.7074826457934835
2025-04-15,920.0142211914062,925.8848799667484,915.1302257322174,920.063542312984,49298344,28.687255859375,0.7813372335940543
2025-04-16,926.4768676757812,929.33821542373,917.8435635307726,929.33821542373,19136820,6.462646484375,0.7979751474657759
2025-04-17,940.6354370117188,947.048748489299,925.835487448072,928.450169292776,35703084,14.1585693359375,0.8344260128701688
2025-04-21,950.6994018554688,962.3420166432836,942.2634427629204,949.170085798879,34247298,10.06396484375,0.8603354264027183
2025-04-22,967.7686767578124,972.1593405008402,954.5967457498784,954.5967457498784,45961750,17.069274902343636,0.9042798269458336
2025-04-23,949.1207275390624,976.2539669757358,947.4433879660209,976.2539669757358,30570642,-18.64794921875,0.8562711707806023
2025-04-24,945.6181030273438,949.1207455952106,939.8460867592294,942.2634238174406,25931754,-3.5026245117186363,0.8472537558420237
2025-04-25,942.8554077148438,953.6100615716746,933.2848220611924,949.5647662059754,18500878,-2.7626953125,0.8401412692199692
2025-04-28,947.29541015625,951.982060830828,941.4741328194632,942.8554253066496,13920492,4.44000244140625,0.851571939052979
2025-04-29,941.6714477539062,951.5380804410966,937.4287475214968,946.6047640975014,18918308,-5.62396240234375,0.8370931953534393
2025-04-30,949.6633911132812,955.5340495753018,942.4114402150566,943.7434115323152,31936870,7.991943359375,0.8576682439194478
2025-05-02,948.1341552734376,958.0007887427043,947.1968130496268,952.0314875380284,17840404,-1.5292358398436363,0.8537312663585703
2025-05-05,955.4847412109376,962.9833580251332,953.2647488384408,956.57004672681,15068024,7.3505859375,0.8726551570634851
2025-05-06,952.9686889648438,957.112686715781,949.318083066804,952.1300492793256,17490156,-2.5160522460938637,0.8661776465469384
2025-05-07,959.8260498046876,961.355365881208,948.3807795701132,954.1034146874002,21420778,6.857360839843864,0.8838317421742456
2025-05-08,951.3900756835938,964.364722012384,946.752746184645,964.364722012384,34803430,-8.435974121093864,0.8621135480582318
2025-05-09,932.248779296875,946.7034204881496,930.8181657127636,942.3127568324844,17188796,-19.14129638671875,0.8128347825485751
2025-05-12,965.5487060546876,966.880737676539,943.398162578518,946.0127842578852,18618972,33.299926757812614,0.8985645705960341
2025-05-13,948.4793701171876,967.7686246091652,947.1967199365026,961.9966686855104,24242102,-17.0693359375,0.8546200129195094
2025-05-14,942.5594482421876,952.2287366384548,938.8101397074493,948.2327622761528,15445308,-5.919921875,0.8393793293200418
2025-05-15,954.0047607421876,959.4314088460198,935.85013208818,943.9901042439284,32241458,11.4453125,0.8688449861636178
2025-05-16,954.44873046875,958.9380967138302,951.340777169636,954.0047801554118,15868010,0.4439697265623863,0.8699879745802142
2025-05-19,956.4220581054688,959.5300716290252,952.6234284399216,955.5834183781088,10202964,1.97332763671875,0.8750682548245063
2025-05-20,944.6807861328124,954.3993955236706,943.7434439560598,951.1927398071444,23879090,-11.741271972656364,0.8448406580810015
2025-05-21,950.5514526367188,960.4674068130724,947.739426083267,950.6500948788124,15132040,5.870666503906364,0.8599545350194588
2025-05-22,947.1474609375,949.2687509312964,939.895449442171,944.828766015395,21306670,-3.40399169921875,0.8511910476697195
2025-05-23,953.9060668945312,955.583406549638,944.4834444188342,947.246089616049,9566072,6.75860595703125,0.8685909014413691
2025-05-26,957.1619873046876,961.9473401627192,950.6007128758196,954.596686963064,10802860,3.2559204101563637,0.876973183141031
2025-05-27,950.3047485351562,961.0100208805312,945.3714322062008,952.9193700568148,26162148,-6.857238769531364,0.8593194017805417
2025-05-28,948.9234008789062,954.3500488693757,946.0620533045636,947.2953823933068,18157594,-1.38134765625,0.8557631584695142
2025-05-29,950.896728515625,957.4580633637506,940.9314535555671,951.1433943336576,28917794,1.97332763671875,0.8608434387138064
2025-05-30,959.480712890625,961.4047183192448,949.8607459686727,953.0674016093236,28748078,8.583984375,0.8829426813464887
2025-06-02,953.166015625,955.09002099665,941.2767355690124,952.1793523801688,14668822,-6.314697265625,0.8666856588580265
2025-06-03,949.466064453125,962.9833634640112,947.1967509482078,956.0767204883472,24377584,-3.699951171875,0.8571602316083593
2025-06-04,957.6553344726562,958.6913790708478,947.6407385330224,947.690059651711,12961542,8.18927001953125,0.878243292485456
2025-06-05,961.79931640625,966.3873245707182,957.1619871239031,961.0099978567569,22255418,4.14398193359375,0.8889118652851289
2025-06-06,976.1552734375,984.8379583134906,958.3953347348496,959.036689943126,30127008,14.35595703125,0.9258709001340193
2025-06-09,976.2540283203124,984.1966559557252,974.7740333489504,984.1966559557252,13202588,0.09875488281238631,0.9261251419896765
2025-06-10,969.5447387695312,978.1780428487654,967.472709657825,978.1780428487654,15533126,-6.709289550781136,0.9088522520124467
2025-06-11,962.1940307617188,970.6793107759778,960.516691162301,970.6793107759778,11096394,-7.3507080078125,0.8899280470407145
2025-06-12,958.74072265625,967.4233474890254,954.7447484104944,961.9966994408974,16349130,-3.45330810546875,0.8810375958965555
2025-06-13,946.0127563476562,953.6100757725884,943.7434428106372,947.19676434732,12117762,-12.72796630859375,0.8482697804642003
2025-06-16,954.7940673828124,956.520728121515,947.2460692080248,949.1700746468088,16513746,8.781311035156136,0.8708770354079707
2025-06-17,951.9327392578124,957.852719054467,946.75275693574,955.5834055099792,16978736,-2.861328125,0.8635106211970764
2025-06-18,954.0540771484376,955.2380851367438,945.7167603313338,945.7167603313338,18433816,2.1213378906252274,0.868971949958038
2025-06-19,954.7447509765624,960.4180648603084,949.9593979158448,954.0540746334422,16876220,0.6906738281247726,0.870750071613551
2025-06-20,969.2486572265624,971.8140179089728,952.9193918485256,952.9193918485256,32900408,14.50390625,0.9080899978457009
2025-06-23,961.2073974609376,965.8940481289004,957.9514206200562,961.2073974609376,11739518,-8.041259765624773,0.8873879854852731
2025-06-24,967.3740234375,976.3033140635844,964.7593416610488,969.3966711141704,22625322,6.166625976562386,0.9032638023236574
2025-06-25,976.8953247070312,977.7833457795492,968.854054817417,969.8900392545884,18405932,9.52130126953125,0.9277761427173614
2025-06-26,997.4179077148438,1000.03252920567,976.7966216145232,977.4872979366618,50084830,20.5225830078125,0.9806109944046366
2025-06-27,1004.9491577148438,1007.393088107433,994.2258430942326,1004.0015037809444,28213384,7.53125,1.0000000000000002
2025-06-30,998.2658081054688,1004.400566128524,995.2732550959096,1003.2533964547342,13649020,-6.683349609375,0.982793891721568
