Date,Close,High,Low,Open,Volume,Close_diff,Close_scaled
2021-01-01,1109.599609375,1114.0452695948306,1105.5062062061872,1107.3548572277423,4253550,,0.022125077525081194
2021-01-04,1134.07275390625,1135.613314604357,1110.2160925877663,1117.1265862270766,7208454,24.47314453125,0.050867635762438246
2021-01-05,1138.95849609375,1143.5361188661743,1122.4524897590766,1128.5706731227374,8145280,4.8857421875,0.05660571037633244
2021-01-06,1128.6588134765625,1146.17721170683,1116.290375783817,1144.4165708286318,7161715,-10.2996826171875,0.04450921713359479
2021-01-07,1111.0963134765625,1142.347684839273,1105.2421618558594,1140.8951348189516,10954918,-17.5625,0.02388288616092349
2021-01-08,1155.068115234375,1159.2056846592145,1125.2692978970615,1125.2692978970615,13186251,43.9718017578125,0.07552570105181777
2021-01-11,1211.496826171875,1217.791138184684,1179.6292723945633,1181.477923642687,20528626,56.4287109375,0.1417985704131315
2021-01-12,1207.579345703125,1213.0813474604747,1197.2355823993075,1213.0813474604747,8309868,-3.91748046875,0.13719767368843905
2021-01-13,1221.136474609375,1226.110306403351,1197.235754056419,1209.428170206634,14442997,13.55712890625,0.1531198845274131
2021-01-14,1206.478759765625,1218.3630817334,1160.6580531943762,1197.235398235133,27521697,-14.65771484375,0.13590508722234684
2021-01-15,1183.986572265625,1201.152815618445,1179.6290303989078,1197.2354338376977,15018441,-22.4921875,0.10948906993127894
2021-01-18,1155.024169921875,1179.629076709147,1149.698189688169,1177.8684362961485,8861765,-28.96240234375,0.07547408934731537
2021-01-19,1159.0736083984375,1171.7061817280312,1154.980097991869,1162.0226595649897,5585744,4.0494384765625,0.08022996455136089
2021-01-20,1179.144775390625,1187.0237051659822,1162.5068106167057,1162.5068106167057,8225838,20.0711669921875,0.10380260702188715
2021-01-21,1179.364990234375,1198.159913449712,1175.227528063781,1188.4323317498906,6142421,0.22021484375,0.10406123900778219
2021-01-22,1180.37744140625,1193.7143153151292,1167.78892571395,1168.1850268607495,9646591,1.012451171875,0.10525031533317786
2021-01-25,1166.512451171875,1186.5837977384415,1155.8605966401967,1184.0308472818467,6542611,-13.864990234375,0.08896653583099567
2021-01-27,1145.2969970703125,1168.6695498719432,1131.299879303387,1161.67093725798,8133665,-21.2154541015625,0.06404998192156675
2021-01-28,1123.4647216796875,1141.291207719844,1120.251638559747,1137.1978043016245,4660690,-21.832275390625,0.038409000393109016
2021-01-29,1090.760986328125,1136.6256556459916,1083.6743644373792,1132.3120643847108,12183519,-32.7037353515625,0.0
2021-02-01,1109.9959716796875,1125.0053694528378,1092.4775748930736,1100.8846773780538,8880279,19.2349853515625,0.022590586426523007
2021-02-02,1119.107177734375,1139.4866141052723,1112.3727059690884,1126.8099803343166,6892490,9.1112060546875,0.03329126979416386
2021-02-03,1130.903564453125,1147.9377418137635,1120.647810835062,1124.741321974063,8182968,11.79638671875,0.0471455716727438
2021-02-04,1126.2376708984375,1138.6062131817555,1119.8113976609816,1131.2115017172475,5032240,-4.6658935546875,0.041665698947207286
2021-02-05,1119.85546875,1134.5128237163976,1110.9642549215084,1132.444092435958,5477481,-6.3822021484375,0.034170102429162075
2021-02-08,1147.5416259765625,1153.2196492039,1122.8485973737208,1131.6518008027583,6921922,27.6861572265625,0.0666861930948699
2021-02-09,1149.3023681640625,1172.5868003058606,1142.523836448464,1150.4907792397423,7965949,1.7607421875,0.068754102055264
2021-02-10,1141.335205078125,1148.2456975542025,1129.9790523514478,1140.7190238869975,5951207,-7.9671630859375,0.059397043394834315
2021-02-11,1137.946044921875,1140.8950964026346,1129.494991625902,1134.7328543695958,4673317,-3.38916015625,0.055416634050936775
2021-02-12,1153.0435791015625,1165.324004378613,1145.780936581356,1148.8179986508703,5797875,15.0975341796875,0.0731479784985638
2021-02-15,1152.91162109375,1169.4176284182483,1150.6667611132243,1162.022915644676,4363513,-0.1319580078125,0.07299300001921094
2021-02-16,1135.9654541015625,1161.8028360866476,1132.0920228887508,1156.740993838117,6896421,-16.9461669921875,0.05309052320218499
2021-02-17,1127.9544677734375,1139.574653000407,1122.4084067790798,1135.9653611845283,4575741,-8.010986328125,0.04368199620309898
2021-02-18,1137.77001953125,1149.6984035323842,1122.4084720549693,1123.2887924252084,6437551,9.8155517578125,0.05520990050123564
2021-02-19,1136.7576904296875,1143.9762741850557,1123.9930455849908,1140.983163556862,5389696,-1.0123291015625,0.054020967541685616
2021-02-22,1113.7811279296875,1151.9430964143678,1109.2035056526506,1140.014714143002,7371303,-22.9765625,0.02703607457432522
2021-02-23,1114.7935791015625,1136.4934957685794,1107.0468250167494,1119.0191594830774,6612942,1.012451171875,0.028225150899720886
2021-02-24,1121.7921142578125,1123.8167863141755,1102.1609301061992,1109.247550955885,4537258,6.99853515625,0.03644460157341145
2021-02-25,1122.01220703125,1144.1962341374683,1119.7673474305518,1134.2485724219769,8788221,0.2200927734375,0.03670309019346063
2021-02-26,1103.305419921875,1121.792145299428,1095.7786387480553,1117.1264049578488,15132388,-18.706787109375,0.01473284778188666
2021-03-01,1115.36572265625,1130.7713265603418,1108.3231608715223,1112.1085808151993,5756286,12.060302734375,0.02889710661917233
2021-03-02,1148.3779296875,1153.2196917521082,1126.1057812059096,1128.790801335222,10461434,33.01220703125,0.06766839250471879
2021-03-03,1182.7542724609375,1185.791334230148,1151.458845711235,1161.3183891733063,9056399,34.3763427734375,0.10804179171752559
2021-03-04,1171.134033203125,1200.6247618326536,1167.216651041202,1175.227543893149,12041941,-11.6202392578125,0.09439436675449264
2021-03-05,1159.1175537109375,1179.6290571669565,1148.861909443889,1169.5053749599265,6486176,-12.0164794921875,0.0802815762558633
2021-03-08,1175.8878173828125,1184.9991108147522,1159.5578331575844,1166.2483532735523,5119392,16.770263671875,0.09997746288903397
2021-03-09,1184.5150146484375,1188.8284981205222,1160.9223877834072,1170.3858309444852,6518173,8.627197265625,0.1101097006779197
2021-03-10,1204.4102783203125,1209.5601307472373,1192.8340445141969,1194.5066746296966,7925984,19.895263671875,0.1334757529645907
2021-03-12,1210.308349609375,1225.1417252536396,1206.0828766227546,1208.679778537626,9462061,5.8980712890625,0.1404027605380347
2021-03-15,1209.2081298828125,1214.7541916162352,1195.9153127860743,1206.0389978041385,6658635,-1.1002197265625,0.13911060416948007
2021-03-16,1218.3631591796875,1237.730203617515,1215.2820384736694,1220.1678585775971,9352771,9.155029296875,0.14986275587577746
2021-03-17,1221.004150390625,1232.4483132998378,1216.602549271697,1225.6258315654993,7626744,2.6409912109375,0.15296447595052265
2021-03-18,1177.076171875,1226.946334982818,1156.300635695018,1226.946334982818,10961755,-43.927978515625,0.10137312939828491
2021-03-19,1183.546630859375,1193.0100744562517,1160.2622009937772,1170.826045008895,12767112,6.470458984375,0.10897237942287208
2021-03-22,1206.7431640625,1211.3207868423383,1176.1959838130715,1188.5204685629212,4862758,23.196533203125,0.13621561764443602
2021-03-23,1207.4034423828125,1217.7031476926572,1196.8835495202284,1208.1956447443526,7165335,0.6602783203125,0.13699108350458378
2021-03-24,1191.7337646484375,1206.4350726296036,1185.1313615201914,1195.3430568663478,6134303,-15.669677734375,0.1185877833375053
2021-03-25,1174.1712646484375,1190.6332113514952,1168.713214286175,1185.5713696026812,8749994,-17.5625,0.097961452364834
2021-03-26,1176.2838134765625,1194.3303776566624,1172.5865116045368,1183.7665352097747,4922071,2.112548828125,0.10044254169293843
2021-03-30,1219.5076904296875,1232.4483551746337,1176.2399284683272,1185.703371195561,10546381,43.223876953125,0.15120695404637186
2021-03-31,1204.3221435546875,1221.8844893034448,1200.1406224277484,1216.6025678799429,8220987,-15.185546875,0.13337224282389415
2021-04-01,1219.4195556640625,1225.053626702423,1206.919051217892,1214.841933392189,5675155,15.097412109375,0.15110344390567554
2021-04-05,1241.16357421875,1254.4563888469693,1221.004218477717,1224.5254995692171,9479572,21.7440185546875,0.1766407719275911
2021-04-06,1242.1759033203125,1255.3366477722484,1238.1263442942102,1252.6956870826857,5793571,1.0123291015625,0.1778297048871409
2021-04-07,1259.0340576171875,1263.2155790672348,1238.2585199049374,1241.4717105113791,5879234,16.858154296875,0.1976288149293164
2021-04-08,1267.5291748046875,1277.9609489690663,1250.935158480307,1258.858041257452,5654434,8.4951171875,0.20760593087300339
2021-04-09,1268.58544921875,1280.8658728503538,1258.901927155964,1280.8658728503538,6052712,1.0562744140625,0.2088464755370556
2021-04-12,1255.1168212890625,1300.7174613927093,1245.6533769062062,1297.5922809609524,20384532,-13.4686279296875,0.19302820493631545
2021-04-13,1229.9395751953125,1263.4797584027474,1210.4404583199982,1261.4990376527692,14855206,-25.17724609375,0.1634587125001541
2021-04-15,1197.895751953125,1202.8695827405857,1162.022702611152,1172.850684415324,25342491,-32.0438232421875,0.12582474786965525
2021-04-16,1191.7337646484375,1206.787222288641,1185.4394521739785,1201.6373693408068,10879878,-6.1619873046875,0.1185877833375053
2021-04-19,1199.4803466796875,1214.5777523320496,1172.8946118265376,1179.6290829339875,12508028,7.74658203125,0.12768577991450236
2021-04-20,1189.6209716796875,1213.9618526540346,1181.7421469474375,1213.9618526540346,8560766,-9.859375,0.11610640727770916
2021-04-22,1189.4007568359375,1201.4612096354415,1184.1628939428558,1193.3182467166828,6622446,-0.22021484375,0.11584777529181389
2021-04-23,1174.1712646484375,1187.0239195967097,1171.7063248124512,1182.2701684621502,7316262,-15.2294921875,0.097961452364834
2021-04-26,1182.7542724609375,1189.5767541537984,1162.9030085508728,1172.8066110082514,7088606,8.5830078125,0.10804179171752559
2021-04-27,1187.1119384765625,1191.073379873036,1179.761285377523,1184.911137700744,3636115,4.357666015625,0.11315966568231661
2021-04-28,1193.7144775390625,1196.7955989781383,1183.6788033595897,1195.4751183613914,4879234,6.6025390625,0.12091403755210273
2021-04-29,1194.0224609375,1205.1585346306288,1189.6649182780477,1204.278214298539,5412357,0.3079833984375,0.12127574958115672
2021-04-30,1192.26171875,1209.472022761253,1184.8230555616503,1185.1752051566957,8354677,-1.7607421875,0.11920784062076262
2021-05-03,1190.2369384765625,1198.115761077516,1177.8683970034654,1180.3333364838204,4560337,-2.0247802734375,0.11682983133581692
2021-05-04,1170.2978515625,1192.7899711977664,1165.632110895416,1191.953709880542,4887060,-19.9390869140625,0.09341231071048961
2021-05-05,1180.9495849609375,1183.0623749987185,1168.8892408309257,1180.597435377813,3939788,10.6517333984375,0.1059222710526293
2021-05-06,1198.6441650390625,1201.3731366272475,1177.3404555895115,1184.0308687459922,4810090,17.694580078125,0.12670372387049933
2021-05-07,1190.6773681640625,1208.7239358814727,1187.11202765501,1201.901452963915,4991435,-7.966796875,0.11734709530760723
2021-05-10,1179.2330322265625,1190.9852860554715,1175.2715911070898,1188.300266312331,7195348,-11.4443359375,0.10390626052842933
2021-05-11,1171.3983154296875,1180.5096097171877,1166.5124944185009,1176.9003177121128,6420988,-7.834716796875,0.09470475381073573
2021-05-12,1168.18505859375,1170.826019540081,1157.1810546507045,1170.826019540081,5241898,-3.2132568359375,0.09093093465069346
2021-05-14,1158.853515625,1168.052818594496,1154.3639041636238,1168.052818594496,4824609,-9.33154296875,0.07997147593131171
2021-05-17,1170.2978515625,1175.18356484798,1162.2869581655425,1162.2869581655425,5017129,11.4443359375,0.09341231071048961
2021-05-18,1179.629150390625,1183.6786021012647,1170.385787645027,1177.868509867654,5620150,9.331298828125,0.10437148269817964
2021-05-19,1176.98828125,1194.9907890147208,1173.6870800123877,1181.3898829001496,4435878,-2.640869140625,0.1012699059892801
2021-05-20,1179.012939453125,1187.6400133214966,1175.227519439831,1187.0238321383868,4490092,2.024658203125,0.10364777190837993
2021-05-21,1192.3936767578125,1195.034637282193,1185.2190458410537,1186.2314355342578,4969733,13.3807373046875,0.11936281910011548
2021-05-24,1186.7158203125,1199.8765657788765,1184.1188109576708,1194.286553380612,4225371,-5.6778564453125,0.1126944435125663
2021-05-25,1198.6441650390625,1204.2782367617228,1192.3498530550198,1195.4750332766223,4099340,11.9283447265625,0.12670372387049933
2021-05-26,1230.0274658203125,1232.4483465009394,1199.040236092676,1204.1900880483613,6850024,31.38330078125,0.16356193590915868
2021-05-27,1234.42919921875,1246.753684003248,1225.141776628897,1236.145780900771,15365391,4.4017333984375,0.16873156494429797
2021-05-28,1236.89404296875,1244.772866430296,1229.0151120462333,1241.0315052688188,4261312,2.46484375,0.1716264081034964
2021-05-31,1240.1864013671875,1247.0825051236686,1230.6208380920684,1247.0825051236686,4429904,3.2923583984375,0.175493128331643
2021-06-01,1234.3580322265625,1246.6375894033954,1226.750137806195,1245.7477695679895,4791325,-5.828369140625,0.1686479826561733
2021-06-02,1226.75,1238.5845373091192,1214.6039388870151,1228.618599720327,9272276,-7.6080322265625,0.15971270631420453
2021-06-03,1236.5382080078125,1244.858002094692,1225.3264993342227,1235.1589437566838,5115645,9.7882080078125,0.17120849666287308
2021-06-04,1232.978759765625,1242.98923196493,1225.8602017572302,1240.3641985269894,4194328,-3.5594482421875,0.1670280919640288
2021-06-07,1236.5382080078125,1238.6292629848542,1225.5489543024312,1237.7394431120204,5154576,3.5594482421875,0.17120849666287308
2021-06-08,1257.2708740234375,1265.1013319051262,1241.7880960173904,1242.1884714890496,7360630,20.732666015625,0.1955580386520055
2021-06-09,1259.3619384765625,1267.9931466228882,1249.8408019576457,1257.671259223617,5394317,2.091064453125,0.19801389559124205
2021-06-10,1267.3704833984375,1271.552593336262,1262.6543946425163,1267.103493989389,3496575,8.008544921875,0.2074195552734115
2021-06-11,1287.480224609375,1291.6623340076171,1271.9528047198082,1272.5312092843928,6140828,20.1097412109375,0.23103750135122314
2021-06-14,1300.73876953125,1314.2639885241551,1293.3086864911218,1308.9250691394936,7132294,13.258544921875,0.24660903933127276
2021-06-15,1311.5054931640625,1313.3740931171444,1301.806435115435,1302.6962549617203,5403104,10.7667236328125,0.25925405030019366
2021-06-16,1317.4671630859375,1325.3420465256531,1305.810545527998,1310.4375650008872,7661710,5.961669921875,0.26625575147932046
2021-06-17,1330.5477294921875,1337.0878839818208,1312.5733024806775,1312.5733024806775,7677951,13.08056640625,0.2816182620561356
2021-06-18,1337.6661376953125,1348.7888851030746,1323.5179812685233,1342.73806706502,13533974,7.118408203125,0.28997849799044095
2021-06-21,1334.9967041015625,1339.8907130555006,1320.6705182672051,1328.500976041739,5454052,-2.66943359375,0.2868433736736149
2021-06-22,1345.27392578125,1353.8161733934137,1336.598183486593,1343.3607916536985,6427862,10.2772216796875,0.298913487600718
2021-06-23,1337.53271484375,1356.975256632698,1333.528525561883,1356.975256632698,5529809,-7.7412109375,0.289821799120938
2021-06-24,1387.406982421875,1395.904804921582,1344.6956322155097,1349.8566304803442,10785137,49.874267578125,0.3483967827557266
2021-06-25,1400.7545166015625,1404.1358758471526,1372.9921777136606,1398.7969561671257,9780240,13.3475341796875,0.3640728344373936
2021-06-28,1398.618896484375,1406.0488705757884,1388.6528489007708,1399.5976766042195,5019178,-2.1356201171875,0.36156464896442553
2021-06-29,1390.8331298828125,1400.2651997208347,1387.4072361453657,1389.0089555192524,5913567,-7.7857666015625,0.3524206319509138
2021-06-30,1406.627197265625,1415.7033158675802,1398.8412739382577,1398.8412739382577,6058722,15.7940673828125,0.37097002191490325
2021-07-01,1388.474853515625,1403.1123459447122,1387.27361849601,1403.1123459447122,4814317,-18.15234375,0.3496509471751337
2021-07-02,1395.0594482421875,1396.5275639340105,1372.6359253578846,1387.184456554028,5166064,6.5845947265625,0.35738424426558124
2021-07-05,1404.9808349609375,1410.3642878359224,1389.0531485121203,1396.260666681678,4058338,9.92138671875,0.36903644675206104
2021-07-06,1390.0765380859375,1411.9216590381186,1385.538478536323,1400.3094664482746,4089574,-14.904296875,0.3515320504383983
2021-07-07,1392.2120361328125,1397.50652911051,1374.46017458664,1393.5023400140276,4797120,2.135498046875,0.3540400925455207
2021-07-08,1388.7862548828125,1402.356006852675,1378.3308722175086,1395.2374484422553,3326813,-3.42578125,0.35001667344787113
2021-07-09,1390.6993408203125,1396.928079212835,1380.110463828909,1384.5595626807103,3436594,1.9130859375,0.3522635029838732
2021-07-12,1377.3077392578125,1404.135831527272,1364.761300129882,1397.5067165820512,4588982,-13.3916015625,0.336535696231858
2021-07-13,1374.7271728515625,1384.9156755957686,1367.0303178269412,1384.9156755957686,4456160,-2.58056640625,0.3335049422508036
2021-07-14,1403.156982421875,1408.406941407783,1368.6319278283077,1382.7800855630126,5657716,28.4298095703125,0.3668944176493678
2021-07-15,1406.627197265625,1420.9087400251894,1384.5596225581112,1386.2503019190274,10021355,3.47021484375,0.37097002191490325
2021-07-16,1384.0703125,1401.1549196596943,1378.8648878373513,1400.3540600299193,6265593,-22.556884765625,0.34447802072554
2021-07-19,1371.835205078125,1381.8012524671824,1368.142539635368,1374.5046646004569,5669162,-12.235107421875,0.3301084619970116
2021-07-20,1379.2652587890625,1386.072293532128,1368.5428864837877,1368.8098758786696,5069939,7.4300537109375,0.3388347109357459
2021-07-22,1414.9915771484375,1417.349621633581,1389.3648289179616,1389.3648289179616,7854575,35.726318359375,0.3807935930376958
2021-07-23,1415.214111328125,1422.3772054512997,1410.4091704426617,1413.523540301329,4179719,0.2225341796875,0.38105494897466174
2021-07-26,1427.18212890625,1434.0782329842234,1418.461850623931,1418.461850623931,4586710,11.968017578125,0.3951108232324927
2021-07-27,1425.980712890625,1431.9869963256106,1421.8430292446303,1428.1607278743518,5892859,-1.201416015625,0.3936998165777368
2021-07-28,1428.6947021484375,1430.4743418144471,1410.8093452291575,1428.249792231935,4686788,2.7139892578125,0.39688726942829433
2021-07-29,1438.8385009765625,1441.5079601620478,1423.800525840881,1423.800525840881,4660873,10.143798828125,0.40880068448589424
2021-07-30,1433.0545654296875,1444.5332607918276,1429.1838716246982,1432.6096555987565,6234257,-5.783935546875,0.4020077239783104
2021-08-02,1451.7855224609375,1454.632902341957,1440.7961611531427,1448.13717442387,5553389,18.73095703125,0.42400635282736077
2021-08-03,1472.8297119140625,1475.8996554431062,1455.389265292903,1465.5332328913128,5513668,21.044189453125,0.4487217644550765
2021-08-04,1467.535400390625,1494.8084007547138,1458.4592812898322,1485.198302842802,6740391,-5.2943115234375,0.4425038443551561
2021-08-05,1471.36181640625,1482.4400312951198,1465.5779867523374,1467.7580021736494,5420536,3.826416015625,0.4469977901588522
2021-08-06,1468.380615234375,1477.6792974732823,1462.8637758297225,1474.431433424483,3754855,-2.981201171875,0.44349650947175134
2021-08-09,1480.0374755859375,1483.73014125567,1464.999497628351,1477.9908463781162,5018477,11.6568603515625,0.45718694418853634
2021-08-10,1492.4503173828125,1494.8973219276345,1478.0352795124588,1484.2194839138658,6846517,12.412841796875,0.4717652435886077
2021-08-11,1492.71728515625,1498.456579557271,1484.2194624118335,1490.2702806468778,4899639,0.2669677734375,0.4720787846934593
2021-08-12,1503.439453125,1509.579231227228,1489.5582865159915,1494.1408800295676,5659579,10.72216796875,0.4846714671286487
2021-08-13,1523.549560546875,1532.7147487919517,1504.9524118847114,1510.0243417706486,5612790,20.110107421875,0.5082898433039977
2021-08-16,1516.60888671875,1530.4455194170107,1503.8844201483496,1519.5452268822864,4564109,-6.940673828125,0.5001383480412354
2021-08-17,1549.754638671875,1556.205832064848,1500.7255906093967,1516.1639420394988,9510390,33.145751953125,0.5390664761621307
2021-08-18,1542.4580078125,1562.0785768197593,1536.7187138523066,1538.4983533587945,6686090,-7.296630859375,0.5304969260928993
2021-08-20,1542.0133056640625,1552.735678583318,1527.0198625262155,1527.0198625262155,6206972,-0.4447021484375,0.5299746443165048
2021-08-23,1547.1741943359375,1559.9876213215564,1541.1679106196082,1544.5047349064578,6189051,5.160888671875,0.536035865546922
2021-08-24,1531.2464599609375,1563.4134691115678,1523.9944064933602,1557.1847301908044,7602939,-15.927734375,0.517329489981738
2021-08-25,1544.3267822265625,1554.4262151336206,1528.710401441141,1528.710401441141,6153253,13.080322265625,0.5326917138268616
2021-08-26,1537.341552734375,1553.6252977570348,1530.4899840447308,1542.9474606590484,5302248,-6.9852294921875,0.5244878900303678
2021-08-27,1520.524169921875,1537.3416778231317,1517.3207316353644,1534.9392077288337,6698514,-16.8173828125,0.504736664180703
2021-08-30,1510.95849609375,1529.2887615369723,1504.1513531642884,1515.4075949207736,6559667,-9.565673828125,0.4935022297690004
2021-08-31,1518.4329833984375,1526.0409862826573,1500.1027168908208,1512.8271837232185,12255438,7.4744873046875,0.5022806638756203
2021-09-01,1492.895263671875,1521.147044104944,1488.802114057658,1521.147044104944,7801974,-25.5377197265625,0.472287812096694
2021-09-02,1502.9947509765625,1507.6218795661478,1479.4590583890802,1492.539367293398,6830050,10.0994873046875,0.48414918535225415
2021-09-03,1513.2720947265625,1517.988074588119,1498.8125226886418,1509.178945289175,5339139,10.27734375,0.4962194426452031
2021-09-06,1539.744384765625,1541.1680748889787,1512.1154332773742,1517.2764321726995,4876026,26.4722900390625,0.5273099033398794
2021-09-07,1518.611083984375,1543.748494999435,1516.2530396340658,1539.3883559665103,3520341,-21.13330078125,0.5024898346447007
2021-09-08,1506.6875,1513.450109310874,1497.522311859604,1513.450109310874,4584896,-11.923583984375,0.48848614555475556
2021-09-09,1505.21923828125,1508.15568723789,1496.8104841372344,1500.1473085786038,3331674,-1.46826171875,0.4867617411609937
2021-09-13,1505.486083984375,1514.028332014795,1490.6260287182015,1497.5666663419925,4662374,0.266845703125,0.48707513889999965
2021-09-14,1500.36962890625,1509.089797491508,1493.6514461855788,1509.089797491508,4945167,-5.116455078125,0.4810661028374681
2021-09-15,1522.882080078125,1526.1299441294327,1503.9734089951633,1506.6874028811862,4062344,22.512451171875,0.5075059188589455
2021-09-16,1514.69580078125,1529.8227378429513,1505.0857031997,1526.218924094724,3246568,-8.186279296875,0.4978915185052333
2021-09-17,1504.9521484375,1528.7102917114455,1498.8567964082,1510.024077435578,7454864,-9.74365234375,0.4864480566902962
2021-09-20,1501.8824462890625,1519.545348989545,1493.073207849401,1499.3464813829482,5660743,-3.0697021484375,0.48284283576496145
2021-09-21,1529.111083984375,1536.4966331835487,1499.0352341710093,1512.6939489862648,4672222,27.2286376953125,0.5148215912404615
2021-09-22,1527.731689453125,1547.307725733653,1524.3059048281496,1527.8206497121014,4553892,-1.37939453125,0.5132015571824711
2021-09-23,1550.5555419921875,1552.7355570624668,1531.4688420353173,1541.1678996173025,3826090,22.8238525390625,0.5400070994766859
2021-09-24,1569.5086669921875,1590.9978373584784,1559.3646993251812,1564.3032427719263,8280446,18.953125,0.5622666541651649
2021-09-27,1531.5133056640625,1574.0911595675952,1528.7993119407154,1573.868704627012,5045337,-37.995361328125,0.517642887720744
2021-09-28,1501.21484375,1521.5917372774202,1490.4480467483502,1521.5917372774202,6557197,-30.2984619140625,0.4820587679540633
2021-09-29,1505.7974853515625,1513.9393578607076,1472.6516993687906,1476.4334333399793,7792548,4.5826416015625,0.4874408651727371
2021-09-30,1490.626220703125,1515.363256834867,1486.088161035665,1515.363256834867,6914031,-15.1712646484375,0.46962292775422276
2021-10-01,1481.68359375,1493.963042912064,1478.2132744965895,1481.6390593077983,5733906,-8.942626953125,0.4591202326196868
2021-10-04,1493.78515625,1502.0159903201786,1481.906082316077,1488.2237818782576,2947154,12.1015625,0.4733329491128664
2021-10-05,1506.2869873046875,1515.3185712967768,1479.7703140555798,1486.8888723913851,4373310,12.5018310546875,0.4880157622145549
2021-10-06,1489.1580810546875,1520.7021518744143,1485.9991770803229,1514.562373071342,4271698,-17.12890625,0.46789866672630676
2021-10-07,1504.6854248046875,1516.43100383275,1491.9165311852532,1501.126145266415,5476108,15.52734375,0.4861348023171361
2021-10-08,1533.916015625,1540.723159596252,1511.2701425778723,1517.3653871796182,4738376,29.2305908203125,0.5204647576644097
2021-10-11,1504.640869140625,1539.3883785911644,1480.393277628134,1496.6770247342995,8840633,-29.275146484375,0.48608247378340463
2021-10-12,1499.47998046875,1502.9057652551307,1478.8806286879972,1492.2279267808492,7439300,-5.160888671875,0.4800212525529872
2021-10-13,1520.8800048828125,1524.839768285372,1494.9418438218438,1509.089892174887,7104171,21.4000244140625,0.505154575621326
2021-10-14,1526.7083740234375,1587.0826277925394,1511.0919925515338,1560.743982536564,19655776,5.828369140625,0.5119997212967957
2021-10-18,1594.6904296875,1600.7856730330225,1548.2863096595104,1548.2863096595104,13438109,67.9820556640625,0.5918414511376222
2021-10-19,1621.3851318359375,1632.3743843811635,1585.9258353711248,1614.133078913835,10324260,26.6947021484375,0.6231931244034188
2021-10-20,1603.7666015625,1644.3868947949425,1596.38116282424,1627.836269201316,5876115,-17.6185302734375,0.602500988507507
2021-10-21,1560.4326171875,1614.1332239446729,1554.3817986991194,1614.1332239446729,8779629,-43.333984375,0.5516072601611259
2021-10-22,1530.312255859375,1568.9303513205284,1518.92251807525,1557.095812221997,7369809,-30.120361328125,0.5162323111635256
2021-10-25,1519.4117431640625,1539.1656979786608,1501.303824526678,1532.3141294168104,5905209,-10.9005126953125,0.5034301712275642
2021-10-26,1529.421142578125,1549.978624827468,1522.419103935256,1535.1216613849867,5871709,10.0093994140625,0.5151857404888947
2021-10-27,1552.08837890625,1556.7565147555208,1527.1322237405088,1534.2689409244713,5090259,22.667236328125,0.541807344402897
2021-10-28,1529.600830078125,1548.3179728132604,1518.9630389912395,1543.4703399076664,5329972,-22.487548828125,0.515396775013971
2021-10-29,1497.1488037109375,1537.4108857345927,1491.1342188619528,1525.202109131994,5875091,-32.4520263671875,0.4772833949949835
2021-11-01,1526.14453125,1532.5630389688802,1504.5546665747577,1505.9012250472292,3636806,28.9957275390625,0.5113375144548613
2021-11-02,1524.214599609375,1531.8899179452385,1513.8460544672046,1521.6112310437477,3471772,-1.929931640625,0.5090709004321332
2021-11-03,1528.343994140625,1541.7646508726257,1525.2020241086177,1534.179081342924,3530713,4.12939453125,0.5139206802652039
2021-11-04,1533.90966796875,1541.3606690256308,1530.5882007505536,1539.5652576464513,483407,5.565673828125,0.520457302640426
2021-11-08,1559.763916015625,1562.9058864939298,1528.7930641580483,1553.0311221335432,5245903,25.854248046875,0.5508219020576153
2021-11-09,1564.252197265625,1570.9849900802546,1549.4400530734397,1557.294978023841,4016134,4.48828125,0.5560931774774549
2021-11-10,1562.1427001953125,1571.83785665347,1545.8043896132256,1549.4401417745487,4780368,-2.1094970703125,0.5536156722954964
2021-11-11,1555.9932861328125,1561.7834438877303,1534.1789944556008,1555.6790014808366,4731349,-6.1494140625,0.5463934744454679
2021-11-12,1598.095703125,1600.4746452356892,1560.257494120251,1564.7010936682932,5069009,42.1024169921875,0.5958407847731708
2021-11-15,1604.3348388671875,1615.8703357362158,1593.8765450553617,1599.801381036417,4354074,6.2391357421875,0.6031683565198915
2021-11-16,1608.9580078125,1623.9047204027208,1595.2230664459416,1606.8932408206165,6034233,4.6231689453125,0.6085980511993843
2021-11-17,1604.604248046875,1617.665911755888,1598.5447336715406,1609.1826354637128,4732492,-4.353759765625,0.6034847649416601
2021-11-18,1597.3775634765625,1606.3994401188306,1579.0643450623231,1599.352472206742,4326924,-7.2266845703125,0.5949973635020949
2021-11-22,1579.423583984375,1602.7639344525808,1572.017511239656,1601.5071244338014,6621839,-17.9539794921875,0.5739112582618153
2021-11-23,1559.2252197265625,1568.5164528029118,1535.0769118860949,1557.6093054597077,8436160,-20.1983642578125,0.5501892285799239
2021-11-24,1522.509033203125,1562.4569412087494,1515.3273868200913,1562.00808830981,7333061,-36.7161865234375,0.5070677928340588
2021-11-25,1546.2083740234375,1549.6195900535836,1523.3616974043014,1526.0997437189671,4476260,23.6993408203125,0.5349015549746372
2021-11-26,1518.6038818359375,1542.5725803901694,1511.736411257702,1528.3888959632156,4494181,-27.6044921875,0.5024813760597961
2021-11-29,1522.8231201171875,1536.8722369569489,1498.4055676623748,1518.0204162933412,3942776,4.21923828125,0.5074366731554047
2021-11-30,1537.455810546875,1552.9412350958903,1526.1447397494564,1530.1844157187647,14808963,14.6326904296875,0.5246220804620738
2021-12-01,1539.4757080078125,1563.713764760079,1537.7700450604518,1539.5654566717308,5193264,2.0198974609375,0.5269943551131859
2021-12-02,1569.4139404296875,1571.4337781908582,1536.2885792298446,1539.5652268479416,5559574,29.938232421875,0.5621554022687931
2021-12-03,1558.01318359375,1603.8859233041185,1555.3200664727906,1589.9265557271913,6754012,-11.4007568359375,0.54876574909658
2021-12-06,1521.88037109375,1556.5766054047815,1518.4690459276128,1553.0307120631214,3991449,-36.1328125,0.5063294587279836
2021-12-07,1536.5579833984375,1548.4525839240318,1520.7134558760026,1527.087144429678,4202122,14.6776123046875,0.5235676246659218
2021-12-08,1573.9923095703125,1579.7825772411895,1555.3649157936254,1555.72401999994,3029169,37.434326171875,0.5675324816828626
2021-12-09,1583.05908203125,1588.4004967272194,1563.8033384876364,1579.0643354763215,2082171,9.0667724609375,0.5781809798826176
2021-12-10,1579.2889404296875,1583.328616559819,1567.3943384909674,1579.9622197847095,1823469,-3.7701416015625,0.573753125733854
2021-12-13,1566.182373046875,1590.1510729588513,1560.930816277759,1586.2910039483113,4040584,-13.1065673828125,0.5583600782318747
2021-12-14,1572.9151611328125,1582.6552466615897,1535.391016726379,1553.8389138318717,4768144,6.7327880859375,0.5662674214591719
2021-12-15,1556.80126953125,1569.144723607344,1545.1310947683974,1566.4965354752162,3053149,-16.1138916015625,0.547342412979082
2021-12-16,1590.37548828125,1595.7617227930966,1578.166711971042,1582.3410656343676,4481031,33.57421875,0.5867737552188752
2021-12-17,1634.5875244140625,1653.5740233084343,1621.9298950122225,1633.824496428529,18887243,44.2120361328125,0.6386987140943823
2021-12-20,1614.8829345703125,1642.487387049105,1604.469569535608,1617.3964449810487,5773891,-19.70458984375,0.6155565992589132
2021-12-21,1626.28369140625,1649.983144782225,1616.7680325096776,1616.7680325096776,5353584,11.4007568359375,0.6289462524311262
2021-12-22,1638.0435791015625,1642.0384352948863,1626.956935405642,1638.3129346501346,4156428,11.7598876953125,0.6427576879218002
2021-12-23,1667.578125,1671.1689478831108,1640.108351860846,1643.9236011741514,4112933,29.5345458984375,0.677444624225215
2021-12-24,1672.8746337890625,1683.871529020571,1664.346429323811,1681.357909134367,3780347,5.2965087890625,0.6836651249103605
2021-12-27,1675.2535400390625,1682.7493608340567,1656.3119713909696,1669.7326279815125,2647733,2.37890625,0.6864590385140874
2021-12-28,1694.8685302734375,1701.9604279258667,1686.2505766124211,1688.3152341779669,3340933,19.614990234375,0.7094959228187101
2021-12-29,1692.6690673828125,1700.0751395868292,1684.4550381126232,1690.8287268200424,3236635,-2.199462890625,0.7069127570083675
2021-12-30,1699.22216796875,1714.4383449364482,1682.614612952304,1691.7263474860777,4584738,6.5531005859375,0.7146090657105884
2021-12-31,1694.64404296875,1704.1597020773836,1680.191002196057,1696.6638809222288,4619420,-4.578125,0.7092322730282106
2022-01-03,1704.24951171875,1718.2538096972232,1694.6441036073452,1694.6441036073452,3329616,9.60546875,0.7205134447056571
2022-01-04,1704.8779296875,1711.6107229414722,1685.8914307946536,1704.2494699005283,3921999,0.62841796875,0.7212514920800404
2022-01-05,1655.952880859375,1708.244239129732,1651.7785273383165,1705.6408706210875,6995719,-48.925048828125,0.6637913212625026
2022-01-06,1631.8494873046875,1641.0060417349105,1615.8702817958638,1641.0060417349105,6449205,-24.1033935546875,0.6354830181721944
2022-01-07,1628.70751953125,1648.1876896772642,1621.9747266812612,1629.739793435008,4834389,-3.1419677734375,0.6317929246661225
2022-01-10,1661.4290771484375,1678.620165836605,1627.5406818155436,1629.3360934888094,7857560,32.7215576171875,0.6702228564727242
2022-01-11,1665.78271484375,1678.7096991495666,1660.8902624950238,1665.2441133275113,5142287,4.3536376953125,0.6753359993646024
2022-01-12,1685.397705078125,1695.7662508688193,1669.7327827506638,1677.722386262191,5362535,19.614990234375,0.6983728836692251
2022-01-13,1702.7681884765625,1716.8621239088293,1675.4329845969487,1710.1293312660496,14277630,17.3704833984375,0.7187737001663903
2022-01-14,1731.9886474609375,1735.265295517593,1688.5845943448485,1689.482300136632,7688506,29.220458984375,0.7530917561484594
2022-01-17,1741.100341796875,1754.0273268080673,1733.0209898627827,1740.2475651482323,5262464,9.1116943359375,0.7637930129794834
2022-01-18,1724.268310546875,1746.0376748737065,1715.9196032810285,1725.48019138657,3690315,-16.83203125,0.7440245832283177
2022-01-19,1676.0615234375,1720.0041749935306,1672.2910936296498,1720.0041749935306,5747770,-48.206787109375,0.6874079770477015
2022-01-20,1637.145751953125,1658.9600431064778,1629.7846094479494,1655.3692205023513,5533463,-38.915771484375,0.6417032321256482
2022-01-21,1603.033203125,1623.0520862970209,1594.3255006988436,1611.3819108977614,8252758,-34.112548828125,0.6016396465057012
2022-01-24,1559.1353759765625,1587.727281932306,1551.2355216165236,1584.450634058544,7116712,-43.8978271484375,0.5500837113173858
2022-01-25,1545.9837646484375,1562.0077881446596,1526.548415942525,1549.9785108480537,9137653,-13.151611328125,0.5346377618182918
2022-01-27,1506.8887939453125,1534.8074198145066,1494.6800181163808,1527.895129630078,11231734,-39.094970703125,0.4887225558345454
2022-01-28,1513.7115478515625,1550.8317721070282,1507.6969625398615,1509.0435213036662,10998502,6.82275390625,0.49673555969022654
2022-01-31,1558.5965576171875,1570.536086993205,1539.879416107818,1542.2583580762075,8788872,44.885009765625,0.5494508944738488
2022-02-01,1590.779541015625,1597.9162579975496,1557.2501431039857,1585.4381259763172,5119935,32.1829833984375,0.587248296168605
2022-02-02,1604.2899169921875,1609.4069054950608,1590.7345821422696,1605.995579826479,4253717,13.5103759765625,0.6031155978886225
2022-02-03,1560.70654296875,1597.018700619469,1556.6219375346593,1597.018700619469,3832922,-43.5833740234375,0.5519289731191905
2022-02-04,1562.995361328125,1574.5308575751117,1535.2114139423968,1554.826261432392,4700077,2.288818359375,0.5546170827286878
2022-02-07,1539.5653076171875,1554.8263048355502,1521.9702974467775,1546.0287449587363,4310209,-23.4300537109375,0.5270995856440324
2022-02-08,1541.630126953125,1548.5424173887602,1522.5089506616448,1535.0768311505972,6053401,2.0648193359375,0.5295246189264133
2022-02-09,1559.584228515625,1564.701107408803,1548.5424040620685,1557.5194614769207,3867244,17.9541015625,0.550610867532539
2022-02-10,1588.580078125,1592.4402566950537,1569.8629350970984,1576.0571267076214,4334630,28.995849609375,0.5846651303582626
2022-02-11,1545.2657470703125,1567.3492862638898,1537.769926089788,1562.00798096686,7551371,-43.3143310546875,0.5337944839130617
2022-02-14,1510.12060546875,1542.7522979398288,1506.5747115034765,1517.1227543219873,7459637,-35.1451416015625,0.4925181666031555
2022-02-15,1560.4371337890625,1568.0676332207938,1517.5267519749757,1525.2021805307736,4669915,50.3165283203125,0.5516125646974219
2022-02-16,1555.9932861328125,1575.8773791141025,1550.2030187946823,1560.4368853788462,5350642,-4.44384765625,0.5463934744454679
2022-02-17,1548.36279296875,1570.0872264830289,1544.3231174289135,1565.5986981054332,3937950,-7.6304931640625,0.5374318187878646
2022-02-18,1532.3388671875,1546.298236171717,1529.24182601946,1535.0769137031268,5602215,-16.02392578125,0.5186124709361588
2022-02-21,1553.6593017578125,1559.5842473898958,1518.469280099005,1526.997484746324,5120890,21.3204345703125,0.5436523194730101
2022-02-22,1556.935791015625,1571.8826121857755,1518.065201649821,1526.0098748318906,8878515,3.2764892578125,0.5475004021411976
2022-02-23,1564.5662841796875,1578.3909732299803,1556.083009544595,1570.9849015512389,5478811,7.6304931640625,0.5564620577988009
2022-02-24,1506.48486328125,1539.5203677498448,1499.6173926642882,1517.212402711859,13592379,-58.0814208984375,0.48824815825066126
2022-02-25,1521.252197265625,1551.3702701049135,1505.4525974086314,1539.5654171471692,9737281,14.767333984375,0.5055916980852917
2022-02-28,1540.10400390625,1551.2805065421107,1494.6801136600138,1510.1206091390077,15076542,18.851806640625,0.5277322591217235
2022-03-02,1528.6134033203125,1539.0267681608032,1518.0204315789038,1535.0768409224868,6771489,-11.4906005859375,0.5142370886869725
2022-03-03,1544.81689453125,1556.5319982242845,1531.0820625145825,1544.2333638859598,7344147,16.2034912109375,0.5332673276979085
2022-03-04,1547.0164794921875,1558.417299543807,1509.0434795697809,1521.835787472142,9074499,2.1995849609375,0.535850636874097
2022-03-07,1561.873291015625,1571.8827318127442,1522.508916707261,1523.4066224364517,9742588,14.8568115234375,0.553299263873728
2022-03-08,1596.3004150390625,1615.8704453774808,1542.66249331056,1542.66249331056,10984500,34.4271240234375,0.5937323032784041
2022-03-09,1627.8548583984375,1644.2379899316495,1607.791154848383,1607.791154848383,10193515,31.554443359375,0.630791514232931
2022-03-10,1639.120849609375,1656.042580035143,1625.0268044548918,1656.042580035143,6547182,11.2659912109375,0.6440228915113368
2022-03-11,1635.6199951171875,1644.0584516957992,1625.7452311510574,1628.4383485963656,4758657,-3.5008544921875,0.6399113024184957
2022-03-14,1697.292236328125,1701.1524149287986,1644.1930282991682,1644.1930282991682,10289724,61.6722412109375,0.7123424516878605
2022-03-15,1651.150146484375,1695.1825455498838,1642.801439597397,1695.1825455498838,7140443,-46.14208984375,0.6581507354237794
2022-03-16,1696.1251220703125,1700.209617136358,1659.857790930526,1674.2210817119692,5233979,44.9749755859375,0.7109717308357855
2022-03-17,1664.8851318359375,1726.557585196572,1645.539637862284,1726.557585196572,17731459,-31.239990234375,0.6742818303001421
2022-03-21,1663.4937744140625,1693.8810937888873,1652.766124367728,1670.6304916817223,8362085,-1.391357421875,0.6726477463892595
2022-03-22,1694.3297119140625,1696.6637247510455,1650.8807353530017,1660.7554977721877,5709382,30.8359375,0.7088631059751731
2022-03-23,1680.8642578125,1705.6409144424942,1667.0395674314273,1702.947797209164,6192824,-13.4654541015625,0.6930485628864247
2022-03-24,1693.701416015625,1700.7933134465572,1666.2765707577755,1666.2765707577755,3784303,12.837158203125,0.7081252019666353
2022-03-25,1684.5897216796875,1700.2546427439086,1667.9372366516277,1698.4592312943375,3438588,-9.1116943359375,0.6974239451356112
2022-03-28,1682.2108154296875,1688.4947556370578,1663.1345683715988,1675.118918136154,4008555,-2.37890625,0.6946300315318841
2022-03-29,1693.072998046875,1696.125219429775,1670.2264311695085,1682.2107806865477,3917785,10.8621826171875,0.7073871545922517
2022-03-30,1709.1868896484375,1722.6974055786316,1701.1524666865591,1714.6180534941043,7795839,16.1138916015625,0.7263121630723415
2022-03-31,1711.7901611328125,1717.3110733270107,1700.4341616533943,1705.640898756571,5399145,2.603271484375,0.7293695831007221
2022-04-01,1708.827880859375,1714.887394872627,1686.1608099209134,1693.8361285877645,6171518,-2.9622802734375,0.7258905241197264
2022-04-04,1690.3349609375,1699.3569473597815,1681.4028327548183,1696.439403736475,7364074,-18.492919921875,0.7041714586700638
2022-04-05,1670.719970703125,1696.304581841518,1667.174077203193,1691.0979547983677,5472024,-19.614990234375,0.6811345743654411
2022-04-06,1641.7691650390625,1667.4884571015807,1635.7545802518507,1665.244192690946,5407453,-28.9508056640625,0.6471332135368324
2022-04-07,1625.7449951171875,1641.1406695276237,1622.6479543380187,1634.7669810824043,5797544,-16.024169921875,0.6283135789534351
2022-04-08,1628.976806640625,1649.9831427798194,1623.0519706996265,1636.517556739723,5131446,3.2318115234375,0.6321091897220452
2022-04-11,1585.8421630859375,1628.438257804367,1582.2513400257294,1628.438257804367,8248407,-43.1346435546875,0.5814495778019206
2022-04-12,1564.207275390625,1577.717790201168,1551.0110452461267,1577.717790201168,6456184,-21.6348876953125,0.5560404188461858
2022-04-13,1569.6834716796875,1577.7178945069024,1554.8263973177552,1575.428700954698,6257693,5.4761962890625,0.5624719540564076
2022-04-18,1455.5401611328125,1481.2145243041057,1427.3521779657744,1441.26661743651,30523965,-114.143310546875,0.4284159995137029
2022-04-19,1402.2164306640625,1469.2301891678217,1391.4439612863616,1469.2301891678217,17044923,-53.32373046875,0.36578978380717175
2022-04-20,1425.287353515625,1433.007710513435,1403.114065665019,1413.8865344992996,10678747,23.0709228515625,0.3928854985733665
2022-04-21,1453.2059326171875,1460.7465723201449,1426.6786871446875,1431.840494570254,7766514,27.9185791015625,0.4256745578095533
2022-04-22,1423.267578125,1445.9346489594298,1420.5296412592909,1440.2342392008811,8134245,-29.9383544921875,0.39051336728810027
2022-04-25,1401.4085693359375,1411.9117934470682,1395.1246284360798,1411.9117934470682,7000570,-21.8590087890625,0.3648409886394035
2022-04-26,1419.2728271484375,1429.147590651684,1406.3010225615533,1415.8615013776623,5345435,17.8642578125,0.385821719982991
2022-04-27,1393.9576416015625,1411.8668288833385,1391.7581965918794,1411.8668288833385,8819356,-25.315185546875,0.35609022414103064
2022-04-28,1420.7091064453125,1437.9451226972992,1398.131784782489,1409.3980358449844,9245177,26.75146484375,0.38750856252514265
2022-04-29,1407.19873046875,1433.9054772566708,1401.1392164916588,1427.3521812703789,9831395,-13.5103759765625,0.3716412608051254
2022-05-02,1383.3646240234375,1393.9126670683922,1374.3875661128377,1392.2519332715767,7072627,-23.8341064453125,0.34364922277073995
2022-05-04,1378.4722900390625,1409.3982133717925,1373.624656433111,1388.9754048659274,6220959,-4.892333984375,0.33790340640117034
2022-05-05,1422.9981689453125,1426.8134180541488,1398.1316560624994,1400.465778478004,6144870,44.52587890625,0.39019695886633166
2022-05-06,1385.025390625,1402.081801059126,1378.0233510388225,1391.4440090997512,6171472,-37.9727783203125,0.34559971510339116
2022-05-09,1409.7122802734375,1424.4796064245756,1366.4429045725087,1382.466931176316,6832202,24.6868896484375,0.3745933069368137
2022-05-10,1394.1370849609375,1408.6350553142338,1387.8980735846474,1398.6256138886934,6212545,-15.5751953125,0.35630097193441523
2022-05-11,1370.572021484375,1391.398747520711,1356.9717597606357,1391.398747520711,7846080,-23.5650634765625,0.3286249122242608
2022-05-12,1354.4583740234375,1371.245426408707,1350.4186984628227,1359.126399726863,7034979,-16.1136474609375,0.3097001904758627
2022-05-13,1350.508544921875,1372.8165107722343,1344.852954894135,1363.8843824412695,6723761,-3.9498291015625,0.3050613018020225
2022-05-16,1336.773681640625,1357.196488541389,1327.3926998865318,1355.5357547320384,6145331,-13.73486328125,0.2889303502915057
2022-05-17,1363.1212158203125,1369.0012321589384,1329.4124315587237,1341.9803117228057,6516378,26.3475341796875,0.3198742910917338
2022-05-18,1354.817626953125,1391.1747139308943,1351.3166617996303,1366.3083056830965,6594126,-8.3035888671875,0.3101221161601695
2022-05-19,1281.1610107421875,1332.8239200872997,1272.6328046013875,1329.5024520552315,16561140,-73.6566162109375,0.22361588160963142
2022-05-20,1306.296630859375,1316.7099963349126,1298.710951017718,1304.3665414519369,10488908,25.1356201171875,0.2531364862923613
2022-05-23,1318.191162109375,1335.7861731182122,1301.718283302418,1306.2516316480803,5887569,11.89453125,0.26710605431099665
2022-05-24,1293.59423828125,1319.2237862803554,1288.4324292110784,1318.3708999014248,5693167,-24.596923828125,0.2382181231059579
2022-05-25,1266.1690673828125,1294.9405813245614,1256.114806529215,1288.2077880074494,9630092,-27.4251708984375,0.20600854861865558
2022-05-26,1278.2880859375,1283.7192496732532,1263.1169461079403,1272.946780445226,13040065,12.1190185546875,0.22024176642779048
2022-05-27,1311.8624267578125,1316.9344867454283,1290.3624154053166,1296.2423229942874,8284860,33.5743408203125,0.2596732520334295
2022-05-30,1370.6171875,1373.4898020762826,1333.093043191686,1334.888454697668,10904213,58.7547607421875,0.3286779575872216
2022-05-31,1364.0850830078125,1377.148968893097,1350.0686901713195,1370.526271451383,16033857,-6.5321044921875,0.3210063078104852
2022-06-01,1341.3594970703125,1374.2005553330084,1335.5079082065708,1372.612932971673,8738508,-22.7255859375,0.29431617502217144
2022-06-02,1368.0770263671875,1373.3841995793427,1338.6833068349497,1346.3039171942348,7205840,26.717529296875,0.32569465770114014
2022-06-03,1380.5057373046875,1410.715969239275,1377.1490940869578,1383.408884845195,9395707,12.4287109375,0.34029159466117065
2022-06-06,1388.0810546875,1394.0232323627165,1354.4687745578683,1375.334669946235,6624883,7.5753173828125,0.3491884489564543
2022-06-07,1366.8974609375,1378.827331227114,1363.1779106621018,1378.827331227114,4904592,-21.18359375,0.3243093135327897
2022-06-08,1360.8192138671875,1379.1448683164317,1353.5615113932292,1379.1448683164317,4697608,-6.0782470703125,0.3171706979708857
2022-06-09,1374.4273681640625,1376.1963887958834,1344.0357398911278,1347.2109846360613,4361061,13.608154296875,0.3331528357334208
2022-06-10,1339.77197265625,1355.3305843397889,1336.868825108461,1348.208985661335,6516436,-34.6553955078125,0.2924517021970241
2022-06-13,1292.3245849609375,1309.6523266400254,1280.712217260491,1309.6523266400254,6987685,-47.4473876953125,0.23672697494337758
2022-06-14,1306.8853759765625,1314.4605803173629,1272.955596856659,1279.1699820676,6090247,14.560791015625,0.25382793976684703
2022-06-15,1290.2381591796875,1312.1927780968697,1287.1990180731675,1306.5679915960773,4651958,-16.647216796875,0.23427656590628287
2022-06-16,1267.5576171875,1309.788415236878,1262.8401551582572,1304.5719418948088,6641772,-22.6805419921875,0.20763933511508403
2022-06-17,1258.5765380859375,1267.3310542375973,1240.2961754557912,1261.9785865626236,9692047,-8.9810791015625,0.19709147973910857
2022-06-20,1282.93505859375,1290.374159577052,1253.7681436672126,1261.0712513196502,4595194,24.3585205078125,0.225699417447222
2022-06-21,1315.3680419921875,1320.9020186854543,1290.7371889318204,1291.871205087972,6270787,32.4329833984375,0.26379043239425837
2022-06-22,1303.8916015625,1324.1677855678092,1301.8503727550444,1302.8029904960238,6253366,-11.4764404296875,0.25031189239762464
2022-06-23,1317.6812744140625,1322.7163500853471,1300.036028581826,1306.2051203282867,6254281,13.7896728515625,0.26650721517292353
2022-06-24,1307.3843994140625,1331.334840499222,1296.3164470818606,1322.716318533469,6114340,-10.296875,0.25441401934464025
2022-06-27,1337.77587890625,1346.3037007769008,1329.2027628450262,1331.833701929255,4511097,30.3914794921875,0.290107383885851
2022-06-28,1342.81103515625,1350.1594366168376,1318.1801857243508,1332.6955903847702,4412178,5.03515625,0.29602093829505316
2022-06-29,1327.4791259765625,1339.9533019425137,1321.8090459920393,1328.794540235472,5060038,-15.3319091796875,0.2780143314234136
2022-06-30,1326.25439453125,1344.489349388375,1319.994604156603,1329.1121369570396,9165177,-1.2247314453125,0.27657594189210233
2022-07-01,1342.1307373046875,1347.2111072100613,1308.5184562919433,1319.0875083390094,4651635,15.8763427734375,0.29522196043618765
2022-07-04,1349.9327392578125,1353.7883939230314,1326.345204835297,1342.901839574178,4800224,7.802001953125,0.3043850451071961
2022-07-05,1339.000732421875,1369.8459686483452,1335.4172860401247,1359.7306341867263,7379669,-10.9320068359375,0.2915459167830079
2022-07-06,1353.2440185546875,1360.8192234162875,1333.602838947962,1344.6707910009138,5209162,14.2432861328125,0.3082739870414479
2022-07-07,1359.6397705078125,1373.4747656207644,1356.9181321249366,1363.586234757982,3323472,6.395751953125,0.3157854971683811
2022-07-08,1373.9283447265625,1376.1963766672409,1360.7737594706286,1374.4273560510103,3652582,14.28857421875,0.3325667561556276
2022-07-11,1336.460693359375,1360.7286382087686,1330.3370063413038,1356.2832728913424,4702638,-37.4676513671875,0.2885627602627723
2022-07-12,1305.1163330078125,1332.332717447335,1302.757601838471,1326.1637367539608,4710356,-31.3443603515625,0.2517502819289359
2022-07-13,1310.423583984375,1324.5307883911123,1305.116410850875,1315.458659703502,5264025,5.3072509765625,0.2579833988085152
2022-07-14,1296.2711181640625,1318.134926705403,1282.799028870994,1316.3659058640824,6157606,-14.1524658203125,0.24136199273937997
2022-07-15,1297.6317138671875,1311.8296153242518,1279.7596672781783,1311.8296153242518,5620018,1.360595703125,0.242959948457111
2022-07-18,1351.6563720703125,1355.0130151308297,1313.6895385614898,1315.4585592229448,5835171,54.024658203125,0.3064093708504547
2022-07-19,1346.4398193359375,1348.8892494530244,1333.69343595514,1335.0089608832925,3418540,-5.216552734375,0.3002827747943344
2022-07-20,1374.6995849609375,1384.2253192557744,1360.819184976676,1361.9532009641566,5079392,28.259765625,0.3334725415696438
2022-07-21,1390.666748046875,1392.980074614536,1363.631757939619,1376.2420400466112,5008061,15.9671630859375,0.35222522430303416
2022-07-22,1366.53466796875,1397.107694651614,1353.6975848594027,1391.6644179192049,7020642,-24.132080078125,0.3238832302389536
2022-07-25,1364.0850830078125,1376.3778601962863,1342.7655831599943,1342.7655831599943,7859626,-2.4495849609375,0.3210063078104852
2022-07-26,1316.501953125,1357.780137915972,1310.9225719330734,1357.780137915972,7268273,-47.5831298828125,0.2651221577362648
2022-07-27,1334.5555419921875,1336.3245627981846,1310.9226023376625,1316.3658795792028,4517285,18.0535888671875,0.28632524950674965
2022-07-28,1376.60498046875,1383.000765450032,1351.6112188905538,1357.5535081313835,6636841,42.0494384765625,0.33571033905735814
2022-07-29,1405.90771484375,1411.35099196503,1386.2212402192902,1390.5759062138168,7009465,29.302734375,0.37012502361952304
2022-08-01,1407.132568359375,1418.8809307454735,1395.202696952757,1418.8809307454735,2983249,1.224853515625,0.37156355651668016
2022-08-02,1400.373779296875,1403.4583252373577,1386.538782878084,1403.050123738897,4374635,-6.7587890625,0.36362567636421916
2022-08-03,1420.7860107421875,1424.3241629773152,1397.017078561979,1405.2726932814403,6011955,20.4122314453125,0.3875988830080219
2022-08-04,1451.449951171875,1455.033397854832,1428.814922709787,1440.2004889831908,7402209,30.6639404296875,0.42361224011714715
2022-08-05,1466.645751953125,1474.8559622239864,1453.6272690310873,1459.161245553542,5361971,15.19580078125,0.44145899407067524
2022-08-08,1469.140380859375,1471.499111910976,1447.9115799074712,1466.9630480641483,3763409,2.49462890625,0.44438881849625855
2022-08-10,1453.76318359375,1470.7734244892297,1440.744701377161,1470.7734244892297,4423829,-15.377197265625,0.4263290228958123
2022-08-11,1469.6395263671875,1479.981775810349,1466.0560796284728,1478.7570605163432,3462090,15.8763427734375,0.44497504143989763
2022-08-12,1446.18798828125,1464.241546222961,1442.6045418057784,1463.6065415227213,3562286,-23.4515380859375,0.4174323119663743
2022-08-16,1448.31982421875,1459.7053891087387,1443.4662579077535,1459.7053891087387,3004430,2.1318359375,0.41993605309812154
2022-08-17,1457.2105712890625,1462.4270449294747,1437.9322991397132,1448.319841482686,4067324,8.8907470703125,0.43037781774817563
2022-08-18,1436.0726318359375,1449.9076287158357,1427.9531205875353,1446.1880779329435,4635706,-21.137939453125,0.40555230115085483
2022-08-19,1448.90966796875,1455.985972727663,1438.023113412736,1438.204622434925,4739884,12.8370361328125,0.4206287968652198
2022-08-22,1429.4498291015625,1450.6332252197813,1427.9529058761325,1438.8394591610838,3950555,-19.4598388671875,0.39777413055065947
2022-08-23,1399.2850341796875,1410.262286827083,1390.757211776081,1404.3654036721289,5551574,-30.164794921875,0.36234699638517354
2022-08-24,1394.8397216796875,1402.5510307101115,1388.9428383034808,1392.5716896119156,2888426,-4.4453125,0.3571261857430694
2022-08-25,1377.2850341796875,1405.0003167553075,1373.293276001603,1404.3653121390466,4331088,-17.5546875,0.33650903018453193
2022-08-26,1380.3697509765625,1401.5984429909956,1376.6500897106737,1392.7078235409888,3079136,3.084716796875,0.340131885108905
2022-08-29,1326.118408203125,1332.2874999956043,1315.458657016953,1332.2874999956043,8079050,-54.2513427734375,0.2764162323398367
2022-08-30,1354.4234619140625,1357.2812047129148,1329.9741184273807,1336.4153079026626,6725875,28.3050537109375,0.3096591878439525
2022-09-01,1328.341064453125,1331.8792168601256,1316.411303587629,1324.5762195682023,8140604,-26.0823974609375,0.27902663766088875
2022-09-02,1318.1805419921875,1340.8608679039596,1313.6444768098331,1340.8608679039596,5175653,-10.1605224609375,0.26709358148240847
2022-09-05,1325.7100830078125,1330.8811515691712,1312.1471854668405,1316.3657470530793,3669352,7.529541015625,0.27593667358550245
2022-09-06,1320.08544921875,1333.6029433786189,1311.330822713805,1325.7102355622496,3428442,-5.6246337890625,0.2693308055067394
2022-09-07,1322.3985595703125,1329.7469599874182,1304.6172135350214,1306.3862339293073,3600574,2.3131103515625,0.2720474449195589
2022-09-08,1338.95556640625,1343.6730292773457,1327.7968032291676,1338.1390526321622,4061475,16.5570068359375,0.2914928714200473
2022-09-09,1371.388427734375,1378.963633440377,1342.6751167708933,1349.93282010479,4816910,32.432861328125,0.3295837430012378
2022-09-12,1393.660400390625,1402.4604318892673,1380.006912812304,1384.2254749088493,5494819,22.27197265625,0.3557411283064107
2022-09-13,1401.5982666015625,1408.901373394763,1398.2870287233486,1407.903461537887,4947158,7.9378662109375,0.3650637791638387
2022-09-14,1338.501953125,1359.8667507661016,1335.4174070740382,1358.0977298843989,14332197,-63.0963134765625,0.2909601239369064
2022-09-15,1299.854736328125,1338.3204761404947,1296.4526878251136,1338.139077851174,12784100,-38.647216796875,0.24557078387570064
2022-09-16,1249.2774658203125,1292.7782765113873,1241.3846477911488,1292.7782765113873,20464045,-50.5772705078125,0.18617015633472023
2022-09-19,1261.2979736328125,1275.5411699960084,1252.4979432114849,1262.8401910629043,6595241,12.0205078125,0.20028767790626212
2022-09-20,1259.7103271484375,1282.390646237612,1256.580376667884,1277.3101661666406,7219797,-1.587646484375,0.19842306171526913
2022-09-21,1249.4588623046875,1259.9372147231684,1241.430050958142,1251.8629984379054,7917054,-10.25146484375,0.18638319798163816
2022-09-22,1241.0218505859375,1255.5372570833497,1233.809552280041,1239.5703320849489,9168498,-8.43701171875,0.17647432418057085
2022-09-23,1238.7537841796875,1265.3805708345333,1235.623944037449,1240.6136148834153,10426200,-2.26806640625,0.1738105867648665
2022-09-26,1252.1805419921875,1269.5989844950832,1229.2734174239552,1233.8094816948922,9414587,13.4267578125,0.18957968288048366
2022-09-27,1264.2464599609375,1275.994821592784,1250.13925642009,1264.1556500846286,8561254,12.06591796875,0.20375053654667807
2022-09-28,1265.289794921875,1275.405240966301,1249.232170793064,1251.0465966039471,7022098,1.0433349609375,0.20497588443107118
2022-09-29,1268.873291015625,1279.034030767962,1263.7475161988737,1274.5433714005803,6119965,3.58349609375,0.20918453220154598
2022-09-30,1282.2999267578125,1287.6072103937954,1248.3248506647649,1260.0732124836215,8120130,13.4266357421875,0.22495348495131728
2022-10-03,1264.427978515625,1280.9846139293722,1257.3970785454037,1280.9846139293722,4943169,-17.8719482421875,0.20396372155944187
2022-10-04,1296.77001953125,1299.3555539044949,1282.7989200355776,1287.9699887820675,6631341,32.342041015625,0.24194792895132755
2022-10-06,1320.1307373046875,1324.3492990029515,1310.1059914970522,1310.9225051715146,6180672,23.3607177734375,0.26938399423554604
2022-10-07,1316.5472412109375,1322.580228801138,1306.5226056830536,1312.1472810452483,3994466,-3.58349609375,0.26517534646507124
2022-10-10,1326.9349365234375,1329.0668646353636,1294.003064795037,1294.003064795037,5274677,10.3876953125,0.27737520648265934
2022-10-11,1291.689453125,1342.3572589598296,1288.3326997756394,1326.9346434590095,12824774,-35.2454833984375,0.23598104244747287
2022-10-12,1296.1348876953125,1307.3843486042715,1282.3907023211864,1303.664798259727,5481467,4.4454345703125,0.24120199645542284
2022-10-13,1288.151611328125,1304.5267376311374,1283.7062459953604,1298.2216523105023,4821514,-7.9832763671875,0.2318260135033423
2022-10-14,1337.45849609375,1355.37594923796,1331.1080063717516,1347.2110338811046,14990688,49.306884765625,0.2897346326866672
2022-10-17,1351.70166015625,1356.2831290703418,1338.5924795607286,1339.8625996229894,4286396,14.2431640625,0.3064625595792614
2022-10-18,1364.1759033203125,1370.753196410842,1358.3244247993434,1369.8913885102745,4692004,12.4742431640625,0.32111297199979005
2022-10-19,1347.6192626953125,1365.3099129941174,1343.854418021596,1364.4481050975749,3553171,-16.556640625,0.3016679755968392
2022-10-20,1361.6357421875,1364.448079777653,1337.4130934739194,1338.138908026621,4583939,14.0164794921875,0.3181296721137086
2022-10-21,1361.272705078125,1366.2623751067351,1352.971686427234,1361.0913068291268,3594485,-0.363037109375,0.31770330208818076
2022-10-24,1377.012939453125,1380.5964964935235,1370.7985538626567,1377.6026499274944,982837,15.740234375,0.3361894677141548
2022-10-25,1384.6788330078125,1390.6664148723564,1379.9159661790572,1386.3117494742835,3914341,7.6658935546875,0.3451926994670518
2022-10-27,1397.65625,1407.6988621560834,1387.1551861000603,1403.9386622242373,6760137,12.9774169921875,0.3604340659041323
2022-10-28,1387.8428955078125,1401.3246221215236,1382.1108498465378,1399.5362686568128,3053981,-9.8133544921875,0.3489087421912207
2022-10-31,1410.220947265625,1418.245811891941,1403.4341822194212,1403.4341822194212,4542336,22.3780517578125,0.37519071241642843
2022-11-01,1442.641357421875,1444.4756121674843,1418.887736075427,1424.3447111160303,4542692,32.42041015625,0.4132669606813433
2022-11-02,1424.573974609375,1442.4120569990462,1416.9617727315378,1441.7242114783023,2938906,-18.0673828125,0.3920476685702783
2022-11-03,1403.8927001953125,1415.9529473175023,1395.546863646527,1411.2297190433037,3174027,-20.6812744140625,0.3677584836022445
2022-11-04,1388.5308837890625,1394.446310738257,1376.7458190882635,1394.446310738257,4509682,-15.36181640625,0.34971675209837416
2022-11-07,1382.523681640625,1401.2790045132888,1367.528670745416,1395.3176762956068,4898592,-6.0072021484375,0.3426615754587492
2022-11-09,1385.9627685546875,1402.2876797188958,1376.6998049643528,1402.2876797188958,3334755,3.4390869140625,0.34670062143359526
2022-11-10,1377.4794921875,1386.6966675969895,1361.934227104186,1361.934227104186,3435763,-8.4832763671875,0.33673741197695484
2022-11-11,1439.9818115234375,1443.1000672976652,1418.475217234108,1418.475217234108,7214098,62.5023193359375,0.41014344899803046
2022-11-14,1453.9219970703125,1459.51645137727,1438.4683120386903,1444.6131323053646,4908813,13.940185546875,0.42651554186124985
2022-11-15,1461.9010009765625,1465.4319188955194,1442.4120447213857,1447.0893718318237,3497614,7.97900390625,0.4358865070087261
2022-11-16,1469.971923828125,1475.658069244969,1461.4425937488245,1464.7901313371106,4497697,8.0709228515625,0.4453654266381195
2022-11-17,1455.8480224609375,1469.9718064752024,1451.7667384557692,1464.8358035943602,3469515,-14.1239013671875,0.42877756817691104
2022-11-18,1461.350830078125,1465.5695937519367,1444.9342271315247,1459.7916463166098,3126064,5.5028076171875,0.43524035714152576
2022-11-21,1438.2391357421875,1456.260711440793,1434.4331466169938,1450.9872289206992,3071764,-23.1116943359375,0.40809675818282054
2022-11-22,1453.69287109375,1456.3983522183364,1432.5530391467516,1438.972931127563,3399329,15.4537353515625,0.42624644416860846
2022-11-23,1451.9500732421875,1460.0666272655178,1448.4191556110227,1457.223555093178,3245067,-1.7427978515625,0.4241996099875529
2022-11-24,1494.7342529296875,1500.420397920146,1453.4176195623174,1457.3154109383324,5282215,42.7841796875,0.4744476185642712
2022-11-25,1500.099365234375,1507.7573561793968,1480.0601551236466,1496.2015740155414,4563255,5.3651123046875,0.48074869085477867
2022-11-28,1488.8646240234375,1516.4701360105687,1485.7463685135297,1493.0833876173003,3825766,-11.2347412109375,0.46755401523290785
2022-11-29,1494.04638671875,1502.9424774251793,1481.2066035401367,1486.846847301808,3131710,5.1817626953125,0.4736397520229638
2022-11-30,1499.4573974609375,1509.3624181599896,1479.4640873185208,1485.7004864644923,11868134,5.4110107421875,0.4799947298715068
2022-12-01,1519.771728515625,1533.9872026204164,1515.369584352362,1518.9462914993808,5407928,20.3143310546875,0.5038529571069459
2022-12-02,1502.162841796875,1524.082206872705,1498.5401217539268,1518.762823698916,4283343,-17.60888671875,0.4831721471128556
2022-12-05,1503.859619140625,1508.5369463809327,1488.77291854345,1502.2546462279884,3824966,1.69677734375,0.48516493237002956
2022-12-06,1479.2347412109375,1491.2490872351268,1474.328132226153,1490.3319598752034,4822398,-24.6248779296875,0.4562441703862934
2022-12-07,1472.4481201171875,1489.2315972240235,1464.3773537802756,1474.7409387408518,4898087,-6.78662109375,0.44827360282098105
2022-12-08,1485.884033203125,1489.3232610774244,1466.0282018846967,1472.4480939167222,4206837,13.4359130859375,0.46405345137503606
2022-12-09,1439.248046875,1493.083379473675,1431.7275351622377,1493.083379473675,8880658,-46.635986328125,0.4092816768986871
2022-12-12,1418.9793701171875,1436.1755076749384,1403.2507258609144,1421.5473714407533,8037679,-20.2686767578125,0.38547706848959207
2022-12-13,1441.86181640625,1446.7684254424607,1413.4308679506453,1418.9794213639211,6135067,22.8824462890625,0.41235142638981004
2022-12-14,1448.510986328125,1456.8568229798866,1442.641348786504,1450.8954950923392,4976020,6.649169921875,0.42016056401270685
2022-12-15,1412.8348388671875,1439.8900986832095,1408.019919747387,1439.24815424885,6443866,-35.6761474609375,0.3782606052733972
2022-12-16,1396.0513916015625,1421.089016341961,1386.7426373339622,1398.6193933020268,9630453,-16.783447265625,0.3585492351288757
2022-12-19,1382.4320068359375,1391.1906185589476,1371.151406638808,1382.9822609021824,6222740,-13.619384765625,0.34255390770852334
2022-12-20,1382.38623046875,1390.3651943884424,1359.5955240977712,1376.6082828344672,7396259,-0.0457763671875,0.34250014551633345
2022-12-21,1384.44970703125,1394.9507709461102,1377.846322599917,1389.44800656368,6236361,2.0634765625,0.3449236017744104
2022-12-22,1395.913818359375,1403.159035330933,1386.467361260263,1395.4093535025568,6302640,11.464111328125,0.3583876618206143
2022-12-23,1373.0313720703125,1384.7706472634532,1369.2711722199242,1383.6700272399569,6283822,-22.8824462890625,0.33151330392039635
2022-12-26,1377.892333984375,1384.7707900126975,1372.34366800658,1376.149769399726,4115459,4.8609619140625,0.3372222752675851
2022-12-27,1389.3101806640625,1395.3631980726875,1373.3980454003097,1384.8162347858072,4860076,11.4178466796875,0.3506319996582157
2022-12-28,1385.0,1398.5734186856855,1374.3154431330508,1380.368461733021,5029860,-4.3101806640625,0.3455698950074564
2022-12-29,1391.7867431640625,1395.2259709449818,1376.6082397759933,1379.359622000729,4624745,6.7867431640625,0.3535406059386148
2022-12-30,1383.21142578125,1403.5717201426935,1379.4054368384104,1401.370592109832,5060544,-8.5753173828125,0.34346929863421094
2023-01-02,1397.7021484375,1399.9949669224698,1379.4055017090532,1388.5308744976214,3801140,14.49072265625,0.36048797146216804
2023-01-03,1396.372314453125,1405.6352784494222,1389.5396484110163,1393.8960033950495,4551130,-1.329833984375,0.3589261439375888
2023-01-04,1370.9219970703125,1394.9506886748184,1367.528558728868,1394.9506886748184,7059590,-25.4503173828125,0.32903594210428366
2023-01-05,1352.9462890625,1381.1021672768188,1347.489425840876,1381.1021672768188,9868404,-17.9757080078125,0.30792431774344453
2023-01-06,1328.4591064453125,1352.7629837810398,1326.62485155205,1348.1773465478836,6443714,-24.4871826171875,0.27916527243381584
2023-01-09,1361.4296875,1365.9236340298328,1328.183820144947,1328.183820144947,11498717,32.9705810546875,0.3178876705659308
2023-01-10,1347.9481201171875,1360.9254964114878,1333.5492633945746,1359.1829318004231,7158624,-13.4815673828125,0.3020542031855318
2023-01-11,1349.3236083984375,1370.1882555291525,1342.674435137001,1348.177199215431,6173092,1.37548828125,0.30366964953645526
2023-01-12,1357.898681640625,1361.934064221715,1334.4202447424886,1359.1367811263865,6591385,8.5750732421875,0.3137406701091674
2023-01-13,1379.03857421875,1393.4833301069489,1346.342961515927,1360.5584355646306,11610426,21.139892578125,0.3385684805600213
2023-01-16,1399.0780029296875,1401.3708216824402,1377.800689685759,1384.862526662621,6073063,20.0394287109375,0.3621038479106291
2023-01-17,1411.9176025390625,1414.393801685257,1397.7021281387017,1400.453510280707,5922644,12.839599609375,0.3771833543077565
2023-01-18,1417.3287353515625,1423.24416242099,1412.0093515411083,1416.732580138559,5843098,5.4111328125,0.3835384755221456
2023-01-19,1411.3673095703125,1421.1347382958118,1399.6739357893398,1412.284436925683,6165284,-5.96142578125,0.3765370610747105
2023-01-20,1399.123779296875,1416.9618628206752,1397.7021870153455,1410.5419708855652,6496429,-12.2435302734375,0.362157610102819
2023-01-23,1419.71337890625,1424.5741994683594,1401.4625191509494,1407.790721331456,4855020,20.589599609375,0.38633912732062714
2023-01-24,1423.2899169921875,1438.7893911638814,1421.3180708541106,1430.7186259283192,5200802,3.5765380859375,0.39053960323788894
2023-01-25,1415.1275634765625,1427.0502195525155,1411.2297720671163,1418.7960730383943,4158617,-8.162353515625,0.3809533025899614
2023-01-27,1393.254150390625,1422.4187353397176,1382.477903144469,1417.8789993665666,6209955,-21.8734130859375,0.35526400677145564
2023-01-30,1411.275634765625,1416.0446522844554,1394.0335955131943,1402.104361110933,6964719,18.021484375,0.37642939332448466
2023-01-31,1406.6439208984375,1420.5384211387009,1387.6135304445547,1420.5384211387009,9448126,-4.6317138671875,0.3709896630357832
2023-02-01,1422.55615234375,1426.1788724013395,1401.4164349583425,1414.3936968698845,6194199,15.9122314453125,0.3896778311385456
2023-02-02,1452.5003662109375,1455.435128799102,1423.3815743389898,1423.3815743389898,6916834,29.9442138671875,0.4248459032205989
2023-02-03,1466.853515625,1471.668434244157,1442.6413310350065,1465.1109512577386,7040194,14.3531494140625,0.44170300274029484
2023-02-06,1439.75244140625,1465.569600374364,1432.186140277909,1465.569600374364,4570612,-27.10107421875,0.40987406457369735
2023-02-07,1432.9197998046875,1445.438610573436,1426.224725341101,1438.9728179482734,4336238,-6.8326416015625,0.4018494480845032
2023-02-08,1458.691162109375,1470.1552548640857,1435.7629765999538,1435.7629765999538,7983338,25.7713623046875,0.4321167020923671
2023-02-09,1482.9951171875,1485.5172177269346,1454.6100668071151,1463.9188210530715,6904911,24.303955078125,0.46066055526739014
2023-02-10,1475.2452392578125,1482.3529761992756,1464.1479087924397,1479.2805100226517,4786762,-7.7498779296875,0.4515586878125555
2023-02-13,1437.5511474609375,1464.6523040679722,1436.2213576521256,1464.6523040679722,4001199,-37.694091796875,0.4072887482756673
2023-02-14,1461.213134765625,1463.7352349511611,1447.3645343194853,1453.3716512253498,5043736,23.6619873046875,0.4350786404674185
2023-02-15,1464.6983642578125,1466.48671791268,1445.3927876362625,1452.7298068628425,3465747,3.4852294921875,0.43917187873199204
2023-02-16,1469.0546875,1480.6562593366962,1465.4319671631831,1467.4038134282823,4290289,4.3563232421875,0.444288175672479
2023-02-17,1452.54638671875,1462.8181685754123,1444.934184696277,1461.901041196995,2857734,-16.50830078125,0.4248999521444805
2023-02-20,1460.4794921875,1470.1552310976708,1451.3541192838827,1453.6010366458702,2417716,7.93310546875,0.434217011733921
2023-02-21,1448.6025390625,1468.9169307095449,1445.3925935818295,1466.2113380605715,2723288,-11.876953125,0.4202680883970866
2023-02-22,1432.36962890625,1444.4756658959568,1426.4083007612826,1433.47013701294,3656244,-16.23291015625,0.40120329821730305
2023-02-23,1422.189453125,1439.7524657040512,1419.850845363736,1439.7524657040512,4766854,-10.18017578125,0.3892471601376426
2023-02-24,1422.1435546875,1438.972819252259,1416.96176274362,1430.7186730615194,2790986,-0.0458984375,0.38919325457960685
2023-02-27,1384.2203369140625,1412.376101427138,1377.525262560754,1412.376101427138,4920268,-37.9232177734375,0.3446542173500773
2023-02-28,1364.272705078125,1397.7019490382825,1358.540659683447,1389.9980576370328,9679811,-19.9476318359375,0.321226661115541
2023-03-01,1372.0684814453125,1376.4706257604705,1358.7242330919914,1368.7209440691638,5125043,7.7957763671875,0.3303824341284116
2023-03-02,1350.149169921875,1365.235871380038,1345.701124272383,1361.9342350192826,4644499,-21.9193115234375,0.3046392327518701
2023-03-03,1356.70654296875,1366.336380209989,1350.9285958423973,1363.539096991639,4615015,6.557373046875,0.3123405592586952
2023-03-06,1382.523681640625,1394.400548877502,1369.4088267341433,1370.6928275102962,6561742,25.817138671875,0.3426615754587492
2023-03-08,1368.995849609375,1372.0224144227957,1358.3571955247069,1367.0241155154945,4137080,-13.52783203125,0.3267737724227766
2023-03-09,1357.7154541015625,1374.177846498556,1352.3960702873087,1371.105492034302,5104656,-11.2803955078125,0.31352547797456176
2023-03-10,1349.5987548828125,1352.120855017214,1336.850662721762,1339.0058895367197,3699580,-8.11669921875,0.30399279615297825
2023-03-13,1316.16943359375,1355.78940216574,1309.6578518193462,1342.8578170068272,8798403,-33.4293212890625,0.26473162917219706
2023-03-14,1302.32080078125,1328.3213380398463,1294.0666548608056,1321.580474595621,7402784,-13.8486328125,0.24846706069335722
2023-03-15,1301.9998779296875,1323.277187882345,1299.4318765422183,1318.829142580857,7556182,-0.3209228515625,0.24809015188464434
2023-03-16,1287.738525390625,1300.3032376058477,1282.786015172728,1300.3032376058477,7323117,-14.2613525390625,0.23134086348102012
2023-03-17,1302.9627685546875,1323.32306269695,1294.4335514559468,1311.4920976074493,9090018,15.2242431640625,0.24922102167662907
2023-03-20,1287.3258056640625,1302.0456322126888,1270.0837669911443,1302.0456322126888,8221829,-15.636962890625,0.23085614355623574
2023-03-21,1275.4490966796875,1288.5640639628448,1274.8071522479388,1283.0612992768824,8536755,-11.876708984375,0.21690750695109307
2023-03-22,1274.119384765625,1290.6276798354693,1267.6078018788835,1286.7298879439784,8356487,-1.3297119140625,0.21534582279235948
2023-03-23,1260.637451171875,1269.258358749589,1256.4644769231124,1269.258358749589,7607718,-13.48193359375,0.19951192531442286
2023-03-24,1266.23193359375,1283.015297395886,1263.3429599696206,1272.972797414035,7559127,5.594482421875,0.2060823820292632
2023-03-27,1273.84423828125,1280.0807502681864,1260.224916848679,1271.368038731344,4170193,7.6123046875,0.21502267617583648
2023-03-28,1263.4346923828125,1282.144113859987,1261.8297194219722,1276.7330397726337,6633366,-10.4095458984375,0.20279715367184292
2023-03-29,1268.8916015625,1274.715337897841,1251.466181751986,1264.7186272999518,8813966,5.4569091796875,0.2092060370784219
2023-03-31,1309.6119384765625,1311.4461931539086,1278.3838197671578,1287.6467834969517,8711975,40.7203369140625,0.2570301592995259
2023-04-03,1293.9290771484375,1316.0777246615953,1288.7014961247696,1316.0777246615953,5242764,-15.682861328125,0.23861137562109658
2023-04-05,1305.5767822265625,1309.199390750354,1283.978386725391,1283.978386725391,7506334,11.647705078125,0.2522910578994437
2023-04-06,1304.0634765625,1310.024804681296,1293.4706102774894,1298.6524024946332,6948465,-1.5133056640625,0.25051375150856714
2023-04-10,1309.2911376953125,1315.160775822006,1297.7353541060936,1305.943600080133,4993788,5.2276611328125,0.25665339385665886
2023-04-11,1289.6187744140625,1314.564596044306,1273.8900163996034,1310.4834237107443,6942255,-19.67236328125,0.23354912760449142
2023-04-12,1309.93310546875,1312.8678683565352,1283.9783553609143,1295.946912669283,5831169,20.3143310546875,0.2574073548399305
2023-04-13,1274.0732421875,1294.1125639133095,1268.3870975225138,1292.920253602577,11267238,-35.85986328125,0.215291630502632
2023-04-17,1154.021484375,1156.6352751470652,1087.071182308468,1146.6844649704483,53171705,-120.0517578125,0.07429648228958685
2023-04-18,1154.984375,1164.7059031013866,1149.2523287192262,1164.7059031013866,12430884,0.962890625,0.07542735208157159
2023-04-19,1130.084228515625,1150.3986208573567,1127.5163392156835,1150.3986208573567,11307230,-24.900146484375,0.046183300115466785
2023-04-20,1122.0137939453125,1135.2662413976043,1120.1795389648407,1128.7087574516104,8621249,-8.0704345703125,0.03670495394945661
2023-04-21,1125.6363525390625,1131.047426880891,1118.8954881773257,1126.324198126057,8691352,3.62255859375,0.040959478790600024
2023-04-24,1124.6734619140625,1128.0667887734735,1117.0612591269032,1126.2325338323783,8313774,-0.962890625,0.03982860899861529
2023-04-25,1123.3892822265625,1133.1108094759409,1114.3096993227584,1124.3521987449235,6808576,-1.2841796875,0.038320400300380086
2023-04-26,1125.81982421875,1130.8181239428047,1119.3999321931217,1126.2324867816417,5680192,2.4305419921875,0.04117495765689738
2023-04-27,1142.969970703125,1144.3915628906238,1123.847887666319,1128.0666511252507,8020704,17.150146484375,0.061316998802321665
2023-04-28,1148.931396484375,1154.6634429645403,1141.7777576955154,1151.6368776414,10118277,5.96142578125,0.06831841324975674
2023-05-02,1171.58447265625,1173.6939106744755,1150.5823426028023,1150.5823426028023,8886401,22.653076171875,0.0949233867256416
2023-05-03,1163.9720458984375,1167.0443997269565,1157.506254147817,1161.0830727342452,5549783,-7.6124267578125,0.08598294921322247
2023-05-04,1168.0076904296875,1170.0712271598577,1157.87338748435,1163.788814662558,4505401,4.03564453125,0.09072262407668807
2023-05-05,1154.755126953125,1173.0059852361912,1150.307081299838,1173.0059852361912,5373791,-13.2525634765625,0.07515811102308434
2023-05-08,1160.7164306640625,1165.0269966744686,1151.1782831849423,1157.8274569243922,5260842,5.9613037109375,0.08215938210467355
2023-05-09,1165.3935546875,1166.585864897065,1156.2222821647242,1161.0831013833997,4969897,4.6771240234375,0.08765244448802756
2023-05-10,1158.561279296875,1170.6215279475311,1154.8010790515318,1170.6215279475311,6515734,-6.832275390625,0.07962825809637097
2023-05-11,1152.0035400390625,1170.162704744329,1149.2063690414109,1164.980913284401,6888461,-6.5577392578125,0.0719265014920083
2023-05-12,1142.007080078125,1151.9121015289377,1136.366835704728,1149.4816913442992,8292212,-9.9964599609375,0.06018612901033693
2023-05-15,1154.0672607421875,1163.7429997559711,1142.419787348579,1146.3175788639087,5534710,12.0601806640625,0.07435024448177696
2023-05-16,1159.5242919921875,1168.3744824143912,1158.1026996481462,1160.1662364323145,5236469,5.45703125,0.08075927125420157
2023-05-17,1143.566162109375,1156.4517347340925,1139.48487806171,1156.1307625392042,10465667,-15.9581298828125,0.062017197593403406
2023-05-18,1142.74072265625,1155.2595338626716,1139.4848756551935,1154.2965053260136,6948732,-0.825439453125,0.06104775774383442
2023-05-19,1163.742919921875,1167.7783026634847,1148.9771919381424,1151.9578558336234,11094136,21.002197265625,0.08571385152058109
2023-05-22,1185.6622314453125,1188.2301207415426,1164.9809658180477,1167.457164774058,7625947,21.9193115234375,0.1114570528971226
2023-05-23,1192.3114013671875,1205.2428740172338,1189.5600194436024,1191.5317535922914,7436031,6.649169921875,0.11926619052001941
2023-05-24,1191.0274658203125,1196.851202152626,1184.2866021300276,1188.8722389198845,4824077,-1.283935546875,0.11775826855347593
2023-05-25,1196.2552490234375,1198.685659323356,1182.406645969883,1187.2215654124593,4334121,5.227783203125,0.1238980542674133
2023-05-26,1208.26953125,1213.7722960275548,1197.768466581114,1197.768466581114,5521606,12.0142822265625,0.13800826418081757
2023-05-29,1205.47216796875,1222.2555306990143,1201.299193894401,1222.2555306990143,4419365,-2.79736328125,0.13472289245755142
2023-05-30,1214.1390380859375,1216.4777576450638,1200.6573106206852,1206.0224833077132,6274719,8.6668701171875,0.1449017241463353
2023-05-31,1209.049072265625,1220.7882355808035,1205.24297124017,1210.4705525350664,17800782,-5.0899658203125,0.1389237984723508
2023-06-01,1210.149658203125,1219.3209326116369,1208.8656573951266,1212.9469416793345,4277841,1.1005859375,0.14021638493844302
2023-06-02,1207.361328125,1220.28076764581,1204.619482886525,1216.6558726063315,10909311,-2.788330078125,0.13694162228776907
2023-06-05,1212.473388671875,1217.0741430383937,1205.7813616917022,1212.0086614243962,5002553,5.112060546875,0.1429454971798505
2023-06-06,1188.772216796875,1197.6949566393228,1183.195490212996,1197.6949566393228,10008100,-23.701171875,0.1151095845515846
2023-06-07,1198.020263671875,1202.7140540111552,1192.025327874271,1199.4609634477556,5397578,9.248046875,0.1259709810324119
2023-06-08,1192.30419921875,1200.8551346703464,1190.7240585978548,1195.4642535429527,5034942,-5.716064453125,0.11925773193511491
2023-06-09,1176.642822265625,1192.0253388838628,1174.8304314613663,1192.0253388838628,5339073,-15.661376953125,0.10086418064555347
2023-06-12,1200.80859375,1204.2940478285252,1183.1954778567024,1183.6602050671725,4785588,24.165771484375,0.12924574368308583
2023-06-13,1212.7987060546875,1214.3323287023295,1205.5490288839856,1208.1979515705652,4846587,11.9901123046875,0.1433275671590135
2023-06-14,1208.66259765625,1214.5180926556236,1201.970457495657,1214.19280628768,3457981,-4.1361083984375,0.1384699022044218
2023-06-15,1196.0218505859375,1202.6673581303833,1192.1645925106025,1202.6673581303833,6161155,-12.6407470703125,0.12362393877016764
2023-06-16,1200.5296630859375,1209.6847652018955,1190.6774702485802,1196.2076779215056,8536287,4.5078125,0.12891815272534157
2023-06-19,1202.7139892578125,1207.8259884393565,1196.2543265846496,1202.7139892578125,4451787,2.184326171875,0.13148354117079997
2023-06-20,1211.450927734375,1212.93803213182,1200.018592852604,1202.7140333935445,4009180,8.7369384765625,0.14174466485509574
2023-06-21,1207.6866455078125,1211.822785983513,1203.6435412463509,1208.244295499256,4041529,-3.7642822265625,0.1373236922669323
2023-06-22,1191.142333984375,1198.4385283465883,1183.660180666532,1198.4385283465883,6676607,-16.5443115234375,0.11789317581441106
2023-06-23,1175.759765625,1189.0974130017955,1174.2261432389498,1186.4019726655229,7239467,-15.382568359375,0.09982707211674802
2023-06-26,1180.732421875,1184.1249532633135,1173.2038636237187,1180.6394991230177,3403244,4.97265625,0.10566722321288013
2023-06-27,1188.91162109375,1191.560543447879,1184.3107537282526,1189.701634643748,3240024,8.17919921875,0.11527330834753369
2023-06-28,1202.10986328125,1205.2235129272265,1191.0029282361302,1198.9962136352735,5662358,13.1982421875,0.13077402359973855
2023-06-30,1241.2862548828125,1244.4464222893582,1212.426652618648,1215.9121063481953,12821692,39.1763916015625,0.17678485460266002
2023-07-03,1239.61328125,1251.0456156922185,1234.7336456761632,1236.174345371954,7732412,-1.6729736328125,0.17482002568542487
2023-07-04,1250.255615234375,1251.0456287866502,1237.4756171691324,1249.4656016820998,5797775,10.642333984375,0.187318946857435
2023-07-05,1252.25390625,1262.1525044299242,1246.3982983908247,1262.0595816855596,5414936,1.998291015625,0.18966584575383338
2023-07-06,1249.09375,1252.3932449368162,1242.819933005186,1247.8390092927943,5963897,-3.16015625,0.18595439073673115
2023-07-07,1236.360107421875,1250.8596857725445,1231.8522766020494,1239.89207926807,6295647,-12.733642578125,0.17099932589379274
2023-07-10,1235.3843994140625,1247.2349435988492,1226.229295814045,1242.262385005227,3940315,-0.9757080078125,0.16985340268799476
2023-07-11,1253.4622802734375,1255.600070946012,1233.386086337547,1239.381022308118,6126128,18.077880859375,0.19108502426180207
2023-07-12,1239.2415771484375,1256.52940602109,1233.3859691382677,1255.6928743826677,8102770,-14.220703125,0.17438347668484244
2023-07-13,1268.7982177734375,1279.67290266319,1236.9644035943056,1240.728739413603,9977644,29.556640625,0.2090963622063544
2023-07-14,1325.35546875,1329.1198044888868,1283.251252109647,1283.251252109647,12833381,56.5572509765625,0.27552019580333753
2023-07-17,1322.5670166015625,1356.027373066275,1314.5273272735951,1325.3553796402884,11569884,-2.7884521484375,0.2722452897868177
2023-07-18,1371.131103515625,1373.6871031492155,1328.1903550548216,1332.8376271158952,16743977,48.5640869140625,0.3292815277982073
2023-07-19,1370.8988037109375,1393.0663832409173,1357.6540777205,1381.169320827392,13687062,-0.2322998046875,0.3290087025935742
2023-07-20,1347.244140625,1367.2274100444115,1339.0648965954,1367.2274100444115,8347221,-23.6546630859375,0.30122741235257333
2023-07-21,1237.661376953125,1254.7633595078023,1212.9379141908755,1227.0655747810806,45548305,-109.582763671875,0.17252760581044568
2023-07-24,1242.3087158203125,1254.670504599167,1240.1245206940966,1246.398337830829,8859789,4.6473388671875,0.1779856869274148
2023-07-25,1240.4498291015625,1248.1178279606174,1230.829998679233,1242.6805423705,6801982,-1.85888671875,0.1758025118269655
2023-07-26,1253.694580078125,1254.7634753600048,1244.9112811341215,1248.2572943766568,5528885,13.2447509765625,0.1913578494664352
2023-07-27,1257.6912841796875,1267.5899965472738,1252.0216348505492,1262.7567654377913,9191861,3.9967041015625,0.19605179062507783
2023-07-28,1245.9337158203125,1267.6364549818943,1241.7511707093902,1258.341910290956,6122735,-11.757568359375,0.182243079085475
2023-07-31,1260.061279296875,1261.7343425932213,1239.1950734898064,1253.6016166280715,7902180,14.1275634765625,0.19883523852205864
2023-08-01,1268.89111328125,1272.4230854175687,1261.2696325139816,1265.9169045571427,6064652,8.829833984375,0.20920546361503867
2023-08-02,1261.1302490234375,1275.1649885403967,1253.322808944047,1272.7020250125254,7419145,-7.7608642578125,0.20009069323407824
2023-08-03,1268.0546875,1270.145959906921,1253.8339897494227,1254.7634441524986,6503741,6.9244384765625,0.2082231208393439
2023-08-04,1281.1134033203125,1288.13082917061,1265.9168471204257,1272.3301049407662,5712345,13.0587158203125,0.22355996892975383
2023-08-07,1294.72998046875,1296.5888892705716,1279.8587100541772,1289.9897857158628,3729093,13.6165771484375,0.23955199893565182
2023-08-08,1292.1275634765625,1295.241326729345,1286.7367956063742,1294.5906405227167,4161877,-2.6024169921875,0.23649558246819202
2023-08-09,1296.03125,1297.518354361952,1284.970719846274,1286.3649014591272,4090828,3.9036865234375,0.24108027885230476
2023-08-10,1291.1051025390625,1297.332515182076,1287.8520120932285,1293.428738571801,3873025,-4.9261474609375,0.23529475014343748
2023-08-11,1275.0718994140625,1298.3082576548654,1270.610586707097,1293.8004268479058,5783517,-16.033203125,0.21646450648744775
2023-08-14,1295.2412109375,1296.5888744198694,1269.2628926543166,1275.071982593474,4304135,20.1693115234375,0.2401524150980292
2023-08-16,1318.4310302734375,1319.7786937329945,1306.255200658827,1311.2742769730569,7735313,23.1898193359375,0.26738776819807186
2023-08-17,1311.971435546875,1319.825280033983,1306.812918118155,1319.825280033983,5618346,-6.4595947265625,0.2598012777337644
2023-08-18,1290.8262939453125,1309.3223454207798,1288.3632171358356,1304.6750735005544,5134103,-21.1451416015625,0.2349673025515393
2023-08-21,1306.2552490234375,1307.742353385992,1289.2927060601864,1291.709264831686,3032722,15.428955078125,0.25308788527062154
2023-08-22,1304.7215576171875,1306.8593480283198,1298.1224543541218,1305.6044938755165,2890714,-1.53369140625,0.2512866367834896
2023-08-23,1308.625244140625,1316.665047189912,1306.4875671497327,1316.1073972557133,2559125,3.9036865234375,0.25587133316760236
2023-08-24,1323.171142578125,1324.5189194126233,1314.6666128884629,1321.2193112047876,5171963,14.5458984375,0.27295480735787914
2023-08-25,1319.9180908203125,1322.148803936989,1311.8318834134902,1313.3189876716804,4307172,-3.2530517578125,0.2691342509320931
2023-08-28,1315.7822265625,1324.2867575475643,1311.83204511479,1319.9182535183484,3133464,-4.1358642578125,0.26427687270919287
2023-08-29,1317.64111328125,1323.914930768979,1315.4569180328365,1323.5431263001694,3074444,1.85888671875,0.26646004780964216
2023-08-30,1333.906494140625,1335.30067572943,1323.5430549720843,1326.3314181496944,3070887,16.265380859375,0.28556297330441915
2023-08-31,1334.185302734375,1342.968715084765,1327.8650807492495,1333.906534483456,9792735,0.27880859375,0.28589042089631755
2023-09-01,1341.99267578125,1343.9910253779606,1327.446692130181,1330.0026916597724,3582133,7.807373046875,0.2950598136645428
2023-09-04,1361.7435302734375,1366.2978792292915,1333.4880956574837,1341.202612059774,4609014,19.7508544921875,0.31825626415558506
2023-09-05,1374.5701904296875,1375.639085724664,1353.7503883361237,1361.6507510555589,5496840,12.82666015625,0.3333205737730536
2023-09-06,1373.2222900390625,1378.2878843440208,1360.070601695981,1377.3584299899496,5075786,-1.347900390625,0.33173752810328994
2023-09-07,1362.7659912109375,1369.4581309432017,1358.9088462312309,1366.855613248634,4411743,-10.456298828125,0.3194570964803398
2023-09-08,1365.92626953125,1370.7129827544118,1357.1893748015916,1360.2566199430964,3125838,3.1602783203125,0.3231686948632877
2023-09-11,1372.29296875,1373.7801866277496,1361.1860335253727,1365.9262284990148,4182226,6.36669921875,0.33064608391891115
2023-09-12,1395.2039794921875,1397.8994199484737,1372.8970738547118,1377.916150314902,6793161,22.9110107421875,0.35755398942705563
2023-09-13,1392.64794921875,1398.8288435447748,1383.632287105664,1398.8288435447748,4804686,-2.5560302734375,0.3545520519810148
2023-09-14,1400.6412353515625,1405.846270656975,1393.3915592483722,1398.8288446904617,6444213,7.9932861328125,0.3639397909324542
2023-09-15,1404.96337890625,1411.2837147970909,1402.546819933446,1410.9119103107828,8657816,4.3221435546875,0.36901594543610594
2023-09-18,1386.5601806640625,1398.7360111511314,1383.0282084042435,1398.7360111511314,3991916,-18.4031982421875,0.3474022538831356
2023-09-20,1385.119384765625,1389.6272158004997,1372.0605053905272,1372.0605053905272,4169337,-1.4407958984375,0.3457101068046877
2023-09-21,1395.80810546875,1398.4106230981856,1371.8746553500082,1381.6804443744052,6779195,10.688720703125,0.35826350699811704
2023-09-22,1390.603271484375,1400.6413112772675,1380.425677376095,1386.6530901473643,5455613,-5.204833984375,0.35215067406319744
2023-09-25,1370.1552734375,1384.7476626343905,1367.7387146063886,1384.7476626343905,4217863,-20.447998046875,0.3281354612265637
2023-09-26,1357.6075439453125,1375.4995405113143,1356.0739215478982,1374.8024497360157,3996528,-12.5477294921875,0.3133987425668392
2023-09-27,1363.509521484375,1365.926080084956,1347.7553157505324,1353.2855237091,3863586,5.9019775390625,0.3203303378473503
2023-09-28,1337.903076171875,1368.7145118891362,1333.7670495202924,1364.346121640076,5814602,-25.6064453125,0.29025677109721615
2023-09-29,1334.185302734375,1344.7347011757531,1316.1074596363055,1331.0716531169655,6068968,-3.7177734375,0.28589042089631755
2023-10-03,1332.8375244140625,1335.625887435849,1320.1040453314158,1334.7429511957962,4181867,-1.3477783203125,0.2843075185923998
2023-10-04,1342.4573974609375,1347.6623192444497,1318.1521429784143,1324.4724780818983,4510406,9.619873046875,0.29560560743965514
2023-10-05,1360.2100830078125,1371.5494954859564,1347.8948114227326,1349.5678748329035,7384621,17.752685546875,0.31645530240014486
2023-10-06,1374.384033203125,1379.7749135469408,1360.0705276962346,1365.8330989944286,3598672,14.1739501953125,0.3331019408581477
2023-10-09,1371.3634033203125,1385.8164641413844,1359.0481329313968,1361.5577278028998,3567552,-3.0206298828125,0.32955435300284064
2023-10-10,1389.673828125,1391.393296146582,1365.4614945887647,1379.217465679009,5688951,18.3104248046875,0.3510590865129728
2023-10-11,1388.9766845703125,1411.144149422588,1376.940181958551,1391.3932433298958,7220129,-0.6971435546875,0.35024032416738127
2023-10-12,1362.1153564453125,1398.2711535251433,1349.567722660248,1386.6529740945282,11081662,-26.861328125,0.31869295652201335
2023-10-13,1330.1885986328125,1336.555338156894,1301.2360733099106,1305.8833450003033,17973439,-31.9267578125,0.2811964797376749
2023-10-16,1332.9771728515625,1341.7604723545678,1329.1199140456142,1331.071745773082,4850745,2.78857421875,0.28447152912004037
2023-10-17,1340.6915283203125,1350.8226045344618,1336.6020195003289,1338.6467739103207,3923764,7.71435546875,0.29353167711373573
2023-10-18,1338.9256591796875,1351.4267762032766,1336.880791305478,1340.273322754556,4264837,-1.765869140625,0.29145774678781655
2023-10-19,1332.5123291015625,1338.0890555260446,1325.49490296724,1325.49490296724,6795691,-6.413330078125,0.2839255919790824
2023-10-20,1326.5638427734375,1337.0202051704955,1324.7049339028497,1329.1198424704962,3928622,-5.948486328125,0.2769393743113062
2023-10-23,1309.2760009765625,1331.304025507751,1306.1158332337493,1325.0302081269804,2636516,-17.287841796875,0.2566356164917747
2023-10-25,1289.88134765625,1320.4796048766234,1281.643355327688,1317.1372877323818,6940777,-19.3946533203125,0.2338575075388929
2023-10-26,1279.9014892578125,1293.6001393242148,1273.9230836517906,1275.7590480024355,6357656,-9.9798583984375,0.22213663281225582
2023-10-27,1299.5784912109375,1303.956418417084,1283.8557413785777,1283.8557413785777,4634358,19.677001953125,0.2452463469665651
2023-10-30,1296.4716796875,1299.5785105468342,1283.3378978736482,1299.5785105468342,2667696,-3.1068115234375,0.24159754282409485
2023-10-31,1288.3277587890625,1300.331689387934,1283.2437181381906,1299.2018387281082,3451595,-8.1439208984375,0.23203289041888908
2023-11-01,1274.91162109375,1296.8481472235055,1272.5579091746342,1292.7057061877338,3090672,-13.4161376953125,0.2162762671318601
2023-11-02,1289.9754638671875,1295.7656185619023,1281.972842805629,1289.8342181571022,3758060,15.0638427734375,0.23396804260603554
2023-11-03,1307.76953125,1310.54686548969,1297.1307068451297,1299.2961678955407,3349045,17.7940673828125,0.254866338588265
2023-11-06,1321.185791015625,1324.9046103571086,1309.4172299003549,1312.3358100714709,2736381,13.416259765625,0.27062310524113986
2023-11-07,1322.127197265625,1323.6335500133118,1313.2300966352614,1318.078766511828,2272209,0.94140625,0.2717287426442567
2023-11-08,1309.60546875,1322.7862570767434,1305.3216665728671,1322.7862570767434,3550635,-12.521728515625,0.25702256090969633
2023-11-09,1294.3533935546875,1315.725053279232,1289.8813406007866,1314.2187005328617,5498051,-15.2520751953125,0.23910971530123604
2023-11-10,1288.75146484375,1292.7998955154703,1281.3608320382564,1289.7870751538298,2943649,-5.6019287109375,0.23253051326979923
2023-11-13,1293.1766357421875,1301.5557594451382,1290.6345575452056,1299.1079216804326,3462092,4.4251708984375,0.23772766854733973
2023-11-15,1327.96435546875,1331.2595523805833,1311.4883709095843,1317.1372799012984,8551860,34.7877197265625,0.2785842106606269
2023-11-16,1360.3514404296875,1368.3540614057245,1328.058465108388,1333.2366316222942,6673907,32.3870849609375,0.3166213200496275
2023-11-17,1353.4315185546875,1366.0944431282535,1351.0778065575678,1356.726715350655,4901251,-6.919921875,0.30849419698065783
2023-11-20,1352.5372314453125,1367.036122395586,1349.7598968645575,1357.6212730677928,3584210,-0.894287109375,0.3074438987940351
2023-11-21,1354.7967529296875,1365.15308669079,1352.6784119330985,1357.6212075918063,3793135,2.259521484375,0.3100976006005307
2023-11-22,1372.4967041015625,1373.5793197717323,1352.1605387506925,1352.1605387506925,3108786,17.699951171875,0.33088536151561776
2023-11-23,1364.4468994140625,1382.0056146017555,1362.9875519464238,1382.0056146017555,3186928,-8.0498046875,0.32143124417755464
2023-11-24,1353.2904052734375,1367.6480498608116,1349.948087939533,1360.9635301203575,2973195,-11.156494140625,0.3083284660628671
2023-11-28,1358.2801513671875,1360.445612499892,1343.5460053605395,1359.504127646951,3755373,4.98974609375,0.31418868837741676
2023-11-29,1374.1912841796875,1375.226894544369,1364.964801471109,1366.1886628376049,3875778,15.9111328125,0.33287556618756664
2023-11-30,1370.0018310546875,1375.179998215723,1364.7295383852872,1368.2129866863122,10120867,-4.189453125,0.32795525035834294
2023-12-01,1367.3184814453125,1374.4737432561003,1361.5283266839235,1374.4737432561003,3489187,-2.683349609375,0.32480378233509133
2023-12-04,1378.663330078125,1385.7715867334168,1364.4940519087752,1374.9915161431222,5511948,11.3448486328125,0.33812777394990956
2023-12-05,1368.8719482421875,1381.064246866101,1357.6212494620409,1380.0286364435226,5123039,-9.7913818359375,0.3266282560892493
2023-12-06,1388.0311279296875,1390.5730909944189,1366.141605678083,1371.5080232268922,5269178,19.1591796875,0.3491298123255058
2023-12-07,1380.1226806640625,1386.6659544767813,1376.262615719604,1386.6659544767813,4424453,-7.908447265625,0.3398417126369251
2023-12-08,1403.8951416015625,1407.2373438258442,1380.4521461092754,1384.359331179215,6323433,23.7724609375,0.3677613509191613
2023-12-11,1401.400146484375,1410.3442522227704,1395.2804951896835,1402.812373706227,3862018,-2.4949951171875,0.3648310963960406
2023-12-12,1389.6787109375,1402.812378171591,1381.7702154844862,1391.0438179520306,6103494,-11.721435546875,0.35106482114680637
2023-12-13,1364.2115478515625,1389.6787590187653,1349.2890359623275,1389.6316388053183,8549258,-25.4671630859375,0.3211548348267752
2023-12-14,1413.5924072265625,1422.5836336750658,1375.838887054938,1377.7689770027378,12489858,49.380859375,0.37915033371267937
2023-12-15,1486.0396728515625,1495.5957668241963,1431.9984208352305,1433.9285107001283,18395389,72.447265625,0.46423624282848186
2023-12-18,1472.811767578125,1499.7853308836295,1468.9988229814394,1476.2010899731836,6467243,-13.2279052734375,0.44870068967573795
2023-12-19,1467.115966796875,1481.8501135515992,1452.9465730697686,1478.2254196692145,4221721,-5.69580078125,0.44201123930885045
2023-12-20,1446.497314453125,1490.8412269194432,1440.4717885612556,1473.470877793026,6592367,-20.61865234375,0.41779560101973257
2023-12-21,1446.1207275390625,1456.1475641627426,1432.2338260213533,1432.2338260213533,5319038,-0.3765869140625,0.41735331738531656
2023-12-22,1471.4466552734375,1474.3652352440706,1433.8813877884545,1445.1320854708788,6741060,25.325927734375,0.44709742942171093
2023-12-26,1453.6055908203125,1457.4186507029783,1433.8815277911087,1445.1793467888062,6878067,-17.841064453125,0.42614393758883296
2023-12-27,1475.40087890625,1478.131207944611,1453.6526019531718,1453.6526019531718,4225849,21.7952880859375,0.4517414792660013
2023-12-28,1471.2113037109375,1477.1425892283842,1464.0089217215004,1477.1425892283842,5702253,-4.1895751953125,0.4468210200709317
2023-12-29,1452.616943359375,1468.1984480838207,1449.886614411702,1450.8752194379208,4388990,-18.5943603515625,0.4249828176033761
2024-01-01,1460.5726318359375,1465.8920447074709,1445.4147473584744,1448.945315866922,2808451,7.9556884765625,0.4343263998742968
2024-01-02,1444.6142578125,1458.5011582059428,1433.8813084212525,1455.535458187299,5396313,-15.9583740234375,0.4155840394818069
2024-01-03,1402.8123779296875,1431.0098022399532,1400.9294082948825,1431.0098022399532,7550363,-41.8018798828125,0.366489695866562
2024-01-04,1424.1842041015625,1430.821718812515,1405.542871490294,1416.8876959121912,7056038,21.371826171875,0.39158990142451167
2024-01-05,1442.8726806640625,1449.6042055294993,1418.1115826606078,1418.5823250946862,8895403,18.6884765625,0.4135386389592097
2024-01-08,1433.693115234375,1446.1206687605984,1424.701889324203,1439.483154876404,4440136,-9.1795654296875,0.4027576707178986
2024-01-09,1439.812744140625,1462.1258878294154,1436.5645526388157,1451.675429581847,4412074,6.11962890625,0.4099448873015421
2024-01-10,1430.9627685546875,1445.602788218323,1416.9346220683428,1435.7171978317997,4096845,-8.8499755859375,0.3995510068439987
2024-01-11,1406.7667236328125,1435.7645051838629,1399.6114612154008,1435.6703796771912,11296088,-24.196044921875,0.3711338890766982
2024-01-12,1518.3797607421875,1523.3225564289935,1464.385625129882,1470.5994024363956,26754401,111.613037109375,0.5022181563668342
2024-01-15,1555.427001953125,1567.5250585454428,1540.2691197866588,1548.69536270453,13228305,37.0472412109375,0.545728400286617
2024-01-16,1536.0797119140625,1552.0378347627927,1529.9129399390588,1548.554386655104,6500917,-19.3472900390625,0.5230059172819213
2024-01-17,1544.223388671875,1551.0962739751476,1525.4408120839046,1525.4408120839046,9209876,8.1436767578125,0.5325702829554353
2024-01-18,1546.48291015625,1552.508435864297,1532.972626255938,1546.5300303672077,6375464,2.259521484375,0.5352239847619309
2024-01-19,1562.111572265625,1568.0429726211407,1547.9422946366542,1554.9563105966838,4522736,15.628662109375,0.5535791140048072
2024-01-23,1546.059326171875,1576.7045882258603,1541.8696497501444,1553.5440845490969,9401255,-16.05224609375,0.5347265052768666
2024-01-24,1577.36376953125,1581.6945769350064,1548.7426065821935,1562.7707540892902,8999681,31.304443359375,0.5714921029791136
2024-01-25,1571.432373046875,1582.2124437614616,1560.9819139785684,1575.0570668097866,8865304,-5.931396484375,0.5645259565297551
2024-01-29,1559.663818359375,1581.0825992301918,1551.1904544983925,1567.7135599982494,4253785,-11.7685546875,0.5507043420640265
2024-01-30,1554.8150634765625,1591.1093493392334,1551.8023580167996,1565.171396519599,4995943,-4.8487548828125,0.5450097073014217
2024-01-31,1563.7122802734375,1569.690686352798,1542.2463787626282,1551.8024734029086,6763779,8.897216796875,0.5554590703413054
2024-02-01,1560.087646484375,1578.870224833906,1553.7796285080506,1562.4413588052366,5760011,-3.6246337890625,0.5512021082807825
2024-02-02,1594.2633056640625,1617.941672001784,1567.5722338568344,1568.5608388941694,7858483,34.1756591796875,0.5913398140430286
2024-02-05,1588.4732666015625,1601.230432881512,1583.4363454059862,1595.5815235195898,3634135,-5.7900390625,0.5845396852431528
2024-02-06,1628.2508544921875,1631.5931715300217,1575.9984476716934,1588.0494991796102,7694265,39.777587890625,0.6312565930368355
2024-02-07,1594.639892578125,1627.8272320398985,1588.143624421415,1627.8272320398985,4613877,-33.6109619140625,0.5917820976774446
2024-02-08,1593.0865478515625,1606.502707436946,1584.330807394356,1598.6413316478238,5919715,-1.5533447265625,0.5899577672891325
2024-02-09,1571.6678466796875,1593.8398627770964,1562.6767345444794,1586.1196173859878,4600004,-21.418701171875,0.5648025092463802
2024-02-12,1581.7886962890625,1593.8867538003944,1572.6092188693096,1572.6092188693096,3555808,10.120849609375,0.5766889715249623
2024-02-13,1585.9783935546875,1590.262080783314,1566.1600909474707,1584.5190460262058,2696481,4.189697265625,0.5816095740858778
2024-02-14,1568.7021484375,1571.761974467885,1539.7986069829612,1563.053238842943,3768579,-17.2762451171875,0.5613194360217009
2024-02-15,1578.2581787109375,1588.9911294855572,1564.3712765276096,1578.8701668773688,4834391,9.5560302734375,0.5725425445315822
2024-02-16,1602.0777587890625,1608.9976496273257,1589.1793470591608,1590.167952147778,4880654,23.819580078125,0.6005175220303127
2024-02-19,1600.2886962890625,1611.3511420495545,1588.943759133963,1605.2314912033248,3690993,-1.7890625,0.5984163521936838
2024-02-20,1586.6373291015625,1595.1106926748687,1571.1028292171682,1586.401957891193,3706389,-13.6513671875,0.5823834629217213
2024-02-21,1558.67529296875,1576.04564252021,1549.0250732340833,1576.04564252021,4300508,-27.9620361328125,0.5495433654444155
2024-02-22,1582.965576171875,1586.0254020244706,1548.1777559110003,1567.5723214065963,5841277,24.290283203125,0.5780711616447045
2024-02-23,1578.728759765625,1599.0648084069708,1574.0684559887509,1597.6997014214785,5373072,-4.23681640625,0.5730952198672947
2024-02-26,1563.006103515625,1576.9400103998594,1548.742584990576,1576.9400103998594,2782438,-15.72265625,0.5546296989231216
2024-02-27,1566.254150390625,1573.315286661556,1556.0861831168934,1563.8063128021718,5159088,3.248046875,0.5584443773492285
2024-02-28,1573.45654296875,1589.0381630824766,1564.7949283890164,1572.2796869156691,3188916,7.202392578125,0.5669032489854715
2024-02-29,1575.951416015625,1583.8127910418666,1556.5568522895687,1567.5721783829442,7814722,2.494873046875,0.5698333601427465
2024-03-01,1557.875,1574.115614336737,1554.391551881323,1571.3382798848747,6387291,-18.076416015625,0.5486034589590894
2024-03-04,1541.3990478515625,1567.0545116352562,1538.0568453792753,1560.8407342180717,4445156,-16.4759521484375,0.5292532273802386
2024-03-05,1512.495361328125,1541.5401450012134,1508.2586796437324,1538.386193843857,4596579,-28.9036865234375,0.49530720576812404
2024-03-06,1522.8988037109375,1525.3466412368125,1483.7800637991031,1509.0119027331225,6420684,10.4034423828125,0.5075255599798254
2024-03-07,1521.8631591796875,1533.16097752347,1510.3299696204092,1522.004404894455,6348359,-1.03564453125,0.5063092441437202
2024-03-11,1506.940673828125,1519.3683431830998,1495.0779873422402,1514.0489306330928,6752895,-14.9224853515625,0.48878348631902746
2024-03-12,1518.56787109375,1529.9128089712128,1504.1632225256892,1506.375688833194,4614222,11.627197265625,0.5024390831352734
2024-03-13,1517.108642578125,1529.4420705773052,1505.0105857809417,1518.5208697901078,5688997,-1.459228515625,0.5007252878141037
2024-03-14,1556.5570068359375,1560.7465686045769,1513.9076955609466,1519.9332218123318,8803799,39.4483642578125,0.5470555379215565
2024-03-15,1538.3863525390625,1549.4959205173257,1523.6520906201538,1545.0708724563003,11809997,-18.170654296875,0.525714958304911
2024-03-18,1508.8707275390625,1537.1152732206572,1505.2930391151203,1534.6203153666463,4958904,-29.515625,0.4910502437076012
2024-03-19,1470.0814208984375,1505.4342217324486,1466.833344252129,1499.173324716635,6870411,-38.789306640625,0.44549402580183806
2024-03-20,1463.9617919921875,1482.7914886121837,1461.5139544170574,1471.540790852675,4759059,-6.11962890625,0.43830680921819454
2024-03-21,1463.7264404296875,1484.6744782005846,1453.087730653012,1472.4822954464405,11062497,-0.2353515625,0.4380303998674153
2024-03-22,1420.559326171875,1439.4361424981196,1410.5324900051585,1431.9983895472185,14673890,-43.1671142578125,0.3873326526322973
2024-03-26,1405.307373046875,1419.2412797585116,1400.8353200453062,1404.6953849138222,8351081,-15.251953125,0.36941995038968267
2024-03-27,1397.0223388671875,1411.285858016063,1394.85699256447,1408.4614033302405,6857402,-8.2850341796875,0.359689567066686
2024-03-28,1410.391357421875,1423.3367734843898,1400.129150066849,1400.129150066849,12499530,13.3690185546875,0.3753908511372208
2024-04-01,1407.943603515625,1440.424833852505,1405.448760373666,1435.7645293838095,6580002,-2.44775390625,0.37251607919644014
2024-04-02,1396.080810546875,1405.7781506375063,1394.1978408148962,1397.9637802788536,7279400,-11.86279296875,0.35858378629772325
2024-04-03,1394.0096435546875,1407.6140544217724,1388.6902308713024,1392.4561704804448,8736248,-2.0711669921875,0.35615129799135836
2024-04-04,1399.7054443359375,1408.1318024819914,1382.0997240670574,1403.3302528566012,11186915,5.69580078125,0.36284074835824587
2024-04-05,1392.55029296875,1399.7055552251502,1389.6788329794124,1393.4447725803975,5072482,-7.1551513671875,0.35443735930434306
2024-04-08,1390.2906494140625,1403.706808694374,1387.8428117589144,1396.2220500141934,6610887,-2.2596435546875,0.3517835141320014
2024-04-09,1407.3785400390625,1425.2197460789992,1400.2703987062528,1402.8123617129154,9423230,17.087890625,0.37185243869604734
2024-04-10,1418.6292724609375,1421.50073200254,1397.6812366968,1412.5566268448183,6744595,11.250732421875,0.38506589524372337
2024-04-12,1397.8697509765625,1418.6295396712196,1392.9269550899642,1415.9933358940898,12275616,-20.759521484375,0.3606848127685063
2024-04-15,1382.240966796875,1404.6482366428452,1375.556447534576,1393.3975389714133,8531224,-15.6287841796875,0.3423295401597841
2024-04-16,1331.68310546875,1370.0016050968616,1330.3651187142991,1366.0944202615754,16173541,-50.557861328125,0.28295170778829215
2024-04-18,1336.202392578125,1360.1631363842591,1325.1399454315383,1337.9441165902024,22107945,4.519287109375,0.2882593981329753
2024-04-19,1328.6705322265625,1343.3576733174316,1298.072273734188,1303.9565542134908,20603621,-7.5318603515625,0.2794135820788104
2024-04-22,1348.912353515625,1352.772418228229,1330.3651488397245,1336.8142967644503,5859087,20.2418212890625,0.30318665000182077
2024-04-23,1357.9976806640625,1362.1872419980823,1349.147700674865,1358.5625485511723,4856174,9.0853271484375,0.3138569398101434
2024-04-24,1347.029541015625,1359.7867075742051,1343.546092803966,1359.7867075742051,4268213,-10.9681396484375,0.3009753751955868
2024-04-25,1354.27880859375,1360.351454707475,1336.9084594402714,1336.9084594402714,9089398,7.249267578125,0.30948929931663227
2024-04-26,1346.55859375,1360.8221110164066,1343.498768244188,1355.455578865194,8062444,-7.72021484375,0.30042226976233666
2024-04-29,1350.79541015625,1355.549954695784,1344.6757585333085,1346.2762368329832,5055957,4.23681640625,0.3053982115397462
2024-04-30,1337.4263916015625,1352.4901496742034,1334.6019369629423,1350.7483107051714,6936588,-13.3690185546875,0.2896969274692114
2024-05-02,1331.68310546875,1340.6743311181829,1329.235268018188,1330.3179985042082,10076354,-5.7432861328125,0.28295170778829215
2024-05-03,1333.425048828125,1341.4276701119534,1321.0915052605797,1338.8855920418562,8842345,1.741943359375,0.2849975384084269
2024-05-06,1342.4632568359375,1361.1045877183944,1334.1781442699464,1336.9084732924218,6445422,9.0382080078125,0.2956124890002554
2024-05-07,1356.632568359375,1358.892155017695,1332.7659500503703,1341.568810540377,6080661,14.1693115234375,0.3122536795561164
2024-05-08,1343.781494140625,1355.5029356143054,1342.1809007941797,1351.266253405405,6234983,-12.85107421875,0.29716069676948
2024-05-09,1355.314453125,1365.1058028380908,1341.474557983215,1344.0166358308118,6088406,11.532958984375,0.31070561515273765
2024-05-10,1341.5218505859375,1351.925189724819,1330.3181573439954,1351.0779452607514,8777481,-13.7926025390625,0.2945068515971385
2024-05-13,1340.156494140625,1341.615841553252,1328.6233053272724,1341.615841553252,3735954,-1.3653564453125,0.2929033046114198
2024-05-14,1341.3333740234375,1349.8538575959403,1335.0725919265954,1342.933967170194,3463230,1.1768798828125,0.2942854947311617
2024-05-15,1336.861328125,1348.0180152167325,1335.5433413149956,1342.5573572737128,4327544,-4.4720458984375,0.2890332869688188
2024-05-16,1368.306884765625,1370.5664712276148,1343.4987837484505,1350.0420570116073,9249145,31.445556640625,0.3259646155888565
2024-05-17,1359.7864990234375,1371.7433096292284,1355.0319549649053,1371.7433096292284,7542860,-8.5203857421875,0.31595782291508057
2024-05-21,1350.2305908203125,1360.1631875478636,1344.8170526513272,1346.3234055041823,6752663,-9.555908203125,0.30473485777104536
2024-05-22,1369.67236328125,1374.5209188745175,1344.4405204283166,1345.146634147029,7173285,19.4417724609375,0.3275683059404211
2024-05-23,1386.2423095703125,1391.6558474322132,1365.153026044568,1369.5779588477037,8641428,16.5699462890625,0.3470289292205686
2024-05-24,1379.369384765625,1389.160849864678,1374.5678351761635,1382.3350849297278,5277938,-6.8729248046875,0.33895700200224743
2024-05-27,1385.2537841796875,1393.0210346021652,1374.8033247785525,1385.7245266295347,5821844,5.8843994140625,0.3458679526009574
2024-05-28,1381.205322265625,1389.6315652574615,1374.8502998635329,1389.1608228573064,6186922,-4.0484619140625,0.34111322432367874
2024-05-29,1366.0474853515625,1379.7461367746178,1365.1531206572472,1379.652011269009,7401634,-15.1578369140625,0.32331105714820674
2024-05-30,1343.922607421875,1365.011892683433,1338.3679383178287,1358.3744929324191,9663150,-22.1248779296875,0.2973264276872709
2024-05-31,1351.076904296875,1379.7424895610318,1344.4506597427835,1353.8618612517012,37113815,7.154296875,0.3057288131802529
2024-06-03,1350.11669921875,1382.8636553906256,1348.29206400586,1382.8636553906256,10589244,-0.960205078125,0.3046010974368767
2024-06-04,1338.3526611328125,1358.8555105856897,1304.4532506211224,1353.09357909204,13736134,-11.7640380859375,0.2907847875074443
2024-06-05,1373.3563232421875,1380.9428896837226,1344.594729280313,1344.594729280313,9233424,35.003662109375,0.331894943802022
2024-06-06,1413.8341064453125,1415.8028134944425,1380.4629159552635,1387.6172681767946,12660930,40.477783203125,0.3794341980874423
2024-06-07,1472.7496337890625,1478.6075738994743,1418.635518485621,1422.2367255895786,24075302,58.91552734375,0.4486277164602055
2024-06-10,1440.242919921875,1469.1006429210506,1437.8901779119085,1464.7791939197848,6810606,-32.5067138671875,0.4104501085422818
2024-06-11,1436.4014892578125,1446.6768867495505,1434.67286293827,1440.530920339611,4853054,-3.8414306640625,0.4059385287395476
2024-06-12,1426.2701416015625,1448.8857708643502,1423.9173996680136,1447.205207418443,9564320,-10.13134765625,0.39403973699822314
2024-06-13,1434.6729736328125,1445.284578391458,1430.2555159747842,1435.6813586014816,7307565,8.40283203125,0.4039084683624552
2024-06-14,1429.8233642578125,1444.0360586769375,1427.0864701658527,1444.0360586769375,4237727,-4.849609375,0.3982128300389296
2024-06-18,1438.7542724609375,1447.2051523581276,1436.0654413858667,1437.6019330325926,5420939,8.930908203125,0.4087017620522648
2024-06-19,1451.382568359375,1455.51199967115,1437.313828223679,1445.2845473689924,5493456,12.6282958984375,0.42353310217024354
2024-06-20,1455.2718505859375,1457.2885031581282,1439.618556511379,1456.1361637531038,7927010,3.8892822265625,0.42810088138454705
2024-06-21,1471.885498046875,1495.94161129154,1463.2425999556383,1483.6975056622882,17301941,16.6136474609375,0.44761282963750504
2024-06-24,1466.5556640625,1468.428244941943,1455.271881344855,1464.0588504809766,5564989,-5.329833984375,0.4413531900764456
2024-06-25,1480.7684326171875,1482.641130817365,1460.0255012602715,1465.4513439015984,4551525,14.2127685546875,0.4580454188734253
2024-06-26,1479.56787109375,1487.394517847717,1474.0940832778324,1479.8560145479737,4851004,-1.2005615234375,0.45663541577959044
2024-06-27,1510.9224853515625,1515.7721579895249,1471.261259972567,1477.4072265440695,14757754,31.3546142578125,0.49345993684447764
2024-06-28,1504.5843505859375,1525.4713521019703,1502.1835458139797,1510.1542645475977,8197544,-6.338134765625,0.4860160953967807
2024-07-01,1527.6802978515625,1536.4192046826302,1497.6221720979563,1497.6221720979563,6801771,23.095947265625,0.5131412001613724
2024-07-02,1556.72998046875,1568.9740856185726,1523.550809426941,1532.86588566981,10493173,29.0496826171875,0.5472586873251115
2024-07-03,1562.8280029296875,1571.086748455425,1542.2770892539197,1560.5232067482063,7269965,6.0980224609375,0.5544205281540413
2024-07-04,1585.155517578125,1594.13450474685,1563.4042010408868,1563.5962185483268,8008311,22.3275146484375,0.5806431449190714
2024-07-05,1582.0823974609375,1599.7523453204356,1568.5418810019864,1585.9236853770542,7065022,-3.0731201171875,0.577033909750053
2024-07-08,1595.718994140625,1599.8963711842514,1574.9280004454815,1577.904975049744,5880533,13.6365966796875,0.5930494517546689
2024-07-09,1591.3975830078125,1600.61665051487,1585.491579421059,1594.0384684368903,5191182,-4.3214111328125,0.5879741574460922
2024-07-10,1582.8507080078125,1607.5789990626895,1572.575309683498,1591.2535253565572,9852770,-8.546875,0.5779362543837692
2024-07-11,1587.1240234375,1598.9360301908912,1576.896688557358,1590.2931327303995,8857679,4.2733154296875,0.5829550625490849
2024-07-12,1643.8310546875,1651.5136300854847,1600.520559326722,1613.340833576749,17078316,56.70703125,0.6495548060389134
2024-07-15,1639.317626953125,1659.4363248574064,1635.092186939841,1657.7076984616265,6942230,-4.513427734375,0.6442539972548307
2024-07-16,1657.5638427734375,1668.9436350815074,1632.5474076652558,1650.4093735037611,6886281,18.2462158203125,0.6656833203300512
2024-07-18,1688.2940673828125,1695.3524103380762,1650.7934479826547,1650.7934479826547,11248896,30.730224609375,0.7017745250934673
2024-07-19,1721.8092041015625,1770.8336868455729,1715.5671113876276,1770.8336868455729,29819116,33.51513671875,0.7411364782638739
2024-07-22,1738.9989013671875,1750.6668359793866,1721.8091157912577,1728.7235038558324,8462126,17.189697265625,0.7613249699433502
2024-07-23,1764.015380859375,1766.9442924167647,1712.494085746934,1738.182697435553,7113056,25.0164794921875,0.7907056495605405
2024-07-24,1761.1824951171875,1769.249223408846,1747.4018977834585,1764.5916851274765,6002845,-2.8328857421875,0.787378558376135
2024-07-25,1752.4434814453125,1758.2534761150766,1740.1033678723722,1747.7859434479678,5815599,-8.739013671875,0.7771149974724603
2024-07-26,1804.3489990234373,1808.2862957121283,1752.923709894062,1752.923709894062,11369047,51.90551757812477,0.8380755887820235
2024-07-29,1796.8583984375,1827.4926924499405,1790.040135957272,1818.4656425678857,4635931,-7.490600585937273,0.8292782303837529
2024-07-30,1802.6683349609373,1805.357166029777,1786.1987904104494,1796.8583403917328,2721265,5.809936523437273,0.8361017278165006
2024-07-31,1794.1214599609375,1810.350924152097,1791.048476651269,1802.524276915124,5004209,-8.546874999999773,0.8260638247541778
2024-08-01,1779.0924072265625,1793.785379837503,1771.889992657827,1782.4535340253058,7475014,-15.029052734375,0.8084129085460665
2024-08-02,1748.9383544921875,1785.7187334567975,1744.0887987976405,1769.8734206834515,7400938,-30.154052734375,0.7729983905750144
2024-08-05,1682.38818359375,1726.1788446068424,1650.361467418729,1714.1267562697674,10736703,-66.5501708984375,0.6948383421058895
2024-08-06,1681.6197509765625,1725.6504891423297,1675.6177387613052,1690.3586573166167,7690163,-0.7684326171875,0.6939358541063274
2024-08-07,1720.5609130859375,1726.5629255103806,1692.183351452448,1724.7382902879888,5094329,38.941162109375,0.7396704191243155
2024-08-08,1673.9852294921875,1709.3250068929765,1658.5720153140558,1709.3250068929765,6227910,-46.57568359375,0.6849694673758115
2024-08-09,1700.4901123046875,1710.0933319139192,1686.325363381071,1700.9702732851492,4258524,26.5048828125,0.7160982067513271
2024-08-12,1726.082763671875,1731.9407043499043,1697.9452825491308,1702.698946723047,4315329,25.5926513671875,0.7461555731608813
2024-08-13,1726.130615234375,1738.1827024097588,1718.0640047615366,1738.1827024097588,4176918,0.0478515625,0.7462117725724506
2024-08-14,1750.9071044921875,1752.5876680094568,1726.130749746865,1730.5002617824882,7450718,24.7764892578125,0.7753105949367196
2024-08-16,1785.1904296875,1787.9753867685558,1756.908995346757,1776.5955951852964,7335657,34.2833251953125,0.8155747493749965
2024-08-19,1790.8084716796875,1793.449357119504,1775.827355039649,1786.1988792940135,2585989,5.6180419921875,0.822172875698084
2024-08-20,1797.914794921875,1810.879141874375,1794.0735069359491,1805.405353385153,3870333,7.1063232421875,0.830518918413651
2024-08-21,1798.394775390625,1804.444850251852,1793.0169961955314,1800.6995713961778,1966902,0.47998046875,0.8310826329194936
2024-08-22,1805.6453857421875,1818.513723597305,1795.51394205871,1809.2465931329775,4300287,7.2506103515625,0.8395981340648433
2024-08-23,1788.2154541015625,1807.9020537953015,1783.3178356718945,1803.67661383031,5015935,-17.429931640625,0.8191274984007539
2024-08-26,1801.7081298828125,1813.8081635443525,1790.0401942272256,1795.8021261828926,3728589,13.49267578125,0.8349740120731246
2024-08-27,1824.7076416015625,1827.2525181137996,1799.5472543971127,1801.7079786991785,3830679,22.99951171875,0.8619858578195028
2024-08-28,1862.160400390625,1873.5882558424064,1822.1150191580127,1831.2380783228011,6514531,37.4527587890625,0.9059723630791656
2024-08-29,1856.638427734375,1873.1079727033768,1844.6824662886909,1856.3023384955795,7228284,-5.52197265625,0.899487065676754
2024-08-30,1866.5777587890625,1872.6278340667684,1851.5007508106305,1861.1039704725115,13466759,9.9393310546875,0.9111603429425723
2024-09-02,1886.552490234375,1897.356112283312,1865.713550595146,1866.241657337013,5573739,19.9747314453125,0.9346197263948852
2024-09-03,1864.22509765625,1888.9533893572925,1859.6155051280512,1888.9533893572925,4694322,-22.327392578125,0.9083972529957012
2024-09-04,1846.1708984375,1850.7324277310104,1824.6597803927025,1844.8744872415468,4778310,-18.05419921875,0.8871934443959866
2024-09-05,1856.4464111328125,1863.0245930805456,1833.8307821972223,1849.8201661965988,4081810,10.2755126953125,0.8992615512012478
2024-09-06,1826.3883056640625,1859.6634851962024,1821.5866958391305,1845.7388167038996,5848106,-30.05810546875,0.8639597187850261
2024-09-09,1819.4739990234373,1844.634387126065,1814.0481565814205,1815.0084785277315,4772612,-6.914306640625227,0.8558391905449647
2024-09-10,1836.4237060546875,1858.2229673598688,1820.7704114285848,1829.317300201853,6909600,16.949707031250227,0.8757458249715202
2024-09-11,1834.35888671875,1849.5799652721264,1829.413205526168,1838.728280994298,5312946,-2.0648193359375,0.8733207916891392
2024-09-12,1873.0599365234373,1878.773922571952,1834.9832642548035,1848.6197893164424,8555092,38.70104980468727,0.91877335608836
2024-09-13,1866.9619140625,1880.886582594913,1858.8472403257117,1873.0599351123683,3843127,-6.098022460937273,0.9116115152594304
2024-09-16,1872.8680419921875,1874.5486055473657,1856.3505499405885,1868.5465928503008,1570181,5.9061279296875,0.9185479849787002
2024-09-17,1875.07666015625,1880.742465848968,1865.089288485256,1870.467067930622,2793127,2.2086181640625,0.9211419032274804
2024-09-18,1817.0732421875,1861.8242226231127,1806.6537722399733,1861.8242226231127,6385468,-58.00341796875,0.8530196144548325
2024-09-19,1819.041748046875,1848.5237015550497,1804.2528841458936,1834.791051102084,7976570,1.968505859375,0.855331532084846
2024-09-20,1830.1336669921875,1839.0166455673825,1793.305341425795,1829.4134254860903,15242974,11.0919189453125,0.8683584696670845
2024-09-23,1821.2025146484373,1842.761812755645,1803.9167195535472,1833.2546020080952,3636672,-8.931152343750227,0.8578692509220569
2024-09-24,1823.2672119140625,1835.0792186672709,1797.1465020357018,1813.087822795001,7277616,2.0646972656252274,0.8602941408385925
2024-09-25,1820.0982666015625,1826.1482246431408,1802.3323102544668,1811.5033146813455,4268341,-3.1689453125,0.85657236348059
2024-09-26,1824.851806640625,1841.8494584619364,1817.88947242242,1822.499064726573,8952803,4.7535400390625,0.8621551728834396
2024-09-27,1831.093994140625,1896.2518191297415,1827.7809300940016,1855.438133669678,14908931,6.2421875,0.8694863287763064
2024-09-30,1801.179931640625,1825.8122145485347,1796.282312853667,1805.40537191387,6986955,-29.9140625,0.8343536680581756
2024-10-01,1828.7891845703125,1833.2066423426224,1800.603757202924,1800.603757202924,4029072,27.6092529296875,0.8667794382410041
2024-10-03,1818.2735595703125,1835.991452228292,1806.3655442331449,1814.528280610594,7503887,-10.515625,0.8544293308169761
2024-10-04,1842.0416259765625,1876.5651542030091,1811.1672509312864,1814.5764408447044,10001483,23.76806640625,0.8823438079287622
2024-10-07,1857.55078125,1864.9452133204368,1840.0249057901144,1846.8911139011775,6112575,15.5091552734375,0.9005585820085611
2024-10-08,1871.2353515625,1880.2622839615103,1830.7096956078076,1861.007899519078,5637391,13.6845703125,0.916630466790592
2024-10-09,1875.2686767578125,1898.5564839074104,1867.922190438456,1875.07665925967,4857163,4.0333251953125,0.9213674177029865
2024-10-10,1842.85791015625,1886.0723999723164,1838.152308930917,1880.214459242611,4782119,-32.4107666015625,0.8833024953398931
2024-10-11,1858.3189697265625,1869.7468243014484,1834.310921135121,1841.8974879353768,4709431,15.4610595703125,0.9014607832764314
2024-10-14,1881.1746826171875,1891.354071794841,1854.477685639696,1855.4860705732613,3751378,22.855712890625,0.9283037440564104
2024-10-15,1881.5589599609373,1912.433218782568,1874.308481899041,1882.2311384768132,5353705,0.3842773437497726,0.9287550597391139
2024-10-16,1843.914306640625,1881.799081066025,1840.313099027572,1877.4295689381304,3111512,-37.64465332031227,0.8845431833697912
2024-10-17,1890.0096435546875,1899.516854492198,1853.5654717255,1858.415027332384,8162822,46.0953369140625,0.9386799905149155
2024-10-18,1805.0211181640625,1859.9995499352583,1795.0818094027522,1818.657760223304,10526196,-84.988525390625,0.838864961129218
2024-10-21,1779.236572265625,1823.459446927408,1765.0718228709857,1816.064897246326,4654601,-25.7845458984375,0.8085822236100038
2024-10-22,1778.132080078125,1803.2925852339904,1773.666559613223,1784.470181434696,4125240,-1.1044921875,0.8072850494368446
2024-10-23,1799.0672607421875,1811.167294513619,1770.8337704576425,1772.0341729593083,4311910,20.9351806640625,0.8318724353642253
2024-10-24,1789.4158935546875,1809.2465653946333,1786.198838446931,1787.5433126309072,2906475,-9.6513671875,0.820537358128743
2024-10-25,1788.1676025390625,1801.9001366151977,1773.1385399992107,1789.5119595392343,4689120,-1.248291015625,0.8190712989891846
2024-10-28,1791.336669921875,1807.2300463621357,1783.3180044404317,1785.9108270230458,7018940,3.1690673828125,0.822793219713033
2024-10-29,1786.4317626953125,1798.378144066303,1776.4277753656768,1792.9391324904534,4621252,-4.9049072265625,0.8170326366613421
2024-10-30,1750.301025390625,1786.1404080241402,1744.7163014394891,1779.3416136488445,5919715,-36.1307373046875,0.7745987835121246
2024-10-31,1706.740234375,1736.5092654474463,1696.2992285309076,1736.5092654474463,7395236,-43.560791015625,0.7234386814241733
2024-11-01,1710.236572265625,1715.2385657478123,1701.6895882617994,1713.7816813488191,371966,3.496337890625,0.7275449659807185
2024-11-04,1712.9561767578125,1716.2098616116575,1668.618303479812,1674.9314693544443,7336722,2.7196044921875,0.7307390136601843
2024-11-05,1703.7777099609375,1717.6181118779048,1694.842199656711,1709.4110437798347,3160880,-9.178466796875,0.719959335711486
2024-11-06,1771.2801513671875,1774.679548579323,1711.985022561022,1713.296194916247,10421494,67.50244140625,0.7992377811440079
2024-11-07,1751.2237548828125,1773.22261567757,1735.6350435250165,1760.8390975998177,4550965,-20.056396484375,0.7756824859408282
2024-11-08,1777.3504638671875,1787.694367437014,1761.0334287500186,1765.7439982122546,4210960,26.126708984375,0.8063670779259322
2024-11-11,1806.6337890625,1814.306737413767,1770.163186757311,1776.427742360696,3804234,29.2833251953125,0.8407589673186084
2024-11-12,1815.083740234375,1826.9330191433785,1807.507894006288,1817.317558488208,5012450,8.449951171875,0.8506830378993349
2024-11-13,1814.6953125,1819.3572716489664,1802.943134866599,1807.605094015565,4257495,-0.388427734375,0.8502268477778725
2024-11-14,1810.9559326171875,1822.0767695268305,1802.6516440521305,1811.975680567675,4311431,-3.7393798828125,0.84583512182226
2024-11-18,1759.3822021484375,1796.047127993138,1743.4050832115963,1796.047127993138,4839244,-51.57373046875,0.7852641988816891
2024-11-19,1772.2999267578125,1806.24528689049,1768.2206977377823,1773.0283689800722,4669769,12.917724609375,0.8004354594201537
2024-11-21,1781.3326416015625,1813.335488851637,1768.26917339711,1789.0540816629436,5436504,9.03271484375,0.8110439585489195
2024-11-22,1847.572265625,1859.0331371970144,1781.2840242640295,1800.80625185363,6301486,66.2396240234375,0.8888392843062283
2024-11-25,1835.383056640625,1864.1323391283015,1827.904430253904,1860.927145784527,12764638,-12.189208984375,0.8745236311357356
2024-11-26,1868.8427734375,1882.8773790978912,1842.7645663309447,1850.194581938472,6850495,33.459716796875,0.9138204962121308
2024-11-27,1869.1827392578125,1885.5969943515,1856.7992214996743,1874.621750796134,4447143,0.3399658203125,0.914219770092795
2024-11-28,1803.282958984375,1859.8586361338637,1798.4266776839895,1859.8586361338637,8468790,-65.8997802734375,0.8368235748503046
2024-11-29,1804.448486328125,1823.0480681141644,1791.9678666332622,1797.8925063282472,5244346,1.16552734375,0.8381924319463834
2024-12-02,1825.7677001953125,1828.6814691911163,1782.4495729417774,1805.5655210664468,2868263,21.3192138671875,0.8632308468247762
2024-12-03,1837.7139892578125,1845.144123534693,1817.3662175546283,1832.760605927078,4715792,11.9462890625,0.8772612019620474
2024-12-04,1834.9459228515625,1858.935905488834,1821.1055208927776,1829.8468273930628,4705573,-2.76806640625,0.8740102380417829
2024-12-05,1879.2352294921875,1893.8526842407528,1834.654541582606,1845.386971128795,9050038,44.289306640625,0.9260259474977066
2024-12-06,1867.1431884765625,1882.2461532385448,1857.4306251975145,1877.2442779990852,3573331,-12.092041015625,0.9118244135405025
2024-12-09,1868.357177734375,1874.7188352688952,1842.6673778401905,1868.8912975545848,4274645,1.2139892578125,0.9132501868773799
2024-12-10,1892.54150390625,1909.101352624084,1876.4671647750904,1883.2659588503625,6174921,24.184326171875,0.9416535415234799
2024-12-11,1917.4056396484373,1921.1449526741412,1895.8922889888397,1898.806057875605,5025612,24.864135742187273,0.970855300565062
2024-12-12,1929.88623046875,1941.347102009896,1913.9091120699152,1918.425358927604,6462130,12.480590820312727,0.9855131680095743
2024-12-13,1942.22119140625,1948.777171484316,1897.6406217246504,1913.132112410419,5362693,12.3349609375,1.0
2024-12-16,1923.1361083984373,1942.1240981650324,1920.756459296608,1938.0933607570853,3119221,-19.085083007812727,0.977585466832168
2024-12-17,1919.7852783203125,1925.0300863243267,1901.7199339167669,1911.432497419917,5811050,-3.3508300781247726,0.9736500743638641
2024-12-18,1922.261962890625,1927.8951783904936,1905.216367108079,1910.266971091808,3064095,2.4766845703125,0.9765588240101089
2024-12-19,1890.259033203125,1903.4196039771011,1864.8121646312209,1878.4097533316565,5323592,-32.0029296875,0.9389728869379663
2024-12-20,1866.9002685546875,1923.038809987995,1856.3135514684036,1918.3768510152893,11056720,-23.3587646484375,0.9115391155072814
2024-12-23,1868.988525390625,1884.2372017118132,1854.1282567360065,1874.5732490554924,2781793,2.0882568359375,0.9139916750320638
2024-12-24,1854.1768798828125,1886.1797274213889,1787.111585198432,1871.6594932162752,2360544,-14.8116455078125,0.8965960933953934
2024-12-26,1852.5743408203125,1864.5693327398988,1847.6209572676305,1854.1769374713,3623321,-1.6025390625,0.8947139865712077
2024-12-27,1861.655517578125,1868.8428379280156,1849.1748978049127,1854.5168074679775,3937500,9.0811767578125,0.9053794019407722
2024-12-30,1851.2144775390625,1860.927040380296,1832.2749799986575,1860.635616070436,7789055,-10.4410400390625,0.8931168910485519
2024-12-31,1825.9617919921875,1842.473148621904,1792.0164326986576,1837.9082915665465,3613063,-25.252685546875,0.8634587985196616
2025-01-01,1828.3900146484373,1838.5395957247829,1820.134335963438,1820.134335963438,1838368,2.4282226562497726,0.8663106319251077
2025-01-02,1901.57421875,1906.2362966487788,1831.109641782825,1832.7607301511275,7083645,73.18420410156273,0.9522620406522457
2025-01-03,1883.023193359375,1896.8149857004253,1866.7546499738075,1896.8149857004253,6218003,-18.551025390625,0.9304747330599632
2025-01-06,1882.1490478515625,1916.288731426852,1872.5821967516329,1895.8923485784164,7164403,-0.8741455078125,0.9294480902379041
2025-01-07,1875.3502197265625,1902.254090611412,1868.357221729347,1889.093520205408,4294832,-6.798828125,0.9214631860880078
2025-01-08,1877.5841064453125,1882.8774057609292,1834.460303784991,1874.5246254427705,5482050,2.23388671875,0.9240867810668769
2025-01-09,1862.1898193359373,1895.74665458795,1855.6338390718156,1878.4583629543145,6833503,-15.394287109375227,0.9060069142480129
2025-01-10,1910.4124755859373,1920.950700979764,1876.709930393327,1881.3233976824297,8036913,48.22265625,0.9626421579885882
2025-01-13,1905.799072265625,1925.8070469770787,1892.9785364775744,1899.777330605508,5804152,-4.613403320312273,0.9572239325767629
2025-01-14,1884.285888671875,1915.12327712042,1875.5930733895989,1912.2579998126723,5792162,-21.51318359375,0.9319577093693305
2025-01-15,1893.60986328125,1901.7684398888916,1881.420549328485,1891.036010381721,2985439,9.323974609375,0.9429082794062702
2025-01-16,1873.0191650390625,1910.41253260361,1861.7526156669912,1909.4412763032324,7533579,-20.5906982421875,0.9187254718958497
2025-01-17,1763.2672119140625,1804.5942151264317,1759.9164250856263,1797.795420989787,16409953,-109.751953125,0.7898269602913883
2025-01-20,1761.17919921875,1775.4080099966866,1741.60835991682,1770.5517282126625,4333011,-2.0880126953125,0.7873746874982976
2025-01-21,1748.941162109375,1779.0016155615642,1741.5111463055791,1766.7638099629812,7169109,-12.238037109375,0.7730016879894688
2025-01-22,1803.0887451171875,1812.1700865447272,1753.2633671133483,1755.448693830049,8373913,54.1475830078125,0.8365954797895734
2025-01-23,1811.8299560546875,1825.5247642701756,1799.446438649042,1804.5941442893445,5907471,8.7412109375,0.8468616212784736
2025-01-24,1821.5426025390625,1840.4336089404928,1810.6645792715367,1811.8786496612856,4887027,9.712646484375,0.8582686681685674
2025-01-27,1769.6290283203125,1809.450537739156,1759.9164650474238,1795.6101350752897,7652371,-51.91357421875,0.7972986147131778
2025-01-28,1777.15625,1809.9361507719636,1772.4456805643415,1777.3990640797924,6999495,7.5272216796875,0.8061389828652006
2025-01-29,1827.1759033203125,1834.36322360914,1787.5972093347696,1791.9678626583263,5145155,50.0196533203125,0.8648847152223849
2025-01-30,1806.488037109375,1832.954770249272,1790.9965471548646,1819.3086909049005,7336056,-20.6878662109375,0.8405877884986759
2025-01-31,1825.7677001953125,1842.910279604707,1817.2205970496625,1817.2205970496625,5820470,19.2796630859375,0.8632308468247762
2025-02-01,1798.1353759765625,1836.2571867836969,1792.9391783431893,1826.2533177597816,1701402,-27.63232421875,0.8307779804970838
2025-02-03,1809.741943359375,1822.6110895629577,1779.7300994439906,1783.2265984737835,4823228,11.6065673828125,0.844409348485383
2025-02-04,1844.2215576171875,1856.2650411997824,1821.1056096540208,1834.703198206104,7334787,34.4796142578125,0.8849040352037703
2025-02-05,1842.521728515625,1864.5205878724964,1839.850773810688,1851.214424585252,4996744,-1.6998291015625,0.8829076658004502
2025-02-06,1860.587158203125,1868.6971246106148,1845.3869733680704,1861.898330498206,4765255,18.0654296875,0.9041246640579819
2025-02-07,1848.9320068359373,1868.40562375176,1835.140096778848,1864.13219104828,4126260,-11.655151367187727,0.8904362364630383
2025-02-10,1826.2532958984373,1850.2432794461592,1824.602089026561,1850.2432794461592,3828734,-22.6787109375,0.8638011561595267
2025-02-11,1821.7369384765625,1848.3007750893653,1816.249316561804,1828.9727506286144,4411601,-4.516357421874773,0.8584969065951444
2025-02-12,1809.5963134765625,1840.142278618334,1793.9104995274497,1830.8182412610952,5633947,-12.140625,0.8442383130312958
2025-02-13,1790.268310546875,1819.648815846776,1782.8867858202054,1814.792533979024,5237744,-19.3280029296875,0.8215384818302427
2025-02-14,1803.040283203125,1805.856950285683,1775.7964955938853,1800.7092442878504,5292961,12.77197265625,0.8365385635487748
2025-02-17,1789.345458984375,1799.4950394980904,1769.77462159192,1785.703248001718,4428956,-13.69482421875,0.8204546360356932
2025-02-18,1798.7181396484375,1808.139397326379,1784.780634818134,1789.3456107739096,4365260,9.3726806640625,0.8314624090451233
2025-02-19,1758.7509765625,1796.0471240806544,1753.9917969230971,1794.2989338566194,4611411,-39.9671630859375,0.784522854092851
2025-02-20,1772.6884765625,1778.3703022593725,1753.65187661327,1753.65187661327,2218020,13.9375,0.8008917929074624
2025-02-21,1762.8302001953125,1777.2533326664163,1754.2830972545896,1769.4347905187403,3379879,-9.8582763671875,0.7893137105632815
2025-02-24,1713.3931884765625,1756.0313630959042,1699.9413126430345,1748.309923055587,7594720,-49.43701171875,0.7312522633882912
2025-02-25,1716.8897705078125,1727.330776075937,1694.9880113599872,1694.9880113599872,5092963,3.49658203125,0.7353588346765281
2025-02-27,1713.5875244140625,1724.805463456364,1700.7668702151418,1704.748997302386,5757079,-3.30224609375,0.7314805018148682
2025-02-28,1639.189208984375,1704.6519072727174,1634.0901134127998,1704.603415594686,12182167,-74.3983154296875,0.6441031763850071
2025-03-03,1659.488525390625,1678.9136517994152,1643.6571185043986,1643.6571185043986,7504969,20.29931640625,0.6679437696214081
2025-03-04,1639.7720947265625,1650.1644899401715,1621.9980566215932,1646.2794646548505,6759673,-19.7164306640625,0.6447877482988924
2025-03-05,1662.30517578125,1683.1385762213686,1643.8026956375877,1643.8026956375877,8180782,22.5330810546875,0.6712517931483168
2025-03-06,1666.5301513671875,1672.794825837321,1642.4915571816716,1665.7046071983816,10610547,4.2249755859375,0.6762138284386798
2025-03-07,1637.5380859375,1655.9919552333556,1627.339895010843,1654.1465445914585,8019331,-28.9920654296875,0.6421640099541774
2025-03-10,1652.5439453125,1669.5895404009018,1628.0197243147556,1637.5380832553346,7558981,15.005859375,0.6597876866515788
2025-03-11,1613.83935546875,1631.7104941166235,1589.9950857541564,1631.7104941166235,12671234,-38.70458984375,0.6143309646428283
2025-03-12,1545.123046875,1589.84944650162,1518.850635339536,1589.84944650162,14870008,-68.71630859375,0.533626889239275
2025-03-13,1534.439208984375,1559.886194636392,1525.163782654934,1553.281604513198,7822888,-10.683837890625,0.5210792236796793
2025-03-17,1544.34619140625,1548.1826065260266,1500.736758011993,1500.736758011993,7526032,9.906982421875,0.5327145089963501
2025-03-18,1544.34619140625,1544.34619140625,1544.34619140625,1544.34619140625,0,0.0,0.5327145089963501
2025-03-19,1540.94677734375,1556.9238965430377,1527.5920028100838,1556.9238965430377,7387068,-3.3994140625,0.528722056921402
2025-03-20,1569.11328125,1584.9932992405395,1546.240146235024,1546.240146235024,7186750,28.16650390625,0.5618022921904895
2025-03-21,1546.7742919921875,1557.7980274559395,1518.7049607743006,1532.59385494289,10074677,-22.3389892578125,0.5355661990359506
2025-03-24,1546.968505859375,1560.9060103586978,1527.4947691913153,1552.0189913058653,8857726,0.1942138671875,0.5357942940966818
2025-03-25,1581.6422119140625,1589.1209562659596,1558.8663000022038,1558.8663000022038,9890140,34.6737060546875,0.5765169325099546
2025-03-26,1553.4759521484375,1590.6751185099797,1549.153908730525,1579.2628561729366,6651302,-28.166259765625,0.5434369839725586
2025-03-27,1557.4581298828125,1573.3866387891755,1540.4125339270274,1549.688079270318,9426573,3.982177734375,0.5481138645955463
2025-03-28,1525.5037841796875,1552.504639118573,1515.1598805138667,1544.2975705237486,6799047,-31.954345703125,0.5105849871300481
2025-04-01,1482.6226806640625,1502.92196020728,1474.2212903040318,1495.0061979771754,12680733,-42.881103515625,0.46022314607173276
2025-04-02,1505.593017578125,1510.9349273715395,1491.0726643663595,1491.0726643663595,6193478,22.9703369140625,0.4872007273809553
2025-04-03,1453.4849853515625,1490.538435185599,1442.3641486583924,1490.538435185599,10459504,-52.1080322265625,0.4260022921331432
2025-04-04,1409.9241943359375,1429.689235806136,1406.3790852223406,1418.5197886514006,9590254,-43.560791015625,0.3748421900451917
2025-04-07,1356.602294921875,1365.489314158466,1269.4320382766357,1313.1385736419368,21715252,-53.3218994140625,0.31221812482634803
2025-04-08,1387.7310791015625,1414.634831773138,1374.327694444895,1389.8677955834949,12805001,31.1287841796875,0.34877741907643145
2025-04-09,1363.3524169921875,1368.9371407012395,1342.179100849586,1364.663707842691,8546854,-24.378662109375,0.3201458260037544
2025-04-11,1368.937255859375,1397.4437254302495,1356.893771609889,1370.6855647660782,12567440,5.5848388671875,0.3267049568167735
2025-04-15,1385.011474609375,1406.087688754894,1368.5001176189407,1404.0480742507405,10178530,16.07421875,0.3455833713969654
2025-04-16,1372.4822998046875,1386.4684147056246,1356.6508927211694,1384.0402738742662,12022740,-12.5291748046875,0.33086844434580875
2025-04-17,1378.6982421875,1388.7022289531085,1338.6825322481727,1357.8162328834976,14264227,6.2159423828125,0.33816877658181976
2025-04-21,1409.29296875,1429.4951483248678,1369.4714582615436,1369.4714582615436,15648970,30.5947265625,0.3741008452563539
2025-04-22,1381.903564453125,1398.6091260339042,1378.5041672717928,1398.6091260339042,9399738,-27.389404296875,0.3419332769618828
2025-04-23,1432.505859375,1445.0350886470426,1398.2204665039803,1404.4365301839098,11136642,50.602294921875,0.4013632945012602
2025-04-24,1429.1065673828125,1440.2760150192205,1419.4911061400271,1427.6496829084983,7114292,-3.3992919921875,0.3973709857921579
2025-04-25,1437.653564453125,1458.535575435,1421.4336312546193,1433.08870715148,8329979,8.5469970703125,0.407409032220327
2025-04-28,1439.4989013671875,1446.7833234291916,1423.1818670852326,1437.6534907325015,5886253,1.8453369140625,0.40957629371188786
2025-04-29,1454.4564208984375,1466.4029217301106,1431.7289980215005,1439.4019470928108,8056743,14.95751953125,0.4271431975343367
2025-04-30,1456.9815673828125,1465.431568419441,1439.984581952398,1453.7764926957282,7704183,2.525146484375,0.4301088634213799
2025-05-02,1463.586181640625,1479.417588620504,1453.1936678135066,1456.5930649551544,7402310,6.6046142578125,0.4378656725105452
2025-05-05,1465.2373046875,1479.2234198282615,1459.6040889990925,1471.453369034679,4282493,1.651123046875,0.4398048389413751
2025-05-06,1468.0538330078125,1472.0359599506996,1456.0102317041706,1462.7119235923028,4270530,2.8165283203125,0.443112719102438
2025-05-07,1464.9459228515625,1475.1441139885928,1453.5821530190783,1456.8844481471906,5691799,-3.10791015625,0.4394626246673554
2025-05-08,1467.9569091796875,1472.9102929808605,1458.0500230157727,1464.654613791716,8424409,3.010986328125,0.4429988866208412
2025-05-09,1464.2659912109375,1467.9568126185206,1451.1540310083217,1457.5642989506216,4478653,-3.69091796875,0.43866407690602727
2025-05-12,1580.136962890625,1585.0903465111594,1487.96471253376,1492.8209942326298,11372857,115.8709716796875,0.5747490882649033
2025-05-13,1523.5125732421875,1565.859323230766,1519.627548132014,1562.7513505672505,12846210,-56.6243896484375,0.5082464034527083
2025-05-14,1546.6285400390625,1549.1537826809642,1524.3867472838704,1528.75740058924,4870057,23.115966796875,0.5353950202160178
2025-05-15,1566.6363525390625,1572.0753639006623,1525.8435894847285,1544.103254657481,11151167,20.0078125,0.5588932558125532
2025-05-16,1544.200439453125,1566.2479103864578,1536.0418626920532,1566.2479103864578,4576751,-22.4359130859375,0.5325433301764173
2025-05-19,1514.965576171875,1539.4411867318856,1510.9833306187809,1531.185508443418,8855798,-29.23486328125,0.49820835702453925
2025-05-20,1515.7425537109375,1537.9843466293191,1513.2173110505078,1524.8723866170074,7143998,0.7769775390625,0.49912088063331006
2025-05-21,1523.41552734375,1525.843668126893,1507.4869000940212,1522.832797268108,4157309,7.6729736328125,0.5081324276052657
2025-05-22,1503.01904296875,1515.936798484799,1495.7346211126817,1510.789092948556,6158990,-20.396484375,0.48417771515557617
2025-05-23,1519.8218994140625,1541.5779455953386,1505.447258808557,1505.447258808557,5038421,16.8028564453125,0.5039118804695861
2025-05-26,1535.070556640625,1538.275749801986,1517.782147363295,1521.5700705826605,3170102,15.2486572265625,0.5218207118343632
2025-05-27,1524.9696044921875,1537.401733466409,1511.6634396332652,1534.487964353223,7775714,-10.1009521484375,0.5099576181886527
2025-05-28,1526.6207275390625,1542.063608140773,1524.8724187426308,1535.556238237006,3623370,1.651123046875,0.5118967846194826
2025-05-29,1540.0240478515625,1562.6543682753302,1531.2827406845122,1543.3263431603168,8609500,13.4033203125,0.5276383544926986
2025-05-30,1539.1375732421875,1548.297396005105,1531.652190030095,1547.3124739974685,13148092,-0.886474609375,0.5265972317202094
2025-06-02,1530.371826171875,1536.4782943781508,1515.7949327230604,1536.4782943781508,4374509,-8.7657470703125,0.5163022736962954
2025-06-03,1519.734619140625,1543.6682714095227,1512.4461724234918,1535.4933708621093,6853403,-10.63720703125,0.5038093738898106
2025-06-04,1527.8109130859375,1533.8190332918905,1518.158749909477,1519.7346010168856,4548307,8.0762939453125,0.5132946016164213
2025-06-05,1530.8642578125,1544.0621159555858,1518.3556767230737,1524.5607331925255,6948539,3.0533447265625,0.5168806115184135
2025-06-06,1540.2210693359375,1545.2441474823067,1519.8331118292815,1531.2581829658582,3960020,9.3568115234375,0.5278697469678839
2025-06-09,1549.183837890625,1564.0561360451063,1547.3124620446238,1554.2069160448225,2903202,8.9627685546875,0.5383960974669835
2025-06-10,1571.935546875,1583.2621501262925,1553.7144894707471,1560.116482612782,8591925,22.751708984375,0.565116910546307
2025-06-11,1606.5062255859375,1609.9534525332194,1566.1244242034918,1566.1244242034918,10597410,34.5706787109375,0.6057185481856908
2025-06-12,1584.345458984375,1603.452969273507,1574.0037782857437,1592.6188275892266,10483574,-22.1607666015625,0.5796917691660781
2025-06-13,1577.844970703125,1584.7394243828517,1546.5244044661897,1552.2369998927122,6968315,-6.50048828125,0.5720572511434143
2025-06-16,1599.31640625,1610.15054834862,1573.01891647278,1575.875214344727,5591842,21.471435546875,0.5972744432315693
2025-06-17,1615.173583984375,1622.5604988569514,1591.2399317053334,1596.2630097727383,7622083,15.857177734375,0.6158979533378579
2025-06-18,1608.2791748046875,1619.9011823893957,1596.558578835151,1596.558578835151,5629707,-6.8944091796875,0.6078007937306689
2025-06-19,1593.997802734375,1605.4228739879738,1587.2018168292147,1599.4148737815738,5147760,-14.2813720703125,0.5910279933283269
2025-06-20,1598.429931640625,1606.1122510729597,1584.6410236941556,1594.58871180959,9202821,4.43212890625,0.5962333204590804
2025-06-23,1560.116455078125,1576.8601291540897,1551.6461498856431,1576.8601291540897,7943676,-38.3134765625,0.5512359426204008
2025-06-24,1557.7525634765625,1584.739449496533,1552.827953627288,1576.860073737694,8083992,-2.3638916015625,0.5484596630157119
2025-06-25,1590.550537109375,1595.4751470327865,1561.199813873949,1566.025955644839,7813533,32.7979736328125,0.5869793418418094
2025-06-26,1591.6339111328125,1599.5132869304996,1582.3756205245834,1584.5425210067874,6519233,1.0833740234375,0.5882517137236383
2025-06-27,1583.7545166015625,1605.0288069577266,1578.238977654369,1594.5886581952298,8912268,-7.87939453125,0.5789977351063673
2025-06-30,1577.6480712890625,1590.648993297183,1570.064099926214,1590.648993297183,6294505,-6.1064453125,0.5718260020340746
