Date,Close,High,Low,Open,Volume,Close_diff,Close_scaled
2021-01-01,164.06785583496094,164.33637976835078,160.57705685844886,161.03737839102183,20279389,,0.029426089860796367
2021-01-04,163.72256469726562,165.7173028499006,162.72519562094814,164.18288608074636,27927482,-0.3452911376953125,0.028353743719650326
2021-01-05,162.2265167236328,163.60749313139175,161.57438559842646,162.99373124241117,18718244,-1.4960479736328125,0.02370757387526151
2021-01-06,157.5849151611328,162.2648926599277,156.8944268770082,162.22653557679692,50957586,-4.6416015625,0.00929248185318704
2021-01-07,155.5901336669922,159.27274117232378,155.05308597928436,158.1219316458365,36298522,-1.994781494140625,0.003097430766880349
2021-01-08,154.5927734375,158.04521437187233,153.63376139142144,156.7793213888612,58600546,-0.9973602294921875,0.0
2021-01-11,155.36000061035156,158.12195358314642,154.4009884860448,156.5108102964983,44625924,0.7672271728515625,0.002382722891995648
2021-01-12,158.39048767089844,158.73572573596817,154.66952233401875,155.74360577011117,36989137,3.030487060546875,0.011794291132239065
2021-01-13,162.07308959960938,163.41570903927234,157.46982642292312,159.15768391418302,66387977,3.6826019287109375,0.023231086162626202
2021-01-14,164.2979736328125,166.10091429411003,162.34159250646331,162.6484734365667,50164605,2.224884033203125,0.030140750347544654
2021-01-15,167.1366729736328,167.63536366391435,162.0347312988473,164.87339848414769,60567280,2.8386993408203125,0.0389566970999598
2021-01-18,168.5943603515625,170.3205747534394,164.64322874568606,167.5586219843944,70211602,1.4576873779296875,0.0434837331691556
2021-01-19,167.90386962890625,170.0904177226964,166.86814335990485,169.5533821268588,33009228,-0.69049072265625,0.04133932521568234
2021-01-20,166.9832305908203,168.01895688359423,165.48717069454383,167.63536175741334,46392916,-0.9206390380859375,0.03848016199918797
2021-01-21,163.95274353027344,168.40255370396167,162.80192175057454,168.01894644406204,30116008,-3.030487060546875,0.029068593758944494
2021-01-22,161.651123046875,164.75831409956072,160.4619441081309,164.1829092496229,25663922,-2.3016204833984375,0.02192061463550371
2021-01-25,159.4261932373047,163.03208685405244,158.69734796131056,162.64847959811513,25929487,-2.2249298095703125,0.015010808286175847
2021-01-27,161.61277770996094,163.1472070801365,158.88919354027652,159.57968189383342,50338134,2.18658447265625,0.021801528248447333
2021-01-28,158.50555419921875,161.88126895399546,157.85342306429948,160.53866176246535,22984352,-3.1072235107421875,0.012151645069681416
2021-01-29,155.93539428710938,160.1934068415167,155.24490609335555,160.00160929341104,24679902,-2.570159912109375,0.004169682131753449
2021-02-01,165.67897033691406,167.21338733355498,154.82295580055427,156.5108132811039,59968324,9.743576049804688,0.03442961364262748
2021-02-02,167.40518188476562,171.4713968912657,166.4845269071981,168.78615827234066,50324035,1.7262115478515625,0.03979058613817393
2021-02-03,166.29273986816406,170.320585893544,165.48716823157744,169.93697861551894,55709225,-1.1124420166015625,0.03633575404571482
2021-02-04,176.41990661621094,177.53235919849692,165.71732083161012,165.79404714929157,109894300,10.127166748046875,0.06778697592038191
2021-02-05,179.79562377929688,183.24807712631284,174.34844419483497,178.10776634390473,130323308,3.3757171630859375,0.07827070074922543
2021-02-08,178.83660888671875,182.6343002149621,177.6090850673423,182.2123358626632,43093963,-0.959014892578125,0.07529235636940151
2021-02-09,175.69107055664062,183.5166209813122,175.07730857061793,179.9874530890179,73377134,-3.145538330078125,0.06552348157985227
2021-02-10,174.57858276367188,177.3021783839392,171.1644989690799,175.6910352579976,49104142,-1.11248779296875,0.06206850732298358
2021-02-11,173.73468017578125,175.9212284152818,172.2386202141465,175.69106160347522,45311749,-0.843902587890625,0.059447659045011536
2021-02-12,166.8297882080078,173.1976228467406,165.5638829703527,173.1976228467406,114826417,-6.9048919677734375,0.03800362689841613
2021-02-15,167.7120819091797,169.55339207384236,166.86815314935674,167.59699850419403,33000365,0.882293701171875,0.04074370372785413
2021-02-16,167.44354248046875,170.16713823472256,166.67634011433913,168.0573165309252,30271502,-0.2685394287109375,0.03990971991336695
2021-02-17,167.05995178222656,167.55864248781938,166.13930885159144,166.94486837650868,20615018,-0.3835906982421875,0.038718429549573885
2021-02-18,167.90386962890625,169.24648901238322,167.17502431682723,167.4051911132956,24997592,0.8439178466796875,0.04133932521568234
2021-02-19,165.67897033691406,167.94224482906344,164.18291042186195,167.90387558992106,29208388,-2.2248992919921875,0.03442961364262748
2021-02-22,162.76449584960938,166.65575313651098,161.93907688226142,166.65575313651098,53531490,-2.9144744873046875,0.02537833740429024
2021-02-23,163.90435791015625,165.51589375199904,162.72519506555793,163.51131193334746,27703323,1.139862060546875,0.02891832597806271
2021-02-24,164.17950439453125,164.92631918710865,162.33214338120965,164.3760398481933,13667471,0.275146484375,0.02977282885565996
2021-02-25,164.41531372070312,166.02684935279893,164.14017409849578,164.6904533429105,26953713,0.235809326171875,0.030505165117327315
2021-02-26,160.24896240234375,163.51133668616052,159.58076420927748,162.92174271752094,45101885,-4.166351318359375,0.01756602399507773
2021-03-01,162.64657592773438,163.31477400950678,160.40615659132777,161.50671520669744,16850430,2.397613525390625,0.025012121885319927
2021-03-02,165.00491333007812,165.71241351448143,162.332133471545,162.72519189778814,26590262,2.35833740234375,0.03233624271217855
2021-03-03,165.04421997070312,166.6557432467369,164.14018438802822,166.6557432467369,21648963,0.039306640625,0.03245831455183529
2021-03-04,164.8477020263672,166.10548158915327,163.19686401450676,164.1402018008679,25858155,-0.1965179443359375,0.03184800274168803
2021-03-05,163.9436798095703,165.08354059891087,162.8824232362745,163.51131925006482,17990773,-0.904022216796875,0.02904044520585597
2021-03-08,163.5113067626953,165.71241150014663,163.27546921839905,164.84769044717444,23874105,-0.432373046875,0.02769765496963178
2021-03-09,163.35411071777344,164.8870301914521,160.95646999373008,164.06161105507988,23463213,-0.157196044921875,0.027209462387277894
2021-03-10,162.3321533203125,164.454654133046,161.78187394770524,164.37604991243768,20358192,-1.0219573974609375,0.024035641944339103
2021-03-12,161.31021118164062,163.51132867109882,159.97381486101608,163.51132867109882,31973696,-1.021942138671875,0.020861868889536728
2021-03-15,161.50672912597656,161.93908969683633,158.48020512995814,161.82118336967292,42699297,0.1965179443359375,0.021472180699683985
2021-03-16,163.39340209960938,164.21882111883585,161.11366804108957,162.2535412988928,50641203,1.8866729736328125,0.027331486838798102
2021-03-17,165.55520629882812,168.14938216046383,163.9436828124423,166.8129858923604,81604999,2.16180419921875,0.034045248467372946
2021-03-18,171.09730529785156,172.23716613060742,166.5771516192604,167.44188522829413,95536034,5.5420989990234375,0.051256951365745096
2021-03-19,175.263671875,177.77923084932226,169.44644953255835,172.15853149105843,139352860,4.1663665771484375,0.06419613987613121
2021-03-22,177.66136169433594,177.9758035176263,174.12384758251017,175.53884824440513,47823778,2.3976898193359375,0.07164247470705604
2021-03-23,174.67410278320312,179.31216263347702,173.96660255035073,176.87522015522686,43165463,-2.9872589111328125,0.06236515705755313
2021-03-24,169.76089477539062,175.1457691546135,169.21061545989215,173.73076875964196,28672557,-4.9132080078125,0.04710655620555232
2021-03-25,166.34132385253906,169.76090629627717,164.336741899802,169.13202272564862,42248040,-3.4195709228515625,0.03648663787237122
2021-03-26,165.79104614257812,168.5817450433417,165.35868556921488,168.4245241491266,27083832,-0.5502777099609375,0.03477767950531335
2021-03-30,168.66036987304688,169.01412627107683,165.39800789096105,167.63842770721882,28862387,2.86932373046875,0.043688734247709526
2021-03-31,171.76551818847656,172.39440182311318,167.20606200900866,168.26731871381807,37890481,3.1051483154296875,0.05333217263990969
2021-04-01,172.98394775390625,173.416308278034,170.8221451332674,172.94464564909975,30182056,1.2184295654296875,0.05711616272858616
2021-04-05,167.08811950683594,172.9446566946344,165.4765960789059,171.05798114422925,32586507,-5.8958282470703125,0.03880590804957634
2021-04-06,167.16676330566406,168.97482247775383,165.20148322170843,168.07078666316477,26663018,0.078643798828125,0.039050146505162864
2021-04-07,168.07077026367188,169.17132899643423,167.00952609785614,167.20604910424063,15790468,0.9040069580078125,0.0418576566528584
2021-04-08,167.63839721679688,169.87881662556248,167.32395544713162,168.896176752544,14660557,-0.432373046875,0.04051486641663421
2021-04-09,167.52047729492188,169.7608966883879,167.08811675031316,168.0314545099531,16994483,-0.117919921875,0.04014865089766401
2021-04-12,161.38880920410156,165.86964823150564,161.1529840943502,165.0835437705231,35840817,-6.1316680908203125,0.02110596518071378
2021-04-13,164.06158447265625,164.84770136766377,161.93908380463958,162.72520069964713,21027436,2.6727752685546875,0.029406613336689646
2021-04-15,162.4893341064453,165.43725325036542,161.93905486968015,164.29739267623307,18205903,-1.5722503662109375,0.024523787138556463
2021-04-16,163.47203063964844,164.49398526717914,162.3321696693305,163.51134521099937,13824608,0.982696533203125,0.027575677906248097
2021-04-19,161.6246337890625,162.01769221652623,160.170331310241,161.15297115035747,16400507,-1.8473968505859375,0.021838348830517662
2021-04-20,160.0131072998047,162.7251892191932,159.18768835540698,162.09629325613926,22187707,-1.6115264892578125,0.01683354556900074
2021-04-22,161.86045837402344,162.1749001079774,157.65475969686375,158.79462032526044,24030915,1.84735107421875,0.022570732480321654
2021-04-23,161.42813110351562,162.72521286587724,160.56340992860788,160.56340992860788,20381213,-0.4323272705078125,0.02122808440850693
2021-04-26,161.38880920410156,162.52868247242807,160.91714652751205,161.7818676631362,20652091,-0.0393218994140625,0.02110596518071378
2021-04-27,161.46742248535156,162.6858999456255,161.1922828155183,161.38880581236214,11885588,0.07861328125,0.02135010886002725
2021-04-28,161.5460662841797,162.33217086063942,161.38883291179914,161.93911234386525,13197445,0.078643798828125,0.02159434731561377
2021-04-29,160.6027069091797,163.15756824173232,160.40617144846829,162.80382434379092,13601150,-0.943359375,0.018664623163851868
2021-04-30,159.26632690429688,161.70328215806683,158.79466417312602,160.28828150746605,17130954,-1.3363800048828125,0.014514322779932143
2021-05-03,157.96923828125,158.67673857623163,157.22243587462708,158.16576129654413,21405441,-1.297088623046875,0.010486046847532682
2021-05-04,156.90797424316406,159.0697895953374,156.51492823102993,158.16575387041982,18962501,-1.0612640380859375,0.007190154564937101
2021-05-05,158.322998046875,158.7946607679315,156.8293807445641,158.36230015935772,14396547,1.4150238037109375,0.011584693404443347
2021-05-06,159.3842010498047,161.89975982549072,158.87322389137057,159.0304572148001,14872429,1.0612030029296875,0.01488039613449288
2021-05-07,161.42813110351562,162.29285227842337,159.54145539727386,159.54145539727386,20213092,2.0439300537109375,0.02122808440850693
2021-05-10,161.58534240722656,163.07894709079335,161.1529818454481,162.84312198433295,16922951,0.1572113037109375,0.021716324378997454
2021-05-11,160.36685180664062,162.33213145637367,160.17032882450155,160.2882475966192,14277000,-1.2184906005859375,0.017932144737774935
2021-05-12,159.7772674560547,161.3494886554245,159.4628257075978,160.28824464011117,17174525,-0.5895843505859375,0.01610111453106028
2021-05-14,166.852294921875,167.59910976147466,160.36687368441076,161.15299063438286,64021335,7.0750274658203125,0.03807352439977235
2021-05-17,167.12741088867188,170.5863075377141,166.38060861215132,170.42908666145115,39465392,0.275115966796875,0.03892793250109655
2021-05-18,165.1228485107422,168.69966435074576,164.80840672133814,168.30660588544723,31653409,-2.0045623779296875,0.03270250561928528
2021-05-19,163.31478881835938,166.1841043910513,163.15756792434826,165.1228477851176,25345241,-1.8080596923828125,0.027087343159484634
2021-05-20,162.72520446777344,164.53326340248975,162.56798357654856,163.86506527196892,21688686,-0.5895843505859375,0.02525631295276992
2021-05-21,164.3367156982422,164.9655991686027,163.03962174072527,163.1968426083154,23509878,1.61151123046875,0.030261068826150372
2021-05-24,166.26271057128906,166.6950711491929,163.3147907453518,164.69048915553992,29977506,1.925994873046875,0.03624249419305775
2021-05-25,165.79104614257812,167.75632600589725,165.28006889356385,167.44188421746705,26310600,-0.4716644287109375,0.03477767950531335
2021-05-26,165.55520629882812,167.00952135024505,165.31938118928798,166.498544108249,18253046,-0.23583984375,0.034045248467372946
2021-05-27,165.98756408691406,168.3459023424342,165.31937842113737,165.86964530557506,49385674,0.4323577880859375,0.03538799131546061
2021-05-28,167.36325073242188,167.83491336769498,166.30200668878598,167.04880897557314,26583388,1.3756866455078125,0.03966036353903707
2021-05-31,170.27188110351562,171.2938231197057,168.54242639486318,169.0141015231714,75852502,2.90863037109375,0.04869349012108998
2021-06-01,169.2106170654297,172.47299088314995,168.42451264803438,171.37243224171044,40247686,-1.0612640380859375,0.04539759783849445
2021-06-02,164.2974395751953,167.00953443259078,163.9829977664528,165.47661504361136,100377464,-4.913177490234375,0.03013909176276669
2021-06-03,164.3367156982422,165.6730993013006,164.06156360860345,165.6730993013006,48454441,0.039276123046875,0.030261068826150372
2021-06-04,164.1009063720703,164.84770873574627,163.51132490300574,164.69048784113485,31286264,-0.235809326171875,0.029528732564482907
2021-06-07,166.223388671875,166.97019095260077,165.24074884688406,165.39796972403235,32643869,2.1224822998046875,0.03612037496526449
2021-06-08,167.95285034179688,168.424525485271,166.0268850295677,166.8129895068795,22080199,1.729461669921875,0.041491441133888196
2021-06-09,167.048828125,168.81757255284614,166.26271118567698,168.22799107689744,25846432,-0.904022216796875,0.038683883598056135
2021-06-10,169.29049682617188,170.98906638458726,167.83458372389148,168.8051839139019,31902690,2.241668701171875,0.045645674733138464
2021-06-11,168.15811157226562,170.22065292956617,168.0367833482013,170.09933752276615,22249404,-1.13238525390625,0.042128906346257156
2021-06-14,167.67282104492188,168.6029827869621,165.9742514457893,168.1985596227974,18358717,-0.48529052734375,0.04062177405260686
2021-06-15,167.4705810546875,168.5625221727644,167.4301425887627,167.87500416572573,15426377,-0.202239990234375,0.039993691691267486
2021-06-16,168.11769104003906,169.33094777559768,167.4706113817463,167.4706113817463,20878518,0.6471099853515625,0.04200337517263503
2021-06-17,166.33822631835938,168.23901394245323,165.81248773101163,167.3897291275854,22304032,-1.7794647216796875,0.03647701808065923
2021-06-18,165.44850158691406,166.98530449810372,163.79038326088707,166.62131980179623,24475206,-0.8897247314453125,0.03371386322873954
2021-06-21,165.36758422851562,166.6212790802247,163.70945349046397,164.27564322372433,19809308,-0.0809173583984375,0.03346256394081265
2021-06-22,165.8933563232422,166.82353085247783,165.28672800523807,166.7022026254241,18737552,0.5257720947265625,0.035095416960631065
2021-06-23,164.96319580078125,166.49999865910252,164.68010087470273,166.3382191436879,13059519,-0.9301605224609375,0.03220668354695272
2021-06-24,164.39700317382812,165.52938285902923,163.83081333122755,165.3676161636097,23299321,-0.566192626953125,0.030448299353512065
2021-06-25,165.8529052734375,166.2977668607156,164.80141541416782,165.0036205657438,14411660,1.455902099609375,0.034969791010735884
2021-06-28,164.6800994873047,166.5404357262528,164.4778815033724,166.5404357262528,15190488,-1.1728057861328125,0.03132749145023245
2021-06-29,164.43743896484375,166.05511870995298,164.3161107409393,164.68009541265263,13839294,-0.2426605224609375,0.03057387791527083
2021-06-30,163.95213317871094,165.32715642814165,163.8308049590304,165.2462794931972,16556397,-0.4853057861328125,0.029066698233484012
2021-07-01,164.1947784423828,164.84185801472717,163.50727321942588,164.11390150662976,10583793,0.242645263671875,0.029820264380309103
2021-07-02,163.70947265625,164.76096250514976,163.58814443959548,164.43742913891344,13187847,-0.4853057861328125,0.028313084698522395
2021-07-05,164.72052001953125,165.0845046606136,163.95212508915284,164.19476869927786,10642939,1.01104736328125,0.031453022623854576
2021-07-06,163.7903594970703,164.84184932729272,163.58814153381692,164.3969877523039,11515716,-0.9301605224609375,0.02856428921017623
2021-07-07,164.80142211914062,165.97424024397768,163.6286039943036,163.79037068559862,18568033,1.0110626220703125,0.03170427452364494
2021-07-08,163.385986328125,165.40808967515193,163.2242195984349,164.59924320943426,21730892,-1.415435791015625,0.027308456204452936
2021-07-09,162.86019897460938,163.66904526218303,162.4962271172863,163.38595034325868,12289809,-0.525787353515625,0.025675555796497884
2021-07-12,162.65798950195312,163.8308076157777,162.53666128030503,163.38594601457748,13589278,-0.20220947265625,0.025047568211431448
2021-07-13,163.2646026611328,163.54769754631897,162.8601795655436,163.38593087153586,11247522,0.6066131591796875,0.026931483578494342
2021-07-14,165.0845184326172,165.93380318206343,163.14329248609312,163.2646207099089,21269167,1.819915771484375,0.03258346662036532
2021-07-15,166.82351684570312,168.64340164691495,164.11389605988904,165.32715259403025,29963443,1.7389984130859375,0.03798415037430941
2021-07-16,168.15811157226562,169.57358615757553,167.59192173814168,167.99634487926798,30137464,1.3345947265625,0.042128906346257156
2021-07-19,168.0367889404297,169.45226357284628,166.9044092344964,167.2683939188027,17099088,-0.1213226318359375,0.041752123272844555
2021-07-20,167.26837158203125,169.290474267665,166.94483822847295,168.40075113674823,24567907,-0.7684173583984375,0.03936570410620105
2021-07-22,167.43014526367188,168.44119664878863,166.49998362896045,167.43014526367188,19016769,0.161773681640625,0.03986811312950872
2021-07-23,171.79788208007812,172.76849498680951,167.02572011310522,167.43014322568192,46241640,4.36773681640625,0.05343268287745312
2021-07-26,170.7868194580078,174.18395799917582,170.50372457957715,173.0920169488682,49084040,-1.0110626220703125,0.05029269756398441
2021-07-27,168.7647247314453,172.28319164452847,168.19853494812764,171.47434543485662,25378089,-2.0220947265625,0.04401282171331994
2021-07-28,169.1287078857422,169.85666434114893,167.7941103697773,168.4816283602345,15304399,0.363983154296875,0.045143218321694156
2021-07-29,166.66177368164062,170.01846167475614,166.33822745191566,169.1287383818595,16204679,-2.4669342041015625,0.03748183612727468
2021-07-30,165.77203369140625,167.51105458152006,165.48895157507897,166.7022082520376,15515733,-0.889739990234375,0.034718633887218575
2021-08-02,167.67282104492188,167.83458774713475,166.1764566192391,166.98530294756844,10046707,1.900787353515625,0.04062177405260686
2021-08-03,169.77578735351562,170.58463361687345,166.98528953428,167.8345742656265,19179805,2.10296630859375,0.04715280702678876
2021-08-04,168.7242889404297,170.74639167939662,168.3198658291836,170.58462499835088,11421835,-1.0514984130859375,0.043887243151561284
2021-08-05,174.10308837890625,175.3163577769582,167.34926179660232,168.72429788427505,48995450,5.3787994384765625,0.06059179821297439
2021-08-06,173.2942657470703,174.7097275739151,171.95966804418703,174.22442747476245,24489836,-0.8088226318359375,0.05807989526084517
2021-08-09,172.93028259277344,175.63990367590895,172.04055932780713,173.90089561694802,21142199,-0.363983154296875,0.05694949865247095
2021-08-10,169.7353515625,173.45602392500396,168.68386165736254,173.09203925557318,18855165,-3.1949310302734375,0.04702722846502999
2021-08-11,168.7647247314453,170.34196586822125,167.79411184329172,169.73533761959894,16012451,-0.9706268310546875,0.04401282171331994
2021-08-12,168.96694946289062,173.25379865758592,168.52208787492475,170.05887779071102,28758718,0.2022247314453125,0.0446408566865229
2021-08-13,171.0294952392578,171.71701328147688,169.209597555093,169.7353489080718,19576945,2.0625457763671875,0.051046358487082555
2021-08-16,170.58462524414062,172.48539977074617,170.26109188158296,170.9890483559694,11621038,-0.4448699951171875,0.0496647573670545
2021-08-17,169.20956420898438,171.0698999945271,168.88603089426255,170.50371028513317,8161139,-1.37506103515625,0.04539432805707505
2021-08-18,169.0074005126953,171.06994192112074,168.52210042167303,169.5331518909179,11149120,-0.2021636962890625,0.04476648263641819
2021-08-20,168.96694946289062,170.42286244482696,167.18749029376335,167.43014672984066,20168965,-0.0404510498046875,0.0446408566865229
2021-08-23,166.86395263671875,170.01843495562278,166.62129620687583,169.45224516416496,10319044,-2.102996826171875,0.038109728936068066
2021-08-24,166.41909790039062,167.43014930994136,165.56981317829633,167.43014930994136,12971124,-0.444854736328125,0.03672817520417654
2021-08-25,166.94483947753906,168.15809597109157,166.621293304297,166.94483947753906,10994627,0.5257415771484375,0.03836093344772201
2021-08-26,165.48892211914062,167.30880681065108,165.28670416413092,166.9448349992541,15407558,-1.4559173583984375,0.03383939440236167
2021-08-27,166.54043579101562,167.30883080536913,165.73158948950118,165.81247924655847,10879860,1.051513671875,0.037105005665725665
2021-08-30,168.2389678955078,168.40073455635974,166.62127565246502,166.62127565246502,12550267,1.6985321044921875,0.04238001608163805
2021-08-31,170.90814208984375,171.15079849694297,167.6323318630529,168.27941134289676,26802390,2.6691741943359375,0.05066948063739701
2021-09-01,169.4522705078125,171.71703001236608,169.29050380281086,170.66552720395748,16867486,-1.45587158203125,0.046148083756446245
2021-09-02,169.6544647216797,171.06993932055775,169.0478364128075,169.0478364128075,14872714,0.2021942138671875,0.046776023953376156
2021-09-03,170.34197998046875,170.86773134203847,169.65446192701546,169.65446192701546,10622796,0.6875152587890625,0.04891119122022941
2021-09-06,169.29049682617188,170.8272996862522,169.08829165756924,170.66552017065237,11041632,-1.051483154296875,0.045645674733138464
2021-09-07,171.27215576171875,173.37513558920222,169.97800939970418,170.58463770312193,38933378,1.981658935546875,0.05179997202204417
2021-09-08,170.86773681640625,172.2832114373175,169.61402889256135,171.67657030173794,17897021,-0.4044189453125,0.0505439968519113
2021-09-09,172.00010681152344,173.0111582241085,170.3015373622372,170.705960490724,19784972,1.1323699951171875,0.05406071785065608
2021-09-13,173.21336364746094,174.0222099056848,171.31258903962518,172.566296894693,16661794,1.2132568359375,0.05782864336105481
2021-09-14,174.79061889648438,175.72079344976484,173.2538160095186,173.82000587222888,20377545,1.5772552490234375,0.06272701286796417
2021-09-15,174.70974731445312,175.68036043969332,174.1435702101015,175.59948348932866,21028598,-0.08087158203125,0.06247585574444675
2021-09-16,186.64015197753903,188.98580131414812,174.95239503671309,175.4781464568138,154986538,11.930404663085909,0.0995272654277764
2021-09-17,186.96365356445312,191.93802036180432,185.3055227538277,188.4600048865559,82563658,0.3235015869140909,0.1005319413099825
2021-09-20,189.066650390625,193.59616886899988,186.2357013416407,186.8423424358972,73101936,2.102996826171875,0.10706306906043733
2021-09-21,195.3351593017578,196.10355419609976,187.4085154905426,190.037246334,58854434,6.2685089111328125,0.1265307315856336
2021-09-22,196.95285034179688,198.81318639960207,194.6880911727708,196.95285034179688,54648494,1.6176910400390625,0.13155467965430162
2021-09-23,196.14401245117188,198.65142815689327,195.4969456995431,198.16611527590777,22630330,-0.808837890625,0.12904272931403588
2021-09-24,192.86822509765625,197.3572925877382,192.26158396337652,197.3572925877382,25779310,-3.275787353515625,0.11886934939121413
2021-09-27,193.0704345703125,195.6182889393184,190.4821417305409,193.9601578307468,23772123,0.20220947265625,0.11949733697628057
2021-09-28,192.3020172119141,195.41604826187472,191.12918634049865,194.00057377677285,16319138,-0.7684173583984091,0.11711091780963706
2021-09-29,192.58511352539065,195.2542830164171,190.64388769804088,190.8865441307755,16045073,0.2830963134765625,0.11799010990635733
2021-09-30,191.00787353515625,194.4454379948716,190.2799170496883,194.04102769415,16987893,-1.5772399902344034,0.11309178778758439
2021-10-01,190.36077880859372,191.69536345602324,188.3791146605162,190.23945060114332,16570661,-0.6470947265625284,0.11108215169435326
2021-10-04,191.3718414306641,192.78731590584889,190.40122853092828,190.88654138942783,11098123,1.0110626220703693,0.11422213700782219
2021-10-05,189.83506774902344,192.05938878342425,189.67330104389225,191.2101039685365,9578825,-1.5367736816406534,0.10944948822708095
2021-10-06,187.04454040527344,191.2100740671077,186.51878908286508,189.91592781117149,18179336,-2.79052734375,0.10078314582163633
2021-10-07,188.4195709228516,190.0372504913481,187.89381961575344,188.46000938731663,10770973,1.3750305175781534,0.10505348035534284
2021-10-08,187.4085235595703,189.915926302982,187.00410045456505,189.8754878376604,10114327,-1.0110473632812784,0.10191354243001055
2021-10-11,192.544677734375,193.71749589152083,187.40854348815924,187.651187123154,22000303,5.1361541748046875,0.11786453134459857
2021-10-12,195.17340087890625,196.54843696168248,192.5042312837722,192.9895313509064,30347455,2.62872314453125,0.12602836995046235
2021-10-13,201.5632476806641,202.93827089221276,194.24323158940007,196.1844574162804,52091422,6.389846801757841,0.14587286293720775
2021-10-14,207.50823974609372,211.79510194592945,202.4934210233864,204.83907010131892,88696178,5.944992065429631,0.1643358021920614
2021-10-18,212.36126708984372,214.5855748685813,208.15529513360923,211.10755935059385,62614961,4.85302734375,0.1794075042336561
2021-10-19,198.9345245361328,212.36128790435816,198.2065680265353,211.43111342043335,61336411,-13.426742553710909,0.13770902433134397
2021-10-20,199.4602508544922,200.99705353274192,196.02267367411923,198.93451235142345,49663940,0.525726318359375,0.1393417351867529
2021-10-21,197.9234619140625,200.8757262533177,196.6293156572181,200.5926313590935,23385990,-1.5367889404296875,0.13456903901787526
2021-10-22,191.3718414306641,198.8131856331993,189.026205338794,197.9234624823013,36905793,-6.551620483398409,0.11422213700782219
2021-10-25,188.78358459472656,191.41231607853464,186.43794805946808,189.34977449182563,23194065,-2.5882568359375284,0.10618397173999
2021-10-26,191.4527587890625,193.31309510797692,188.1365093192176,189.34976600590457,19663381,2.6691741943359375,0.11447343629574896
2021-10-27,192.86822509765625,195.17341013886056,191.0483273293464,194.32413818539823,26909428,1.41546630859375,0.11886934939121413
2021-10-28,182.0701904296875,190.84612015074669,181.30178260678912,190.1586020839877,48064941,-10.79803466796875,0.08533466070662915
2021-10-29,180.53338623046875,184.61803049604396,179.80542969979925,181.9892992918077,27668175,-1.53680419921875,0.08056191714961497
2021-11-01,183.48565673828125,184.05184659341992,179.96720219614633,181.30178707585972,24090945,2.9522705078125,0.08973057380209432
2021-11-02,182.4745941162109,185.4268714402308,181.58487091738763,184.4158200202472,14896284,-1.011062622070341,0.0865905884886255
2021-11-03,179.9267578125,183.48565070810776,179.32011668959925,182.79814546426087,18530527,-2.547836303710909,0.07867795439441566
2021-11-04,183.24302673339844,183.84965510411016,181.18047232880645,181.86799046367045,7295341,3.3162689208984375,0.08897705504340564
2021-11-08,185.87173461914065,186.59969113502424,182.5554854207232,185.7908448652584,21051238,2.628707885742216,0.09714084626113301
2021-11-09,185.0224609375,186.76146898587723,184.29450437811568,185.91218419705135,11964518,-0.8492736816406534,0.0945033173591085
2021-11-10,186.72103881835935,188.3387187092309,183.76876116154827,183.97097915869813,13948380,1.6985778808593466,0.09977846993943035
2021-11-11,186.0334930419922,187.2467623927212,184.86067497503865,186.3570264086145,8448263,-0.6875457763671591,0.09764320789630415
2021-11-12,188.379150390625,189.2284351866003,185.34599589811256,187.0041270189972,12312123,2.3456573486328125,0.1049279491817206
2021-11-15,192.58511352539065,193.3130700063309,188.54089518795595,189.2284132025283,40247848,4.205963134765653,0.11799010990635733
2021-11-16,190.4416961669922,193.83882238187977,190.07771149186257,193.35352229897137,15241184,-2.143417358398466,0.11133345098228026
2021-11-17,193.7174835205078,198.36833019972576,190.60345239594648,190.88654729974877,48496295,3.275787353515625,0.121506830905102
2021-11-18,192.09982299804688,196.548452150992,191.1292099715053,194.12192599327057,21005037,-1.6176605224609375,0.11648297761270704
2021-11-22,186.76144409179688,194.72852671233863,185.6695158068997,192.423329112012,23443628,-5.33837890625,0.09990395372491606
2021-11-23,187.32766723632807,188.21739053573413,185.3460026403003,185.3460026403003,13950744,0.5662231445311932,0.10166243269462955
2021-11-24,184.17318725585935,188.2173934557306,183.56655888933184,188.0151882726433,14684422,-3.1544799804687216,0.09186578845708387
2021-11-25,187.08499145507807,187.81294797192888,182.5959241316211,183.60697556153963,24825493,2.9118041992187216,0.1009087717715314
2021-11-26,181.18045043945312,186.07394092191376,180.45249391909408,185.14377924150224,28067913,-5.904541015624943,0.08257145846657304
2021-11-29,179.15834045410156,180.8973483401822,178.10685059251563,179.56276357540807,22985358,-2.0221099853515625,0.07629153522777204
2021-11-30,178.875244140625,182.15105473493767,177.94508250449095,179.56276215969913,24408641,-0.2830963134765625,0.07541234313105177
2021-12-01,179.4818878173828,180.61425462029052,178.43038513164424,179.56276475181576,13496307,0.6066436767578125,0.07729635327438761
2021-12-02,182.3532867431641,182.91946377140644,178.9965861398687,179.48189904588298,16517389,2.8713989257812784,0.08621385280334953
2021-12-03,179.27967834472656,182.95991228472909,179.0370347126625,181.9892993046797,14325920,-3.0736083984375284,0.07666836568932117
2021-12-06,176.2465362548828,179.72455245658142,175.9230028447865,179.27969081338267,13644352,-3.03314208984375,0.06724855191332452
2021-12-07,178.47084045410156,179.52233034636677,176.40828632043855,177.05536589686147,9246755,2.22430419921875,0.07415641534905532
2021-12-08,181.9488677978516,182.5150576564404,178.75394663425175,178.75394663425175,10241656,3.4780273437500284,0.08495787763321666
2021-12-09,190.40122985839844,191.2505145494305,180.3716058820805,180.3716058820805,39714672,8.452362060546847,0.11120777764424855
2021-12-10,190.96743774414065,193.2726356046832,189.0666630343934,191.04832750120556,36517117,0.5662078857422159,0.11296620922582584
2021-12-13,189.75418090820312,193.11086870344965,189.39019622769308,192.50424038653088,22903720,-1.2132568359375284,0.109198283715427
2021-12-14,184.901123046875,191.7762779397023,184.0518383024248,190.0777084508018,38953007,-4.853057861328125,0.09412648689755937
2021-12-15,181.22093200683597,187.8129802601395,180.6951805586777,186.03353353909063,35987634,-3.680191040039034,0.08269717919274128
2021-12-16,180.2907257080078,182.91945685285543,178.59215623573184,182.79814144820492,25131188,-0.9302062988281534,0.07980830361465335
2021-12-17,176.28697204589844,180.25030111973345,175.31637183037014,180.20986264840263,30827201,-4.003753662109375,0.06737413047508317
2021-12-20,171.79788208007812,174.91192594792898,169.69490240230073,174.91192594792898,38778895,-4.4890899658203125,0.05343268287745312
2021-12-21,171.87875366210938,174.26482798475877,170.70593573168685,173.09201005433624,20142586,0.08087158203125,0.05368384000097054
2021-12-22,171.474365234375,173.2538117204035,170.74640868852111,173.09204502324314,17903428,-0.404388427734375,0.05242795960711072
2021-12-23,175.76123046875,176.69139219708129,172.44498107909934,173.01117093713225,23065082,4.286865234375,0.0657413722315377
2021-12-24,176.32740783691406,178.3090593823973,175.07369998046488,176.32740783691406,17220191,0.5661773681640625,0.06749970903684183
2021-12-27,175.96343994140625,176.6913965170659,174.42664984682762,176.65095804543623,8467106,-0.3639678955078125,0.06636935981660413
2021-12-28,177.98553466796875,178.43039628695365,176.32741641852766,176.32741641852766,12014352,2.0220947265625,0.07264923566726861
2021-12-29,175.31634521484375,178.18773258871042,174.95236057632988,177.9450761630345,11923119,-2.669189453125,0.06435972372337312
2021-12-30,174.70974731445312,176.24655036131125,174.30533692809715,175.19506028570638,10116360,-0.606597900390625,0.06247585574444675
2021-12-31,176.36782836914062,176.9744565931545,174.8310257600112,175.4376668012877,7875890,1.6580810546875,0.06762524021046395
2022-01-03,177.21714782714844,177.82377617034533,175.55901668399412,176.36786301976676,8064567,0.8493194580078125,0.07026291127689804
2022-01-04,178.14727783203125,179.32009583782062,177.17667778278255,177.54064959693508,9398805,0.9301300048828125,0.07315154991430334
2022-01-05,178.3899383544922,179.15833328212997,176.85313568195343,177.66198189218713,11663111,0.2426605224609375,0.07390516344926495
2022-01-06,176.8936004638672,178.26862374548108,176.48917732788752,177.13624409164368,9295303,-1.496337890625,0.06925809323028248
2022-01-07,176.6509552001953,178.47085301866474,175.92299863626053,177.7833349257083,9196075,-0.242645263671875,0.06850452708345739
2022-01-10,180.61427307128903,181.74665280714103,177.05537997834304,177.86421349161938,16451394,3.9633178710937216,0.0808131216612688
2022-01-11,179.5223388671875,181.38267511396404,178.91571054736713,180.65471856672667,8329596,-1.091934204101534,0.07742197922428279
2022-01-12,180.16940307617188,180.89735961298143,179.2392413747403,179.96719791154985,13665682,0.647064208984375,0.07943152054124075
2022-01-13,181.13999938964844,182.63636361225696,180.16938649082985,181.09956092389945,11944029,0.9705963134765625,0.08244583251667775
2022-01-14,180.04808044433594,181.82752683686576,179.80542400271315,181.1400087971105,10976796,-1.0919189453125,0.07905473746782826
2022-01-17,181.665771484375,182.47460497814987,179.0370401993933,180.04809167956049,12792728,1.6176910400390625,0.08407868553649628
2022-01-18,178.55174255371094,183.84965686433296,178.18777065470542,181.6657870185023,14948456,-3.1140289306640625,0.07440766724884579
2022-01-19,178.22817993164062,179.88629807698356,176.89359515847232,178.55171330381526,11915686,-0.3235626220703125,0.0734028018140937
2022-01-20,176.9340362548828,179.68409559376028,176.327407968725,178.3899492685671,17997322,-1.2941436767578125,0.06938367179204113
2022-01-21,175.5590057373047,178.34951644963698,174.70972098287874,176.73183669622463,17225050,-1.375030517578125,0.06511333725833474
2022-01-24,171.31260681152344,176.12520794060003,170.58465023050962,175.5590180645598,18023332,-4.24639892578125,0.05192559797193946
2022-01-25,173.33470153808594,173.6582349325195,169.4927008230772,171.47436529419593,19028606,2.0220947265625,0.058205473822603826
2022-01-27,173.57736206054688,174.3053186237153,170.74641274974468,170.8677409798169,24041247,0.2426605224609375,0.05895908735756544
2022-01-28,176.00387573242188,177.33847344852575,173.98177274002418,173.98177274002418,15865353,2.426513671875,0.06649493837836279
2022-01-31,178.1068572998047,178.5517189048157,175.59945436090052,176.7318340162973,15618203,2.1029815673828125,0.0730260187406811
2022-02-01,184.21359252929688,185.06287721628016,177.25756116992534,178.75392539724683,44871108,6.1067352294921875,0.0919912722425697
2022-02-02,187.7725067138672,188.70268119324072,185.22465253411045,186.033498792934,42714702,3.5589141845703125,0.10304393903838477
2022-02-03,189.63284301757807,190.2394713035828,187.4894119653995,187.7725068745036,28918394,1.8603363037108807,0.10882145325387776
2022-02-04,189.5115203857422,192.90865939517457,187.28721233237408,191.89760794959557,58889867,-0.12132263183588066,0.10844467018046539
2022-02-07,186.19528198242188,189.87551612377928,184.82025860127987,189.2688877845324,25101983,-3.3162384033203125,0.09814566430774846
2022-02-08,187.04454040527344,187.89382508735005,185.2650941098348,186.27614547174556,16825239,0.8492584228515625,0.10078314582163633
2022-02-09,186.15481567382807,188.46001327206343,185.0224361073598,187.8938234888293,12351873,-0.8897247314453693,0.09801999096971653
2022-02-10,187.85337829589844,188.78353986803495,184.21358330052777,184.9819910172625,20317032,1.6985626220703693,0.10329509616190219
2022-02-11,188.01516723632807,188.70268528952616,185.8717361394544,187.65118256677707,18793513,0.16178894042963066,0.10379755257334627
2022-02-14,181.7635498046875,187.1887122933312,180.97669898576711,187.1887122933312,23621214,-6.251617431640568,0.08438234871526967
2022-02-15,184.7039031982422,185.11804004119816,181.01810760863407,183.04736895153604,13371177,2.9403533935546875,0.09351399523313259
2022-02-16,184.496826171875,186.1119506539419,183.7513851128532,185.36650959492007,11664158,-0.2070770263671875,0.0928708908325186
2022-02-17,184.4140167236328,185.8220663006464,182.9231345243862,184.745320962328,14564261,-0.0828094482421875,0.09261371541566416
2022-02-18,183.79281616210935,185.0766233555312,183.46149880159956,184.4140148847481,9004891,-0.6212005615234659,0.09068449699009501
2022-02-21,180.5625762939453,183.2958560634697,179.85854491387306,182.46759543260728,16750193,-3.230239868164034,0.08065257065476378
2022-02-22,177.95350646972656,179.6514635477479,176.42121462502428,178.07774883215708,26741024,-2.60906982421875,0.07254976796872842
2022-02-23,178.86460876464844,180.14842907519085,178.11916767710213,179.56864010430834,11438476,0.911102294921875,0.07537931359990241
2022-02-24,172.6940155029297,176.6697059182926,171.45161799036833,173.93642614061002,42933709,-6.17059326171875,0.056215740746708154
2022-02-25,177.20806884765625,179.32014967447256,174.39195670352854,175.17880751398374,24543858,4.5140533447265625,0.07023471533567288
2022-02-28,178.78176879882812,179.27872509191943,174.59900411278895,176.58685553538746,20806226,1.573699951171875,0.07512204340677481
2022-03-02,178.3262481689453,179.40299352304177,175.96568246469477,177.58079393328015,20039140,-0.4555206298828125,0.07370736536746086
2022-03-03,181.7221221923828,182.38473057999133,178.9059971696967,178.94742003775968,29631546,3.3958740234375,0.08425368992463772
2022-03-04,186.7745819091797,188.3482836014619,179.7342946670046,180.31408364577752,69409780,5.052459716796875,0.09994475491045346
2022-03-07,186.3190460205078,188.01699018094735,182.3019458115468,183.87564759436995,47001716,-0.455535888671875,0.09853002948300299
2022-03-08,187.93414306640625,189.2179501545364,185.32509289516335,185.449335254525,37424203,1.6150970458984375,0.10354592156846393
2022-03-09,189.88058471679688,191.66136136448705,187.27153436664327,188.59676441551397,43923809,1.946441650390625,0.1095908470382983
2022-03-10,192.1583251953125,192.57246206267456,188.72101413393293,191.33006458570705,37523806,2.277740478515625,0.11666466372809675
2022-03-11,195.7613220214844,196.382520825076,190.62605320322825,192.07552582835535,43305144,3.6029968261719034,0.12785423485029718
2022-03-14,197.9561920166016,198.32890596620504,194.89159530543964,195.67844607413804,36465969,2.1948699951171875,0.1346706865706951
2022-03-15,197.00369262695312,199.94404722773737,195.38856808391503,197.9562087036772,34269168,-0.9524993896484659,0.13171257692516197
2022-03-16,200.93795776367188,201.2692619716211,198.0390131313231,198.78445416176743,22462538,3.93426513671875,0.14393094449105331
2022-03-17,202.84300231933597,203.2571391942452,201.02080269475897,203.1328968192605,35541798,1.905044555664091,0.1498473059465289
2022-03-21,202.5116729736328,205.2035559388632,201.9318971331737,203.6712509047872,29052540,-0.3313293457031534,0.14881831995029177
2022-03-22,206.86009216308597,207.68836587174255,201.7248240446749,202.55309775333157,38368305,4.348419189453153,0.1623228963174112
2022-03-23,208.72369384765625,210.13174335097895,205.82474909799515,208.2681341368943,42051087,1.863601684570284,0.16811055159411797
2022-03-24,211.0842437744141,212.450883430221,208.26811872591475,208.68225553452447,39712133,2.360549926757841,0.17544154370077097
2022-03-25,209.84185791015625,211.8297095741102,206.44595668226,211.4569824651995,30412482,-1.242385864257841,0.17158315423776943
2022-03-28,212.9064483642578,213.69329918097037,209.17924301520128,210.3802306762796,25876007,3.0645904541015625,0.18110063496311873
2022-03-29,210.87718200683597,213.27915727195392,210.1731507006442,212.90644330845788,18820674,-2.0292663574218466,0.1747984866882935
2022-03-30,206.404541015625,212.3680695862516,205.9489944234309,211.29132428880357,18281803,-4.472640991210966,0.1609081235018241
2022-03-31,207.60552978515625,210.6701267058849,206.65302684870815,206.7358463431204,26644916,1.20098876953125,0.16463794895046652
2022-04-01,209.8004302978516,211.4983742046637,206.07322515170057,207.0671377739294,14856664,2.194900512695341,0.17145449544713748
2022-04-04,211.5812225341797,213.6104839242411,207.97825947947808,209.63479376468163,16520039,1.7807922363280966,0.1769849753069898
2022-04-05,214.894287109375,216.8821387147566,211.29132412165796,212.0781749393493,28230046,3.3130645751953125,0.18727412444731223
2022-04-06,215.0185394287109,218.1245462214208,213.11352035416803,213.27917247476495,20352716,0.12425231933590908,0.18766000604293515
2022-04-07,212.57513427734372,217.17202284878115,211.871102987094,213.69328926763,16679649,-2.4434051513671875,0.18007169635501824
2022-04-08,221.81033325195312,222.68000351805244,212.0367540995224,213.69328826726556,39283623,9.235198974609403,0.20875279732169832
2022-04-11,221.56185913085935,226.24156739419217,220.31946172690436,222.5971946758612,47924937,-0.24847412109377842,0.20798112890672532
2022-04-12,219.3255157470703,222.5143680232489,217.91746627623107,221.06488255674,24460888,-2.236343383789034,0.201035876231286
2022-04-13,223.2598114013672,224.1294817413057,218.3730279727989,219.73966779283757,22239115,3.934295654296875,0.21325433857345027
2022-04-18,223.71534729003903,225.7031988649666,221.35479487312887,221.9759804432569,25339139,0.4555358886718466,0.21466906400090074
2022-04-19,216.63365173339844,225.7031999791827,214.35591879788055,225.28905001348411,24280577,-7.081695556640597,0.1926759455165326
2022-04-20,214.97711181640625,219.86389490586643,213.32057762296705,217.7518141373594,25454589,-1.6565399169921875,0.1875313472523032
2022-04-21,215.68115234375,219.03563061960256,215.01853076294887,215.10136338246824,24313956,0.70404052734375,0.1897178358709996
2022-04-22,216.2609405517578,217.83464219108288,214.14884657510905,215.34983424069003,16274820,0.5797882080078125,0.1915184428940731
2022-04-25,211.41558837890625,214.52159534945196,209.13784205876783,214.3559432193705,25140992,-4.8453521728515625,0.1764705770851444
2022-04-26,214.48016357421875,215.92962284487297,212.2438272349601,212.53372171411456,21327644,3.0645751953125,0.1859880104223572
2022-04-27,213.2791748046875,214.10744854183915,211.8297154523501,212.20242944648524,17219401,-1.20098876953125,0.18225818497371477
2022-04-28,216.2609405517578,218.41443115034517,213.81754234842143,214.93571051988948,28999835,2.9817657470703125,0.1915184428940731
2022-04-29,214.97711181640625,217.8346336282168,214.1074284116993,217.8346336282168,21206335,-1.2838287353515625,0.1875313472523032
2022-05-02,217.9588623046875,219.0770303619953,212.9064274256212,213.6932781649496,19696250,2.98175048828125,0.196791557784525
2022-05-04,215.1427764892578,220.36086409715944,214.1902735380598,218.6629200591184,26951488,-2.8160858154296875,0.18804584025042165
2022-05-05,217.0477752685547,219.65682539166832,215.68113559102144,217.0063655245704,18623544,1.904998779296875,0.19396205954148754
2022-05-06,220.8578186035156,221.4376075345569,214.4387306170208,214.52156323221985,35818441,3.810043334960909,0.2057946402880288
2022-05-09,217.79324340820312,220.4437167304882,215.8054048228876,220.4437167304882,22228031,-3.0645751953124716,0.19627720695081602
2022-05-10,215.1427764892578,220.9820759404605,214.6043972667696,217.00638576892464,18727774,-2.6504669189453125,0.18804584025042165
2022-05-11,211.7468719482422,217.1720344600476,208.5166229144991,214.52157438749515,18012072,-3.395904541015625,0.17749942091697185
2022-05-12,209.4691467285156,212.36807851664443,206.3631399465158,211.20850055134557,20816708,-2.277725219726591,0.17042565161530981
2022-05-13,214.19027709960935,216.05387328514584,210.7943758419421,211.16708982900204,12380764,4.72113037109375,0.18508773060488865
2022-05-16,210.4630584716797,215.3084321791352,209.55196525320807,215.3084321791352,8502159,-3.727218627929659,0.17351237266333835
2022-05-17,219.2427215576172,219.9053300615108,211.04285600866095,211.2085081346344,18483427,8.7796630859375,0.20077874820256797
2022-05-18,220.9820556640625,221.8103292957195,217.95886872111973,220.31944725883048,20978307,1.7393341064453125,0.2061804744955154
2022-05-19,228.312255859375,231.29402035588168,217.5033529969788,217.5033529969788,81302807,7.3302001953125,0.2289453561711296
2022-05-20,231.9152069091797,233.8616355693769,229.4303859332312,229.4303859332312,33617466,3.6029510498046875,0.24013478512892045
2022-05-23,227.35971069335935,232.28792968330495,226.1587362232997,231.91520260629292,22535903,-4.555496215820341,0.22598710436118702
2022-05-24,224.33657836914065,227.77388948635357,223.6325469957012,227.77388948635357,16146766,-3.023132324218693,0.21659837720274283
2022-05-25,225.8688507080078,226.86278967717007,224.0466642648596,226.0759388267412,15877459,1.532272338867159,0.2213570464832127
2022-05-26,226.28518676757807,227.60028208799196,223.86705275981765,227.60028208799196,19129574,0.41633605957025566,0.22265003178796178
2022-05-27,228.40635681152344,229.67904625095144,224.88522426485687,228.2366523374752,13986762,2.1211700439453693,0.22923759880900346
2022-05-30,228.2790679931641,229.9335722069455,227.04878459716664,229.50932449889663,12274291,-0.12728881835934658,0.22884228697421455
2022-05-31,229.6366424560547,232.90321870483015,226.0306841065219,228.2791140530255,24102167,1.3575744628905966,0.23305840947975026
2022-06-01,230.65480041503903,232.5638212444341,229.2548123677556,229.636627289742,15265925,1.0181579589843466,0.23622043027669742
2022-06-02,232.0547637939453,232.86079959901087,227.2609280270644,229.67906233252975,14789457,1.3999633789062784,0.24056819702546567
2022-06-03,231.3759765625,233.92138255189263,230.44266910013675,233.32745717672796,12968807,-0.6787872314453125,0.2384601357726977
2022-06-06,233.15773010253903,234.00619868348076,228.83057529708304,231.1214377765989,11345943,1.781753540039034,0.2439936010851504
2022-06-07,232.39414978027344,233.32745724290132,230.9941885863316,231.80022440494028,11245578,-0.7635803222655966,0.2416222039577814
2022-06-08,227.3033447265625,232.818350218698,225.86095081454135,232.4365353201748,14915091,-5.0908050537109375,0.22581205258490916
2022-06-09,229.8063507080078,230.5275477677572,225.47918179464696,227.2185386184463,10239939,2.5030059814453125,0.23358546033404465
2022-06-10,229.2123870849609,229.93358402447183,228.02453646579775,228.2790797256565,8693455,-0.5939636230469034,0.23174082973215077
2022-06-13,224.54586791992188,228.32151727461263,223.14589324207893,226.03068139937048,11519902,-4.666519165039034,0.21724835288315109
2022-06-14,225.224609375,226.92153313227908,223.18830355529187,223.31556174485257,7708043,0.678741455078125,0.21935627197150948
2022-06-15,223.48529052734372,226.79428616361244,223.1883278291374,225.6913010633246,5254329,-1.7393188476562784,0.21395459306669856
2022-06-16,221.19439697265625,227.3033411366121,220.1762508162746,226.53971135162604,14843837,-2.2908935546874716,0.2068399278032263
2022-06-17,223.40040588378903,224.1216028241545,219.37020034187188,219.7520152321124,17296080,2.206008911132784,0.21369097286327837
2022-06-20,224.07920837402344,225.81856510352503,221.7459262681198,223.4004307530777,17738981,0.6788024902344034,0.21579908150418287
2022-06-21,229.0002899169922,229.80632569301108,224.0791961307036,224.84281250933563,14417711,4.92108154296875,0.23108213463462418
2022-06-22,225.0973358154297,229.3396653400503,224.75795375590275,226.5397162909859,11756920,-3.9029541015625,0.21896100752485698
2022-06-23,225.26702880859372,226.751855583516,222.636797656635,225.26702880859372,9416459,0.16969299316403408,0.21948801099101473
2022-06-24,225.5640106201172,227.68518230352427,225.0125180830526,225.77613451102528,7283228,0.2969818115234659,0.22041032629196172
2022-06-27,229.04270935058597,229.63663472949503,226.1155153010588,226.5397361901641,8487729,3.4786987304687784,0.23121387365412965
2022-06-28,230.65480041503903,230.9941824933819,227.85485121074055,228.1518273357084,11673046,1.6120910644530682,0.23622043027669742
2022-06-29,232.52142333984372,233.32745916509276,228.36394567826173,228.44878447821705,16635367,1.8666229248046875,0.24201746840443378
2022-06-30,232.0547637939453,233.0729100387225,230.7820473751379,232.43655182931883,20003893,-0.4666595458984091,0.24056819702546567
2022-07-01,241.26058959960935,241.81208211197065,230.10327948068883,232.0547600310366,36520000,9.205825805664034,0.26915807582935863
2022-07-04,247.66644287109372,248.85429345250895,241.6423511768495,242.363548093442,41417701,6.405853271484375,0.28905227897130586
2022-07-05,243.42416381835935,248.5997877519078,242.4484503928803,248.5997877519078,19283789,-4.242279052734375,0.27587733448176893
2022-07-06,245.4604949951172,246.05442040395693,242.06664704043456,242.74541125331692,18997440,2.036331176757841,0.2822014234637999
2022-07-07,247.70887756347656,248.7270236879092,244.78168392675036,246.90284185368415,14326277,2.248382568359375,0.28918406537894775
2022-07-08,248.6421813964844,249.83003197005056,246.39375187439592,248.5149097714405,11538313,0.9333038330078409,0.2920825607487479
2022-07-11,250.29672241210935,251.95122689053895,247.79374927212905,248.599785089008,12828405,1.6545410156249432,0.29722095116709396
2022-07-12,248.3452911376953,250.59369430312924,246.818031274706,248.599807557922,14616684,-1.951431274414034,0.29116052977661994
2022-07-13,249.4906768798828,250.1270081835648,248.34525902104085,248.5997754083528,9634877,1.1453857421875,0.29471767285581
2022-07-14,246.77557373046875,251.44211047987065,245.33317986601148,249.7027674087541,13930984,-2.7151031494140625,0.28628557000914784
2022-07-15,249.06640625,249.4482211313099,245.6301529890076,247.7513109203752,11450042,2.29083251953125,0.2934000457200741
2022-07-18,250.55123901367188,251.3997075848531,249.23611676188088,250.2966957532909,11751684,1.484832763671875,0.298011385284126
2022-07-19,249.95733642578125,250.8058050740944,248.3452648171744,250.2967185070528,9542292,-0.593902587890625,0.29616694423477835
2022-07-20,253.0118103027344,254.11482227055723,249.1088759053645,250.21188787318732,16397373,3.0544738769531534,0.30565300662561984
2022-07-21,254.15719604492188,256.4056256510016,252.84207379718472,253.6905423657506,16660697,1.1453857421874716,0.3092101497048098
2022-07-22,255.00572204589844,256.6602267156364,252.9269964414676,254.5390682616273,10351425,0.8485260009765625,0.3118453565881452
2022-07-25,255.47238159179688,257.0420474880511,253.52092760181756,253.6906052234125,11050533,0.4666595458984375,0.31329462796711344
2022-07-26,256.61773681640625,257.72074864777426,254.9208265646089,255.38748024513643,10114261,1.145355224609375,0.31685167627003047
2022-07-27,258.06011962890625,258.781316538835,255.04808725474751,256.95710784485084,9706094,1.4423828125,0.3213311820383041
2022-07-28,257.4662475585937,258.9510745236702,256.5753728917644,258.6965312216416,11256515,-0.5938720703125568,0.3194868357652291
2022-07-29,257.1268310546875,259.5449652101947,255.6844371296669,258.781335406266,17584873,-0.33941650390619316,0.3184327340566406
2022-08-01,260.9024963378906,262.0055082145643,257.1692667403295,257.9328696624364,16501510,3.775665283203125,0.33015854933161876
2022-08-02,262.98126220703125,268.6659731656708,261.4964620849749,263.0236950554766,40483892,2.078765869140625,0.3366144247212915
2022-08-03,261.4539794921875,263.7872747975873,257.6359112374964,263.7872747975873,18376724,-1.52728271484375,0.3318712513614612
2022-08-04,262.59942626953125,263.3206232200239,260.6055398906321,261.32670995085806,16514348,1.14544677734375,0.33542858399319736
2022-08-05,263.744873046875,264.5509088770924,262.2600730322923,262.59945512447496,10477269,1.14544677734375,0.33898591662493355
2022-08-08,265.6963195800781,266.375110636269,263.0661017145629,263.829704678658,8627072,1.951446533203125,0.3450463854035441
2022-08-10,264.0417785644531,266.50234538324247,263.6599905803959,265.6962827962514,9267241,-1.654541015625,0.3399079949851979
2022-08-11,259.8419189453125,265.9508499218457,259.03588317622376,265.56903501324547,11305242,-4.199859619140625,0.32686478951516634
2022-08-12,261.7933959960937,262.5145930357286,258.35714218174434,259.84194221670015,6669853,1.9514770507811932,0.3329253530700497
2022-08-16,263.4903564453125,264.29639235717696,261.7934189222393,261.7934189222393,8941455,1.6969604492188068,0.3381954825079015
2022-08-17,265.1872253417969,265.7811506321461,263.87210313529044,264.46602842563965,8283028,1.696868896484375,0.3434653276169341
2022-08-18,267.8174743652344,268.11445049047194,265.2296624865342,265.5690445651854,10264507,2.6302490234375,0.35163390503644903
2022-08-19,264.7205505371094,268.2416691593226,264.04175962358505,268.2416691593226,10823811,-3.096923828125,0.34201600884982936
2022-08-22,266.7568664550781,268.9628900632911,263.87210565318776,264.04178322904073,11793184,2.03631591796875,0.34834005044372357
2022-08-23,268.0295715332031,268.114410317587,264.80540193370723,265.52659882663124,9698555,1.272705078125,0.35229260013397573
2022-08-24,266.5023498535156,271.04161491238284,265.611448465153,267.9023108592485,11783894,-1.5272216796875,0.3475496163266916
2022-08-25,265.0176086425781,268.4538898968506,264.3812771930707,267.64785392664334,8057930,-1.4847412109375,0.34293856109145876
2022-08-26,265.4842224121094,267.6053807043625,264.7206194098387,267.0538881532632,7224507,0.46661376953125,0.3443876903060174
2022-08-29,266.0357360839844,267.2235599628373,262.04793599320465,263.0236763157559,11798961,0.551513671875,0.34610048711213287
2022-08-30,271.9325561523437,272.69615913543754,266.62963366461634,266.62963366461634,18516092,5.896820068359318,0.3644138220200159
2022-09-01,269.47198486328125,273.12037590363923,268.11445651815694,271.08408338595274,13765474,-2.460571289062443,0.3567722006785223
2022-09-02,274.1809387207031,275.1142730153722,269.853783764817,270.4052762609814,26750910,4.708953857421875,0.37139646393516396
2022-09-05,279.0172424316406,279.65360075392084,274.69008651095555,275.75066578790694,18144801,4.8363037109375,0.38641622857914065
2022-09-06,277.5747985839844,279.9929057619507,276.9384404370111,279.9929057619507,12431779,-1.44244384765625,0.38193653325832105
2022-09-07,276.6839294433594,278.5505443717992,275.96273242277687,276.5990906439583,8397233,-0.890869140625,0.379169824296163
2022-09-08,279.9080810546875,280.5020063916544,277.8717617721913,279.1444512399011,11331350,3.224151611328125,0.38918284276502574
2022-09-09,280.41717529296875,282.7928498157612,279.9929275319118,280.5020140890729,9770432,0.50909423828125,0.39076390055163585
2022-09-12,280.7565002441406,282.0291894878301,279.9928705637693,281.68980748219707,9048240,0.339324951171875,0.39181771793140546
2022-09-13,283.7261962890625,284.2352559777639,280.50202610602986,281.43533357396336,10925371,2.969696044921875,0.40104049183578233
2022-09-14,284.5321960449219,287.6290673003828,280.7989397561464,280.84137259577165,12739464,0.805999755859375,0.4035436279826567
2022-09-15,283.4716491699219,285.9746222956876,282.45347602573565,285.42310287916376,8742900,-1.060546875,0.40024996294247733
2022-09-16,281.095947265625,283.8958696274001,279.7383920388356,281.9868218751829,12973988,-2.375701904296875,0.3928719144162673
2022-09-19,284.74432373046875,285.8473356152218,279.22931808723854,279.22931808723854,14918717,3.64837646484375,0.40420241785645644
2022-09-20,285.0837097167969,288.1381752501277,284.23524109303435,287.4169782644429,9892945,0.339385986328125,0.40525642478877216
2022-09-21,289.2835998535156,292.8895848660916,284.65949549309363,285.0837163697409,21800547,4.19989013671875,0.4182997250350768
2022-09-22,292.7623291015625,295.9016336736952,289.2412095855803,289.32604838745686,25111230,3.478729248046875,0.42910336717351755
2022-09-23,293.90771484375,296.5803922676212,291.27749715157046,294.84102223295355,23718397,1.1453857421875,0.43266051025270774
2022-09-26,282.198974609375,293.52593631754155,281.4777775573842,292.5926288126759,16829922,-11.708740234375,0.3962975080284981
2022-09-27,284.1080017089844,288.0958020043659,283.386804641424,284.23527336151096,10375837,1.909027099609375,0.4022262377876034
2022-09-28,275.70819091796875,282.7928350538754,275.1566715464111,281.64741725032246,16151900,-8.399810791015625,0.3761395425187212
2022-09-29,282.5807189941406,284.1503845053013,278.0838597710169,279.1444387617436,18985406,6.872528076171875,0.3974830644277731
2022-09-30,281.85955810546875,284.87161788294566,280.12021479186643,282.5807551382411,12906555,-0.721160888671875,0.39524340631990934
2022-10-03,275.2415466308594,282.5383559337637,274.2658331722687,282.4534902406312,9462192,-6.618011474609375,0.3746903185278894
2022-10-04,282.4110412597656,283.386754569709,278.29599692921727,278.8899222393101,9142294,7.16949462890625,0.39695610834975176
2022-10-06,285.63525390625,287.88368406544515,282.1565668767165,284.23529252434463,23091432,3.224212646484375,0.40696931637116057
2022-10-07,283.4716491699219,285.8049178082336,281.0959476871794,285.7624849638028,10910698,-2.163604736328125,0.40024996294247733
2022-10-10,278.16876220703125,281.22322795270395,276.6415293341949,279.9929443291806,9750594,-5.302886962890625,0.38378116386021494
2022-10-11,276.8536071777344,280.37472625070114,275.83543412223884,279.14444277206616,11018577,-1.315155029296875,0.37969678037418436
2022-10-12,280.0777893066406,281.22323415422954,275.53852343376366,278.2536071442645,10735673,3.22418212890625,0.3897098936193201
2022-10-13,278.84747314453125,281.09590262379754,278.2959807066879,279.9504849104826,7546587,-1.230316162109375,0.3858889881723003
2022-10-14,281.7746887207031,283.30192142131654,280.71410970943646,281.94439319422315,6672357,2.927215576171875,0.3949798335046257
2022-10-17,281.9020080566406,284.02316643811577,279.6535780210553,280.92626767188614,7195922,0.1273193359375,0.39537524011568775
2022-10-18,288.7320556640625,289.32598091924035,283.0049404029116,283.3443224215469,21691854,6.830047607421875,0.41658683345268827
2022-10-19,293.8653259277344,294.79863337104103,288.30788722151016,291.10780955143014,16923690,5.133270263671875,0.43252886600947543
2022-10-20,296.7076416015625,297.76822054506124,292.5501646137732,294.4167792518886,19186222,2.842315673828125,0.4413560437502441
2022-10-21,293.22900390625,299.67731800764,292.29569634777005,299.67731800764,28426343,-3.4786376953125,0.4305526859406223
2022-10-24,295.0107116699219,296.70764877666187,294.41678637158947,296.071290639068,3292671,1.781707763671875,0.4360860090886655
2022-10-25,293.8228759765625,296.53795935090176,291.5744462967065,296.495526509488,17906260,-1.187835693359375,0.432397032213697
2022-10-27,293.398681640625,295.56224583319454,291.7441771396938,294.1198517779685,19273344,-0.4241943359375,0.4310796420186436
2022-10-28,293.398681640625,295.7743562788997,292.80475625848896,294.88348165083033,13572499,0.0,0.4310796420186436
2022-10-31,295.85919189453125,297.3864245947382,292.507750388103,295.2652665727693,14358449,2.46051025390625,0.43872107380759134
2022-11-01,296.5379943847656,297.3864630814123,294.5865405837215,296.3258839331715,20422565,0.678802490234375,0.4408291824484957
2022-11-02,300.9075927734375,302.2651212216322,295.6895356588628,295.6895356588628,17427813,4.369598388671875,0.45439953354909474
2022-11-03,300.1015014648437,304.1741129474546,299.5075761558936,300.35604472443185,11149636,-0.8060913085938068,0.451896113073401
2022-11-04,300.0166320800781,302.0529512413714,299.0833247332908,300.3560410155152,8709851,-0.08486938476556816,0.45163254025811755
2022-11-07,299.93182373046875,302.34995802183795,296.9621969210103,301.2045132515885,10437370,-0.084808349609375,0.4513691569953799
2022-11-09,306.040771484375,306.67712972446185,299.6772966445866,299.93183994062133,21404869,6.10894775390625,0.47034128177706275
2022-11-10,302.0529479980469,305.3619565157679,300.44087657822683,304.59835364489834,20071989,-3.987823486328125,0.45795658185201177
2022-11-11,302.34991455078125,306.25284824059213,300.9075207521037,305.4467856658502,11372654,0.296966552734375,0.45887884976482224
2022-11-14,294.5865478515625,302.85904389971773,294.0774612429606,302.3499841813868,18319254,-7.76336669921875,0.4347687136698852
2022-11-15,292.9320068359375,296.07131112129144,287.75635636940854,296.07131112129144,16046491,-1.654541015625,0.4296303232515389
2022-11-16,291.9562683105469,294.28953683980063,289.8775161651745,293.31379658565174,7897812,-0.975738525390625,0.4266000414740971
2022-11-17,291.6169128417969,294.7986502783493,290.68360534496315,291.9562949415301,10379179,-0.33935546875,0.4255461293180544
2022-11-18,289.36846923828125,292.50777368027974,288.3078901428437,291.61689907183046,8140173,-2.248443603515625,0.41856329785036045
2022-11-21,286.1018981933594,288.47759993471965,283.72622334227106,287.7139968837235,9553090,-3.266571044921875,0.4084185403619924
2022-11-22,288.68963623046875,289.32599435136825,284.8291353377184,285.9321471171892,6746019,2.587738037109375,0.4164550944331829
2022-11-23,288.3078918457031,290.17450676225525,286.3564112400212,290.17450676225525,8067471,-0.381744384765625,0.4152695380339079
2022-11-24,289.11395263671875,290.59875275126353,286.39886882619896,288.30791675223605,8454385,0.806060791015625,0.4177728637333284
2022-11-25,288.7320556640625,290.08961062886783,286.6108978798934,289.32598091924035,7200274,-0.38189697265625,0.41658683345268827
2022-11-28,288.5199890136719,289.96238297928875,287.4169771181529,288.4775561710592,10284123,-0.212066650390625,0.4159282331314346
2022-11-29,290.4290466308594,292.71988240502225,288.47756604814566,288.47756604814566,10582296,1.9090576171875,0.42185705766681286
2022-11-30,288.4775695800781,291.99868897256374,287.6291009202609,289.5381486822823,23425220,-1.95147705078125,0.41579649411192926
2022-12-01,288.09576416015625,289.9199461229615,285.76246876385073,289.9199461229615,17270904,-0.381805419921875,0.4146107481601083
2022-12-02,286.0594482421875,289.15634659950126,285.7200661727962,287.9260630689735,8711914,-2.03631591796875,0.40828670656621396
2022-12-05,285.7200927734375,287.5018689713266,283.5140687816108,286.4836957780927,10090597,-0.33935546875,0.4072327944101713
2022-12-06,286.1867370605469,286.95034003995283,283.47165345215024,283.47165345215024,6571118,0.466644287109375,0.408682018401003
2022-12-07,288.5624389648437,289.75026283547726,285.6352180174455,287.2048837136964,10191144,2.375701904296818,0.4160600669272128
2022-12-08,287.1200256347656,290.30176276848573,286.35639581534434,288.64725838334056,6439244,-1.4424133300780682,0.4115804663826665
2022-12-09,289.6654052734375,290.59871268365674,286.7806442482873,288.2654441581086,8445424,2.545379638671875,0.41948547098689776
2022-12-12,291.1926574707031,291.87144854277307,288.5624395436589,289.3260425256171,11646572,1.527252197265625,0.424228549570455
2022-12-13,293.22900390625,293.5683860283998,290.5139200387797,292.29569634777005,11105261,2.036346435546875,0.4305526859406223
2022-12-14,293.0592956542969,294.71380028505,291.65933433447066,293.56838227615066,7664099,-0.169708251953125,0.4300256350863279
2022-12-15,287.5018920898437,293.6532301390105,286.78069498340045,292.50781209478754,8469001,-5.557403564453182,0.41276640188703334
2022-12-16,284.32012939453125,287.5442727749147,281.09595912387766,286.35642198521447,12907968,-3.181762695312443,0.40288502766140305
2022-12-19,288.9017944335937,290.47143309493754,284.53220672797494,285.7624633303723,8113695,4.581665039062443,0.4171139790832555
2022-12-20,288.6048278808594,289.28359202122505,285.7200668391714,288.51998908588064,5693354,-0.29696655273431816,0.41619171117044534
2022-12-21,284.3625183105469,289.5381420597002,283.81102579490107,289.32603162216475,7316532,-4.2423095703125,0.40301667190463536
2022-12-22,282.0716857910156,286.27156930728074,279.9080947667324,284.7867693372603,6838031,-2.29083251953125,0.3959021961937091
2022-12-23,277.19305419921875,281.60507572980026,276.0476361335984,280.7566069481185,10461859,-4.878631591796875,0.3807509768590461
2022-12-26,283.8958435058594,284.3200912396883,276.1748412992115,277.0232829863363,9934633,6.702789306640625,0.4015673531375306
2022-12-27,282.66558837890625,285.4230776567746,280.12018263364325,284.74431354747776,6986433,-1.230255126953125,0.39774663724305687
2022-12-28,283.7261962890625,284.2352559777639,281.26562908421664,282.4110738869009,8035558,1.06060791015625,0.40104049183578233
2022-12-29,284.5321960449219,284.87157809112585,281.30802627058534,283.683727484279,8417520,0.805999755859375,0.4035436279826567
2022-12-30,281.3080444335937,285.7200650996448,280.4171698660711,284.57462036820016,7228324,-3.224151611328182,0.39353060951379376
2023-01-02,282.4110412597656,283.386754569709,279.6959579693791,280.756536959526,6181118,1.1029968261719318,0.39695610834975176
2023-01-03,280.92626953125,282.8353174652673,280.2050724499425,281.2656516476997,6228015,-1.484771728515625,0.39234495833824595
2023-01-04,277.44757080078125,282.1141083151708,276.5991021008185,281.56261576081664,6947412,-3.47869873046875,0.38154141097607813
2023-01-05,282.920166015625,283.3019809936325,278.4657386096879,278.84755358769536,8486143,5.47259521484375,0.3985372609126349
2023-01-06,284.2776794433594,286.3988375987267,282.6231750065621,283.9807033186684,8603181,1.357513427734375,0.40275319386562475
2023-01-09,286.8230285644531,289.58054463499064,285.21095713936296,285.8897212246361,11027747,2.54534912109375,0.4106581036935831
2023-01-10,282.8777160644531,287.12003234184647,282.15651907046407,286.6957845799462,7217255,-3.9453125,0.3984054271168565
2023-01-11,281.5201721191406,284.3201214106787,281.09595123056147,284.3201214106787,4760847,-1.3575439453125,0.3941893993875936
2023-01-12,279.8656616210937,283.0473988879398,278.3808616526731,282.8777212922585,6894087,-1.6545104980469318,0.38905110374552027
2023-01-13,278.9323425292969,281.9019692324323,276.93845607653475,279.86564993738693,14967746,-0.9333190917968182,0.38615256098758394
2023-01-16,280.1626281738281,281.8595385239895,277.91419843087994,280.2898998113737,8571826,1.23028564453125,0.38997337165833085
2023-01-17,281.9020080566406,282.9625872473782,279.2293571008688,280.16266463749616,14240647,1.7393798828125,0.39537524011568775
2023-01-18,283.93829345703125,285.55036502803495,282.02924576542426,283.38677405884465,13039078,2.036285400390625,0.401699186933309
2023-01-19,281.817138671875,284.7867654617728,281.3928909074505,283.38677741846726,8667564,-2.12115478515625,0.3951116673004041
2023-01-20,283.8958435058594,284.40493003034743,279.35657829672897,281.6898467168552,13608325,2.078704833984375,0.4015673531375306
2023-01-23,286.5685119628906,286.90792092736035,282.58073897818645,285.08371202697504,7399204,2.67266845703125,0.409867669576551
2023-01-24,287.5867004394531,289.11393330008354,286.4412825165477,286.6109601175791,12776694,1.0181884765625,0.41302978514977123
2023-01-25,287.8412170410156,289.3260169185744,284.44734265185195,287.5442409313436,12978859,0.2545166015625,0.4138202192668032
2023-01-27,293.568359375,295.9864937498961,289.7502637894881,290.0048070805581,21850457,5.727142333984375,0.43160659809666496
2023-01-30,292.5502014160156,298.44702215928777,290.0472283408259,294.33197749206926,14634225,-1.018157958984375,0.4284445772997179
2023-01-31,298.95611572265625,301.20454577184114,289.36849699017176,293.5683809303978,17794183,6.405914306640625,0.44833896999421113
2023-02-01,306.6346740722656,310.2830649667827,279.22932296558173,299.5075967647228,67003785,7.678558349609375,0.4721857228264104
2023-02-02,321.228271484375,326.4038952631198,305.78623894558626,306.8043851857387,57892084,14.593597412109375,0.5175080209159861
2023-02-03,322.9676208496094,324.3251491955415,315.6284059198903,324.02819995371976,23153980,1.739349365234375,0.5229097945970702
2023-02-06,325.3009033203125,329.3735423116644,322.0767330263481,324.537300315853,26783409,2.333282470703125,0.5301561041037748
2023-02-07,316.6889343261719,325.72505824173874,312.61632305007925,325.72505824173874,21438758,-8.611968994140625,0.5034105241848199
2023-02-08,318.6404113769531,320.1252111137726,315.24653730948364,317.9616204293005,10821785,1.95147705078125,0.5094710877397035
2023-02-09,317.5374450683594,322.4161195709826,315.7556689949735,317.3253346313471,12318006,-1.10296630859375,0.5060456836800187
2023-02-10,315.076904296875,319.82828026077203,314.18600281658485,315.7981012936871,10674456,-2.460540771484375,0.49840415711479796
2023-02-13,317.4949951171875,318.30103086856315,313.9314431624316,316.4768489402288,10282470,2.4180908203125,0.5059138498842404
2023-02-14,327.8887023925781,328.9068755452573,317.11320683176126,318.1738128292252,30246745,10.393707275390625,0.5381928477275115
2023-02-15,329.5971069335937,330.1576373531898,326.4494562746619,329.2090347980511,12679568,1.7084045410155682,0.5434985182677474
2023-02-16,329.8988952636719,332.2273005530684,328.5622206837356,329.42459402539896,10151755,0.30178833007818184,0.5444357608316961
2023-02-17,330.6319274902344,331.62365824844454,327.0531039108078,328.6053650697272,7967611,0.7330322265625,0.5467122869097667
2023-02-20,331.1925048828125,334.1676975795838,328.8209982383873,331.7530626940049,8105569,0.560577392578125,0.5484532322689706
2023-02-21,329.64019775390625,332.7878483165369,329.165896490848,332.011731400145,8577674,-1.55230712890625,0.5436323423652596
2023-02-22,331.02001953125,331.92549387387686,327.69991050035287,329.4246300412966,9306194,1.37982177734375,0.547917556773831
2023-02-23,334.2539367675781,339.7730945772103,330.3732695376657,331.5374861052107,19555814,3.233917236328125,0.5579609036500619
2023-02-24,332.0979919433594,335.46122933796937,328.5622689227143,335.46122933796937,13407431,-2.15594482421875,0.5512653390659079
2023-02-27,329.5971069335937,333.56400276915014,326.06138413911924,332.0979706999546,8455904,-2.500885009765682,0.5434985182677474
2023-02-28,324.8540954589844,331.36498387124664,323.3880905915263,329.8558507634998,16997837,-4.743011474609318,0.5287684846904097
2023-03-01,326.57879638671875,328.0448283784041,322.1807277426097,322.74125813257007,8065784,1.724700927734375,0.5341247657604413
2023-03-02,323.86236572265625,327.48429035456184,323.12934968272515,327.2687038324524,5212922,-2.7164306640625,0.5256885401459024
2023-03-03,331.9686279296875,332.3567000823072,324.3366789162476,325.1127958905374,8495772,8.10626220703125,0.5508635824445531
2023-03-06,334.7281799316406,338.4794891131445,332.2273162542871,332.78784665393346,11126980,2.759552001953125,0.5594337269328769
2023-03-08,338.3932189941406,339.0400058376039,332.09794548519795,334.59880906167905,9261146,3.6650390625,0.5708159782181379
2023-03-09,334.1676940917969,339.4281368957816,332.5723044881299,338.1345903151372,10005328,-4.22552490234375,0.5576930659024919
2023-03-10,334.5988464355469,336.4960516136908,330.71817960319845,333.6933720845052,8684320,0.43115234375,0.5590320650877951
2023-03-13,330.8475341796875,337.09970743167725,329.8558306919474,335.6336753224757,9130473,-3.751312255859375,0.5473818812786913
2023-03-14,327.4411926269531,333.26216543515204,325.2852727230352,332.615405862546,10623744,-3.406341552734375,0.5368030484598667
2023-03-15,327.1824645996094,331.4080750926228,325.9751473158912,328.56224016331714,8748113,-0.25872802734375,0.5359995352171572
2023-03-16,328.9503479003906,329.7264922372089,324.98345172887105,328.21733180371245,16315136,1.76788330078125,0.5414899247135199
2023-03-17,323.86236572265625,332.0117439736037,318.77438167994,332.0117439736037,50787703,-5.087982177734375,0.5256885401459024
2023-03-20,326.6650695800781,327.13937089653774,320.80096815341795,321.9220564154819,10512002,2.802703857421875,0.5343926982842842
2023-03-21,325.06964111328125,326.66503050094747,322.5687774410421,326.66503050094747,12057999,-1.595428466796875,0.5294378895067882
2023-03-22,325.75958251953125,326.7081851155626,322.698160870653,325.0696673607315,4958761,0.68994140625,0.5315805914873468
2023-03-23,328.2604675292969,330.0714436922185,322.8706672816555,325.112816532008,10127917,2.500885009765625,0.5393474122855071
2023-03-24,326.57879638671875,330.28697726919245,325.97513776255107,328.99343088338946,10317108,-1.681671142578125,0.5341247657604413
2023-03-27,327.8724060058594,331.49435844939364,324.55229659809567,325.9320723874694,11232922,1.293609619140625,0.5381422371977158
2023-03-28,327.4842834472656,329.7264597565682,326.1045078701083,327.87235557744657,9523719,-0.38812255859375,0.5369368725573787
2023-03-29,330.0714111328125,331.14937107600696,325.24214184139754,327.8723630095542,10551626,2.587127685546875,0.5449715311031087
2023-03-31,330.7181701660156,331.5805435853681,327.6999041947047,329.42462370246113,9877493,0.646759033203125,0.5469801246573365
2023-04-03,326.7512512207031,331.14934714944366,326.40630734351794,331.14934714944366,7331070,-3.9669189453125,0.534660346479308
2023-04-05,333.2190246582031,333.779555020249,326.7512383893909,326.7512383893909,12055499,6.4677734375,0.5547468506792237
2023-04-06,334.038330078125,336.5822949482747,331.3218522485814,333.43467137499874,13394394,0.819305419921875,0.5572913092811371
2023-04-10,335.0731506347656,336.3235962389909,331.796142451687,334.03831889161165,7044256,1.034820556640625,0.5605050779231562
2023-04-11,341.497802734375,343.3087788915467,334.5988693716791,335.07317069872755,18939829,6.424652099609375,0.580457663249287
2023-04-12,339.385009765625,343.0500903088867,338.13459142159246,343.00696206804207,10122932,-2.11279296875,0.5738961123151911
2023-04-13,341.1528625488281,342.01523606138096,339.5143720066438,341.06663339685826,6292395,1.767852783203125,0.5793864070352808
2023-04-17,345.0766296386719,346.67199180859274,338.8244563489652,338.8244563489652,11466474,3.92376708984375,0.5915721715632514
2023-04-18,343.6536560058594,346.6719490142624,342.3601096682426,344.94722967442203,9860308,-1.4229736328125,0.5871529435046219
2023-04-19,343.8692932128906,346.1114421725692,341.4977595466149,341.5408877821473,10119480,0.21563720703125,0.5878226326498195
2023-04-20,345.2059936523437,347.2325562475899,342.9638171942822,344.94727888172514,6924577,1.3367004394530682,0.5919739281846059
2023-04-21,352.0617980957031,352.7085850216558,344.1280333460661,345.205993335354,14801099,6.855804443359432,0.61326551269604
2023-04-24,352.44989013671875,353.57097842797253,348.5692230239528,353.57097842797253,6212135,0.388092041015625,0.6144707825601043
2023-04-25,354.9076538085937,356.6323734928454,351.3288023855,352.44989067847706,9180650,2.457763671874943,0.6221036844844796
2023-04-26,355.5112609863281,356.15802052504404,352.751682560677,355.29564714247545,7914219,0.6036071777344318,0.6239782643886496
2023-04-27,358.7451477050781,359.95246499815124,354.43330803865933,355.4681397194586,13100076,3.23388671875,0.6340215164886074
2023-04-28,366.9808044433594,369.3091828721778,356.7617343086795,360.4699158290898,13208557,8.23565673828125,0.659598410184886
2023-05-02,366.03216552734375,368.23118634446615,363.22945871103417,367.3688402449391,10648421,-0.948638916015625,0.6566522897378906
2023-05-03,368.3605651855469,369.52478168344135,363.9624959641303,365.6441146856941,7607609,2.328399658203125,0.6638834350409113
2023-05-04,366.1615295410156,368.2311930145085,365.6441000071677,366.7651882201884,8292456,-2.19903564453125,0.6570540463592454
2023-05-05,369.7403564453125,372.4568068586512,365.9459460481473,367.32572170858936,12890455,3.578826904296875,0.6681685546732097
2023-05-08,372.0687255859375,373.7934724501675,370.2577769087297,371.6806807727924,7522610,2.328369140625,0.6753996051999571
2023-05-09,365.47161865234375,373.53476810451167,363.48818430101966,373.2329524268764,10377820,-6.59710693359375,0.6549114391549598
2023-05-10,366.8082885742188,367.670662019015,364.0918381875125,365.6009712176939,10130159,1.3366699218750568,0.6590626399134734
2023-05-11,362.5395812988281,368.5761681543761,361.2460347814821,368.4468107695465,16597954,-4.268707275390682,0.6458056191714963
2023-05-12,362.5827026367188,364.5230087103349,358.78826497218336,362.53957439894646,11564770,0.04312133789068184,0.6459395380452813
2023-05-15,368.9210815429688,369.6971984567748,361.3753622633982,362.19460741222855,9503538,6.33837890625,0.6656241908475693
2023-05-16,365.6009521484375,370.81829345220825,365.212907349826,370.81829345220825,8302077,-3.320129394531307,0.6553131010000415
2023-05-17,368.7486267089844,369.9128158423285,364.4367867607991,365.7734615176885,9844782,3.147674560546875,0.6650886101287026
2023-05-18,361.9359130859375,372.9310991903745,360.5561374586752,370.8183075120231,24919291,-6.812713623046875,0.6439308497147804
2023-05-19,362.0652770996094,364.8679839738804,354.7351437853964,363.0138796934658,26759905,0.129364013671875,0.6443326063361352
2023-05-22,366.2908935546875,367.1532396854441,361.4184957949731,363.8762587942892,16015615,4.225616455078125,0.6574558029806001
2023-05-23,370.0852966308594,371.8531444270912,365.8165849770669,367.3688462448959,9068926,3.794403076171875,0.669239810887216
2023-05-24,373.8366088867188,374.91456886776746,368.231195120506,369.3522833399385,11921823,3.751312255859432,0.6808899946963201
2023-05-25,380.4337463378906,381.5548072858419,374.95768966539407,376.81179405000734,18905572,6.597137451171818,0.7013782555175905
2023-05-26,382.5465087890625,383.538239600723,379.0108132541104,382.3740231705763,13496209,2.112762451171875,0.7079397116754134
2023-05-29,387.28948974609375,389.6178950835666,382.9776502796931,383.7537945024996,20589822,4.74298095703125,0.7226696504764782
2023-05-30,396.694091796875,398.0607904227817,388.8466198986373,388.8466198986373,19627897,9.40460205078125,0.7518768545347225
2023-05-31,392.8144226074219,398.5457429984964,390.1251223394694,396.1650376727589,14821960,-3.879669189453125,0.7398280417212737
2023-06-01,387.7003173828125,394.1370210863762,387.08309960226313,394.1370210863762,9142172,-5.114105224609375,0.7239455286639465
2023-06-02,390.9627380371094,392.2853675267261,387.7884831517181,387.9648430652818,9558309,3.262420654296875,0.7340773965791831
2023-06-05,388.5379638671875,394.0047579044921,388.0530090359599,392.3735334972519,7427630,-2.424774169921875,0.7265469478059483
2023-06-06,390.4337158203125,391.13909958783097,388.3175365729127,388.6702284566719,6703067,1.895751953125,0.7324344498862876
2023-06-07,391.4477233886719,392.9466569120255,390.3896197900168,391.4917924087194,7833952,1.014007568359375,0.7355835811101032
2023-06-08,390.52191162109375,393.0348799089027,389.64016787195294,392.9907829407493,7294955,-0.925811767578125,0.7327083533153309
2023-06-09,386.5981750488281,392.1090385407523,383.6884458318554,383.6884458318554,7329661,-3.923736572265625,0.7205226835636334
2023-06-12,385.2755432128906,388.8024899824118,382.54214619271056,387.9648432684456,9054977,-1.3226318359375,0.7164150798907116
2023-06-13,392.7262268066406,393.6079704879434,386.4658829976891,388.84658814272206,16732376,7.45068359375,0.7395541382922302
2023-06-14,391.9326477050781,394.7982795236642,391.2713330074123,393.475678073175,9039402,-0.7935791015625,0.7370895760884772
2023-06-15,395.10693359375,395.6800544137986,392.1531076187741,392.3735365538048,7787525,3.174285888671875,0.7469477301272165
2023-06-16,399.515625,401.71997024510654,394.9305745944466,395.9004842667059,12181426,4.40869140625,0.7606394896335609
2023-06-19,399.95648193359375,401.9844952034513,398.76614332858287,400.9704885685225,4350517,0.44085693359375,0.7620086276736862
2023-06-20,399.2952270507813,401.0145896483403,396.9145217055857,401.0145896483403,4644353,-0.6612548828124432,0.7599550153897714
2023-06-21,394.18109130859375,400.48553208235376,392.4176318908195,398.5457127503798,6292873,-5.114135742187557,0.7440724075561711
2023-06-22,394.7101135253906,396.47360075584754,393.1229861959164,395.0187084210572,6892713,0.529022216796875,0.7457153542490669
2023-06-23,392.1531372070313,394.7101745249756,390.3455806806158,394.5779115650089,6325479,-2.556976318359318,0.7377743346610861
2023-06-26,392.9907836914063,398.0166923317774,391.49182210948834,394.04885942548816,5688287,0.837646484375,0.7403757538030877
2023-06-27,392.4617309570313,394.3133844460875,390.7423404275395,393.34347470584567,5052984,-0.529052734375,0.7387327123339191
2023-06-28,396.2091369628906,397.3113096684264,391.9327091009996,392.3735670052752,12548096,3.747406005859318,0.7503707647800755
2023-06-30,398.1930236816406,398.5016186026159,393.7843052439284,396.7822281926037,9456776,1.98388671875,0.7565319807369122
2023-07-03,408.46527099609375,410.84594822373344,396.8263269252858,398.1930254553377,11111199,10.272247314453125,0.7884337690135421
2023-07-04,411.19866943359375,412.6535619979312,405.4233079240452,410.0083307348918,8022597,2.7333984375,0.796922690235883
2023-07-05,418.9138488769531,423.8075221771925,409.3910840683227,411.198640473278,16878943,7.715179443359375,0.820883174595713
2023-07-06,417.8557434082031,420.9418321385165,414.8578486022151,420.8977351763538,9835812,-1.05810546875,0.8175970916573756
2023-07-07,413.0062255859375,419.26656948415007,412.3008138639306,417.0622242218856,7605499,-4.849517822265625,0.8025362888871788
2023-07-10,410.75775146484375,415.2105386090239,408.8620012729669,414.4169609627007,6772454,-2.24847412109375,0.7955533626432119
2023-07-11,417.1944885253906,418.4288961670022,410.8900476413551,410.8900476413551,8783282,6.436737060546875,0.8155434793734606
2023-07-12,416.4450378417969,421.2504896379114,414.8138132823327,421.2504896379114,12816220,-0.74945068359375,0.8132159636605023
2023-07-13,416.1804504394531,420.3687117239263,415.29870680932567,417.8557437753052,8214385,-0.26458740234375,0.8123942533733719
2023-07-14,416.9739990234375,418.82565225827096,415.607300592143,417.062192947603,5277090,0.793548583984375,0.814858720800852
2023-07-17,416.4890441894531,419.5310359518704,414.9460137996261,418.3847943862308,6325310,-0.484954833984375,0.8133526310462051
2023-07-18,416.6213684082031,418.1203300012632,415.2987667445577,416.6654653767685,5558415,0.13232421875,0.8137635809660433
2023-07-19,422.2204284667969,423.6311961313096,412.7417319207811,416.8417998975124,14401395,5.59906005859375,0.8311521837780174
2023-07-20,433.947509765625,435.3142083125946,419.9719573146039,423.14621228731295,21030102,11.727081298828125,0.8675721465423152
2023-07-21,432.4485473632813,438.84115426116944,429.4065553495226,433.6388859893509,14510084,-1.4989624023436932,0.8629169255638527
2023-07-24,415.6073303222656,440.6046368082576,412.7857672785159,435.09374572678,40477929,-16.841217041015682,0.8106143549659546
2023-07-25,407.6276245117188,413.0943906903244,401.5436125983575,412.5653388861595,45211370,-7.979705810546818,0.7858323498715405
2023-07-26,416.4009094238281,417.0622241803797,407.4071684589522,409.9201365890031,18842179,8.773284912109318,0.8130789171697077
2023-07-27,410.0523681640625,418.9579145167366,406.5694906208011,418.2966277556302,14528232,-6.348541259765625,0.7933627038685023
2023-07-28,413.0503234863281,413.9320672418531,408.5975636299245,412.3890366283196,10362522,2.997955322265625,0.8026732406017005
2023-07-31,410.62548828125,414.1524348359699,408.6856690733962,413.5352170930307,8510403,-2.424835205078125,0.7951426022759196
2023-08-01,409.8319396972656,413.4029552788153,408.9501960699717,410.89001528311263,6686176,-0.793548583984375,0.7926781348484395
2023-08-02,405.6877746582031,409.831967190005,403.8361213001244,409.65560727477833,10715605,-4.1441650390625,0.7798078960766794
2023-08-03,402.1167602539063,408.9061279792718,400.5737018109815,405.6877760875922,11026824,-3.571014404296818,0.76871765048861
2023-08-04,401.1468505859375,406.8340740267068,400.5296327547288,402.3372172249558,7097614,-0.9699096679688068,0.7657054709793158
2023-08-07,401.102783203125,402.557647823029,397.6199051531631,400.3973993773861,9513953,-0.0440673828125,0.7655686140410671
2023-08-08,398.8543395996094,402.95443547075286,397.7080699276576,402.95443547075286,6638681,-2.248443603515625,0.7585857825733731
2023-08-09,404.4092712402344,405.5114438652784,394.0488317979139,398.8543111498685,10134166,5.554931640625,0.7758373388945523
2023-08-10,398.32525634765625,404.9823890129304,395.9004821797897,404.6296971289538,13702317,-6.084014892578125,0.7569426463279314
2023-08-11,395.6800537109375,400.2210071328504,392.1531069221781,400.2210071328504,12028396,-2.64520263671875,0.7487276285346338
2023-08-14,396.0768127441406,397.8843689948936,392.4176032810885,395.68002392475313,7854074,0.396759033203125,0.7499598148602373
2023-08-16,397.0027160644531,403.3071578186912,395.1951594008033,397.6640309144952,15494896,0.9259033203125,0.7528353269838286
2023-08-17,388.8465881347656,396.7822253766388,387.9648444534809,396.7822253766388,16896158,-8.1561279296875,0.7275054202550544
2023-08-18,389.4197387695313,390.9187003480033,386.6422725084216,388.8466179079935,20068497,0.5731506347656818,0.729285413438745
2023-08-21,394.8424377441406,395.459655576108,389.1552142963807,389.7283631048948,9940689,5.422698974609318,0.746126304168905
2023-08-22,400.5296325683594,401.3232103273356,394.1370532525577,395.9005128088714,10234488,5.68719482421875,0.7637886208573765
2023-08-23,397.1790161132813,401.7640385660093,395.54779169239134,401.7199695458845,8770272,-3.350616455078068,0.7533828495130968
2023-08-24,397.5758056640625,399.8683168944663,396.1650101758445,397.31127976346886,6322751,0.39678955078119316,0.7546151306149731
2023-08-25,390.9186706542969,397.66396930020994,389.7724010734439,397.5758033154812,9628041,-6.657135009765625,0.7339405396409344
2023-08-28,389.19927978515625,394.0047590921613,388.8465879018226,392.373534680004,7176903,-1.719390869140625,0.7286007496424092
2023-08-29,388.0530395507813,391.4918206043856,387.2594897394823,390.566007833729,9845106,-1.1462402343749432,0.7250409528275745
2023-08-30,390.4337158203125,391.49179147159015,388.4057025576413,388.8465883709738,7648569,2.380676269531193,0.7324344498862876
2023-08-31,387.7003173828125,392.2853677447282,384.5260624956572,390.6100463718974,20666732,-2.7333984375,0.7239455286639465
2023-09-01,388.8906555175781,392.37353326329537,386.4658813628861,387.9648428202756,11879159,1.190338134765625,0.7276422771933031
2023-09-04,385.760498046875,390.9186692245814,385.0110173173097,390.9186692245814,14128562,-3.130157470703125,0.7179211696453587
2023-09-05,390.6982421875,391.9326777545587,386.64224360214206,386.9949354863239,8701612,4.937744140625,0.7332559706208719
2023-09-06,394.5337829589844,395.4596236045077,389.7283315966505,391.4477219934921,13358433,3.835540771484375,0.7451677369435259
2023-09-07,393.1671142578125,395.9004833529414,392.0208446728586,395.72415138285294,8401953,-1.366668701171875,0.7409233711086285
2023-09-08,390.3014526367188,394.9305720324435,389.59606886962337,394.9305720324435,10322317,-2.865661621093693,0.7320236895189955
2023-09-11,394.3133544921875,395.1069321892906,390.3014528764185,393.2552788408946,9679540,4.011901855468693,0.7444831679234634
2023-09-12,397.7962341308594,400.5737001941304,392.9025888101775,395.8123178235895,14961276,3.482879638671875,0.7552996996350356
2023-09-13,399.8683166503906,402.9544055806916,397.75213739177775,398.722047063466,12268130,2.07208251953125,0.7617348190209157
2023-09-14,396.7381286621094,401.9844937883668,394.2692854757375,401.9844937883668,14986708,-3.13018798828125,0.7520136166966982
2023-09-15,395.327392578125,398.6339106894516,394.13705388260456,395.0628666580434,15657801,-1.410736083984375,0.7476323939235521
2023-09-18,398.58978271484375,400.309173116776,393.431611509047,395.3273618255969,8513132,3.26239013671875,0.7577641670625157
2023-09-20,399.3833618164063,401.27908419477126,396.3854388712871,398.2811891944968,10343224,0.7935791015625568,0.7602287292662688
2023-09-21,394.5779113769531,399.91241496196153,391.932708068574,399.2511281072901,11132308,-4.805450439453182,0.7453047834343207
2023-09-22,390.6982421875,395.3714585563873,389.94876145429686,394.5778808583447,7795399,-3.879669189453125,0.7332559706208719
2023-09-25,390.2573547363281,392.19717406361207,386.5099790308792,390.6982405483392,6005673,-0.440887451171875,0.7318867378044736
2023-09-26,390.1251220703125,391.9327065336341,387.7003477229867,391.13912877732025,5533023,-0.132232666015625,0.7314760722134546
2023-09-27,396.0327758789063,396.60589674176185,386.90679931722025,390.12512348770593,10894817,5.907653808593807,0.7498230526982619
2023-09-28,388.6261596679688,396.73812888894656,387.6121530360298,396.73812888894656,10610213,-7.4066162109375,0.7268208512349921
2023-09-29,391.844482421875,392.9025860154766,387.2594599990833,389.728331124361,8474326,3.218322753906193,0.7368157674357068
2023-10-03,387.7444763183594,390.52194280231527,387.3035904361631,388.8466491065767,7770032,-4.100006103515625,0.7240826699310143
2023-10-04,384.5260314941406,389.4637733404414,382.0571605709903,387.7443830864504,13912656,-3.21844482421875,0.7140873746252074
2023-10-05,384.4819641113281,388.4056997135795,383.60024838080864,387.9648418483198,10416552,-0.0440673828125,0.7139505176869587
2023-10-06,389.860595703125,391.1391283274335,385.01104701405137,386.0691227430729,8742804,5.378631591796875,0.73065455147887
2023-10-09,388.3616638183594,390.7864381737921,385.5401005834431,388.802521721221,5827256,-1.498931884765625,0.7259994252766804
2023-10-10,391.844482421875,392.2412712694756,388.36163261252193,388.36163261252193,5207891,3.482818603515625,0.7368157674357068
2023-10-11,395.2392272949219,396.2973030322983,392.1972071533767,394.31338657297647,7946195,3.394744873046875,0.7473585852707816
2023-10-12,397.3994445800781,398.986572034128,393.3875429524582,396.4736318755676,12227957,2.16021728515625,0.7540674185331591
2023-10-13,395.327392578125,398.3693847693699,394.13705388260456,396.64999423368624,7926432,-2.072052001953125,0.7476323939235521
2023-10-16,395.8564147949219,397.6639711870845,393.431612672195,395.0187401290674,4377288,0.529022216796875,0.7492753406164476
2023-10-17,399.82421875,400.7500593993467,395.9004831074062,396.605866877012,7203352,3.967803955078125,0.7615978673063939
2023-10-18,398.2371215820313,404.0125110176941,397.6640007187461,400.52963298001873,7160492,-1.5870971679686932,0.7566689324514342
2023-10-19,397.1349182128906,401.10275081576816,394.0047602733921,396.5617973938608,9830006,-1.1022033691406818,0.7532458977985748
2023-10-20,386.4659118652344,395.9005112757291,385.6282650861233,392.37356423191306,13521824,-10.66900634765625,0.7201119231963413
2023-10-23,384.3497314453125,387.9207754477462,381.88088808255816,386.2013849260132,7555671,-2.116180419921875,0.7135398520959395
2023-10-25,381.5281677246094,386.2013844157009,376.5463560928988,385.2314746811173,11308597,-2.821563720703125,0.7047771222208281
2023-10-26,382.9830017089844,384.9668898978262,378.7506435644793,378.7506435644793,19525305,1.454833984375,0.709295296708496
2023-10-27,382.4540100097656,385.1433102748754,381.0873113931801,382.983061847114,13638258,-0.52899169921875,0.7076524447918733
2023-10-30,379.5442810058594,385.45190543187744,377.6926275189534,383.1593940434996,7911426,-2.90972900390625,0.6986159062639914
2023-10-31,377.7366638183594,382.1012852111128,377.2958059550796,379.1474592815744,8952141,-1.8076171875,0.6930021180601498
2023-11-01,377.47216796875,380.1173710528435,375.1796288213682,379.1474613923529,8297973,-0.264495849609375,0.6921806921018383
2023-11-02,380.1614990234375,381.52816969661706,377.957153625291,379.1915892838408,8465990,2.6893310546875,0.7005327563859307
2023-11-03,382.0130920410156,383.0270986623854,380.1173696913357,381.6163311412138,14334179,1.851593017578125,0.7062831171992021
2023-11-06,383.8647766113281,385.14330923317976,381.3959332483555,382.233580025327,7589690,1.8516845703125,0.7120337623412925
2023-11-07,381.5281677246094,383.468015138623,381.0432128573176,383.468015138623,5321353,-2.33660888671875,0.7047771222208281
2023-11-08,385.2755432128906,385.7604980443893,381.1754476826205,381.924928412181,7248663,3.74737548828125,0.7164150798907116
2023-11-09,383.0271301269531,386.2013852551894,382.5862722265829,386.02505327298,8085620,-2.2484130859375,0.7094323431992908
2023-11-10,384.9228820800781,386.2013867630515,381.3518380606581,383.02713162242185,4236307,1.895751953125,0.7153198452796299
2023-11-13,384.43792724609375,386.5540787101486,383.5561834969809,386.5540787101486,3888975,-0.484954833984375,0.7138137555249828
2023-11-15,389.6842041015625,390.16915889627495,385.7604687825829,386.28952053857546,7722827,5.24627685546875,0.7301067446207832
2023-11-16,386.7745361328125,391.9327077300588,385.8486954142867,389.6842653584857,11276031,-2.90966796875,0.7210703956454474
2023-11-17,387.3035278320313,389.28744411911,386.46588111956,387.3035278320313,6911592,0.5289916992188068,0.7227132475620701
2023-11-20,385.1432800292969,388.2293689300651,383.11529472013177,387.83258008321394,4502356,-2.160247802734432,0.7160043195234196
2023-11-21,384.6583557128906,387.3476559801488,383.9970409156769,385.45190552470046,6228803,-0.48492431640625,0.7144983245450456
2023-11-22,387.7003173828125,388.3175351633618,383.3797929189672,385.31964018986827,5074887,3.041961669921875,0.7239455286639465
2023-11-23,388.2734069824219,389.94872822056055,386.4217817344849,388.802458736028,6611803,0.573089599609375,0.725725332295091
2023-11-24,386.0250244140625,389.94876003547023,385.1873776990728,388.8465874220955,7084608,-2.248382568359375,0.718742690379943
2023-11-28,383.7765502929688,387.0830678579953,383.4679554004239,386.2013242516864,9082513,-2.248474121093693,0.7117597641359761
2023-11-29,385.4960021972656,386.6422718632752,382.8067019320691,384.43792646738143,14316126,1.7194519042968182,0.7170997436870474
2023-11-30,384.2615356445313,386.5981438118981,383.1152940155287,385.05511333677407,15710110,-1.2344665527343182,0.7132659486668962
2023-12-01,396.6058654785156,397.61987210927634,385.67233325364487,386.1131911218828,20081576,12.344329833984318,0.7516028563294059
2023-12-04,400.3533020019531,402.4253844534839,397.6640017173166,401.1909487872724,13293194,3.7474365234375,0.7632410035518358
2023-12-05,398.32525634765625,403.6597874618072,396.87039184693634,401.1909163291269,12603697,-2.028045654296875,0.7569426463279314
2023-12-06,408.46527099609375,409.56744362422006,398.6338833286502,400.2210107953583,21203900,10.1400146484375,0.7884337690135421
2023-12-07,403.92431640625,409.831968383296,403.3070986184266,409.7878714181497,11746535,-4.54095458984375,0.7743312491399055
2023-12-08,396.0327758789063,407.01043387871886,395.45965501605065,405.55554132019086,19386851,-7.891540527343693,0.7498230526982619
2023-12-11,398.94244384765625,399.9564504026448,396.1649780066468,398.104797193691,6854157,2.909667968749943,0.7588594016735974
2023-12-12,399.515625,405.5996089341438,398.8543102485301,400.4855346722593,10549319,0.57318115234375,0.7606394896335609
2023-12-13,401.7640380859375,404.58560110918506,399.5156238272296,402.3371868504772,11718443,2.2484130859375,0.7676222263249819
2023-12-14,405.6877746582031,406.4813523594561,396.2972728624452,405.5996086730122,14924265,3.923736572265625,0.7798078960766794
2023-12-15,404.0125122070313,408.2007740802865,401.1909489608763,407.2749333578038,16397959,-1.6752624511718182,0.774605152568949
2023-12-18,398.2371215820313,402.0726915313319,397.0908519106141,401.1909477798453,12490839,-5.775390625,0.7566689324514342
2023-12-19,402.1608581542969,403.83615172335817,398.58981411932143,399.7360837925379,10664235,3.923736572265568,0.7688546022031315
2023-12-20,397.6639709472656,404.9382934765252,396.1650094764444,404.7178645413679,10766954,-4.49688720703125,0.7548889392677434
2023-12-21,398.060791015625,400.0887765009009,391.888612678095,395.900514625066,11584223,0.396820068359375,0.756121315145893
2023-12-22,401.36724853515625,401.9844662757167,397.2671532703954,399.4274013899357,11450973,3.30645751953125,0.7663899452231053
2023-12-26,402.4694519042969,404.62970018930855,400.92639346227867,402.1167600176528,6097422,1.102203369140625,0.7698129798759645
2023-12-27,403.0425720214844,404.27700759500016,400.0887460380605,402.9544060361889,7833901,0.5731201171875,0.7715928782833819
2023-12-28,409.2147521972656,409.74377605686726,402.16083060240936,403.1307402806648,21493169,6.17218017578125,0.7907613795027735
2023-12-29,407.45123291015625,412.5653068032405,406.78991820637697,409.2147201570059,13384631,-1.763519287109375,0.7852845430134534
2024-01-01,412.6976013183594,414.3729227144936,407.9362189213962,408.6856996614059,9706230,5.246368408203125,0.8015778164380727
2024-01-02,414.7256164550781,415.6073322050578,408.7738674736452,414.4169935867092,10924918,2.02801513671875,0.807876078885704
2024-01-03,420.8095703125,423.8515620887155,413.8438431283786,414.6373928355098,24961710,6.083953857421875,0.826770581899779
2024-01-04,420.0600891113281,424.5128762817951,418.1202698908769,423.2343438256743,12240910,-0.749481201171875,0.8244429714105479
2024-01-05,417.8998718261719,422.7053512147422,416.1804814002084,422.7053512147422,9564086,-2.16021728515625,0.8177341381481702
2024-01-08,410.4491882324219,419.26656927712605,409.6115135595052,418.8256834579839,8311403,-7.45068359375,0.7945950797466517
2024-01-09,409.6115417480469,414.3729524313202,408.8179919307326,412.2126760420016,5916180,-0.837646484375,0.79199366060465
2024-01-10,408.5093078613281,411.55132754917855,405.64367602067045,409.6114804026986,6123200,-1.10223388671875,0.7885705311755178
2024-01-11,407.9362487792969,411.3750298640487,406.5695501501203,409.2147814163854,6786448,-0.57305908203125,0.7867908223206463
2024-01-12,411.5072937011719,412.3890374584718,405.90826415683006,408.46530149160697,9714589,3.571044921875,0.7978811626849891
2024-01-15,412.3008117675781,414.8578768502671,410.9782102059132,414.4169910331489,7167978,0.79351806640625,0.8003455353361961
2024-01-16,416.4450378417969,418.8257152554964,409.3470466797199,412.4772048925016,12531058,4.14422607421875,0.8132159636605023
2024-01-17,411.4190979003906,420.5891708332484,410.18466231857855,415.651428506,11536527,-5.02593994140625,0.7976072592559458
2024-01-18,410.4491882324219,412.5212705423398,400.794132514801,410.2287313504283,9495938,-0.96990966796875,0.7945950797466517
2024-01-19,415.7395935058594,417.06222301526753,411.2427370084064,413.1384873419948,12673308,5.2904052734375,0.8110251153332468
2024-01-23,404.982421875,417.7235394762181,402.42538455004734,417.7235394762181,8728196,-10.757171630859375,0.7776173320782429
2024-01-24,408.77386474609375,412.12447958613257,403.9243163741842,405.6877758072218,22459072,3.79144287109375,0.7893921466863751
2024-01-25,401.7640380859375,409.9642012558687,398.6338801428064,408.7297936314898,20435547,-7.00982666015625,0.7676222263249819
2024-01-29,396.6058654785156,403.17483215123497,394.5778801618387,401.98449355111694,18557346,-5.158172607421875,0.7516028563294059
2024-01-30,386.2454528808594,400.0446450412793,385.6723320649476,394.1370210788141,45190319,-10.36041259765625,0.7194272594000057
2024-01-31,389.33154296875,390.16918968527705,386.8185748743243,387.96484445448186,20648695,3.086090087890625,0.7290115100097014
2024-02-01,390.52191162109375,394.7983394623376,387.3476564800643,389.72836180825976,19903526,1.19036865234375,0.7327083533153309
2024-02-02,388.0530395507813,394.31338382927,387.5240156581975,392.37356435182073,17816750,-2.468872070312443,0.7250409528275745
2024-02-05,386.2454528808594,391.1831951251593,384.9228513353775,389.7283306306448,12505666,-1.8075866699219318,0.7194272594000057
2024-02-06,380.38189697265625,388.7583920360094,378.70657560411007,387.96484228867234,19487043,-5.863555908203125,0.7012172306297202
2024-02-07,380.7345886230469,383.5561516187938,379.8528449472176,383.5561516187938,13376903,0.352691650390625,0.702312560017075
2024-02-08,371.1029357910156,384.12800816758073,365.7765333782061,384.038496666974,50039587,-9.63165283203125,0.6724002204875217
2024-02-09,371.953369140625,379.74157904258544,365.7765364911936,367.11932249698526,33527317,0.850433349609375,0.6750413508879212
2024-02-12,364.2099304199219,374.1913565530827,363.4937816638938,373.7885122385735,11326971,-7.743438720703125,0.6509931036992698
2024-02-13,364.1204223632813,367.7459644855346,361.0320059987887,364.2547038027215,16207766,-0.08950805664056816,0.6507151248904863
2024-02-14,368.4173889160156,369.0440262056098,362.0167345743524,363.4490605382752,12618012,4.296966552734318,0.6640599084612846
2024-02-15,361.5691528320313,371.10296536010526,360.8977455956946,369.7154093192213,21169031,-6.848236083984318,0.6427918284655609
2024-02-16,362.1957702636719,366.6269726665046,357.54074654679084,362.5538446463064,38963810,0.6266174316405682,0.6447378696795918
2024-02-19,366.3583984375,369.4915846526361,362.1957590434242,362.5538334149661,17602580,4.162628173828125,0.6576654480965325
2024-02-20,363.5385437011719,367.4326485808488,361.9271948494633,367.4326485808488,14626643,-2.819854736328125,0.6489080256927104
2024-02-21,361.0767517089844,367.1193025930997,359.24158161687234,364.34419085928846,20162369,-2.4617919921875,0.6412626133002957
2024-02-22,371.0133972167969,371.6400344179484,361.1662533578362,364.2546694308995,19321180,9.9366455078125,0.6721221469024652
2024-02-23,368.2830810546875,372.3114390234385,367.477392438148,372.3114390234385,11576964,-2.730316162109375,0.6636427980836996
2024-02-26,366.3136596679688,369.7601503452562,364.6127709260232,368.0145200385987,8289561,-1.9694213867186932,0.6575265060802773
2024-02-27,368.0592651367188,369.49159101888046,365.7317674959364,367.0298119400418,8083518,1.74560546875,0.6629477088973315
2024-02-28,365.5079650878906,369.1335070788597,364.1651791134282,368.05925560223767,8949664,-2.551300048828182,0.655024317696133
2024-02-29,363.7175903320313,367.9697698582137,362.1062413756304,366.1346279522911,15468800,-1.7903747558593182,0.6494640780865508
2024-03-01,366.5821838378906,369.8496514216038,364.7918120169836,366.045086477276,12873024,2.864593505859318,0.6583604425066278
2024-03-04,366.2240905761719,369.6706093497892,365.6422233108164,369.0439721519782,7103794,-0.35809326171875,0.6572483377189475
2024-03-05,363.5832824707031,368.2830759257672,361.61385926389903,366.7164686503074,10108373,-2.64080810546875,0.6490469677089656
2024-03-06,365.1051330566406,366.98504483260456,358.7045074023188,363.89662847613386,11534613,1.5218505859375,0.6537732708921975
2024-03-07,370.207763671875,371.4610382604241,361.345330044654,365.1051538103014,23907135,5.102630615234375,0.669620148070867
2024-03-11,366.4927062988281,374.4599396612226,365.2394317224076,373.11715357829127,18298683,-3.715057373046875,0.6580825584741172
2024-03-12,362.0614929199219,363.896634790929,357.49598065421884,363.896634790929,36226074,-4.43121337890625,0.6443208540782801
2024-03-13,378.1749572753906,392.095229358512,377.01122268812105,389.409657449551,105525827,16.11346435546875,0.6943632948933407
2024-03-14,375.6684265136719,380.9053175233625,374.1913590552437,377.7273896651653,31949569,-2.50653076171875,0.6865789404846707
2024-03-15,375.1760864257813,383.63567558518434,371.72959554493326,373.47522595469314,76074975,-0.49234008789056816,0.6850499148719518
2024-03-18,373.6990051269531,376.60839849305466,373.2066493049854,375.0865610901303,16547358,-1.4770812988281818,0.6804626484812482
2024-03-19,366.626953125,375.5788973276656,365.86603446321567,374.1913414368421,21803126,-7.072052001953125,0.6584994792991561
2024-03-20,372.1324462890625,372.9828765392553,366.626992075554,367.0298364165878,20364534,5.5054931640625,0.6755974980580344
2024-03-21,377.1007385253906,377.7721173246992,372.5799964429272,375.086545384835,19968509,4.968292236328125,0.6910271700828459
2024-03-22,383.680419921875,384.6203616007256,377.1007430559745,377.1007430559745,40358503,6.579681396484375,0.7114612188759459
2024-03-26,382.8299865722656,384.2175424825222,380.9500748588195,380.9500748588195,10669833,-0.850433349609375,0.7088200884755465
2024-03-27,383.1432800292969,383.94896861397046,381.7557241587908,382.2480799478754,12698464,0.31329345703125,0.7097930616944255
2024-03-28,383.4566345214844,387.84306693740666,382.2481015760932,383.1433017081666,29009002,0.3133544921875,0.7107662244658506
2024-04-01,381.9795837402344,386.1422233976248,381.1291251362953,384.12803010538937,9743648,-1.47705078125,0.70617905285142
2024-04-02,381.2186584472656,383.7699491011881,380.0996653454435,383.7699491011881,9194659,-0.76092529296875,0.7038159012598042
2024-04-03,380.63677978515625,383.8595061643156,376.8769843568866,381.3529569645905,13152268,-0.581878662109375,0.7020088020620285
2024-04-04,378.4435424804688,382.561440456257,375.89225185348187,380.9500915414978,19065447,-2.193237304687443,0.6951974208722378
2024-04-05,382.740478515625,386.4555320406198,375.9369803377719,378.2197363756284,16768902,4.296936035156193,0.708542109666763
2024-04-08,384.12799072265625,386.1869537423144,382.9194862197439,383.4118420076944,8844633,1.38751220703125,0.7128512076961369
2024-04-09,381.6662292480469,386.2764829149658,380.9500805003139,385.3365412299807,6967273,-2.461761474609375,0.7052058900799951
2024-04-10,391.1552734375,391.9161920705973,381.12907815086623,383.41183405015806,14547618,9.489044189453125,0.7346753400857007
2024-04-12,385.0232238769531,390.0810919927324,383.411874944211,389.4096847827078,18785009,-6.132049560546875,0.7156314696653374
2024-04-15,381.2633666992188,384.17275985826257,378.5777948380354,383.1432783505728,9083087,-3.759857177734318,0.7039547484997866
2024-04-16,381.2633666992188,382.2480782730736,378.84635769841657,378.89109926093727,10357752,0.0,0.7039547484997866
2024-04-18,374.9522705078125,382.1585846561629,373.87804738734405,381.3529244086404,22133191,-6.311096191406307,0.6843548256855831
2024-04-19,380.2339477539063,381.5767338052428,372.4009960212404,374.19136796591687,17221280,5.281677246093807,0.700757755258093
2024-04-22,380.7262878417969,382.7852225858655,378.9806575358475,382.2480968390148,7386048,0.49234008789056816,0.702286780870812
2024-04-23,384.2175598144531,385.3812944719523,380.5472477213064,380.7262990993228,12484384,3.49127197265625,0.7131293760574664
2024-04-24,383.9490051269531,385.6498655834832,383.4118793527575,384.2623095810225,6070285,-0.2685546875,0.7122953448548426
2024-04-25,391.6924133300781,392.3637921214862,384.0384851602975,385.82888534668166,30337038,7.743408203125,0.7363434972672211
2024-04-26,393.8856506347656,396.8397855670559,390.662952822937,393.2142434359195,15342965,2.1932373046875,0.7431548784570121
2024-04-29,392.2742919921875,396.078857034372,389.0515942603497,395.67604109637887,12075706,-1.611358642578125,0.7381505964649968
2024-04-30,389.9915161132813,394.3332066804385,389.4991603284896,393.8408508956469,12528665,-2.282775878906193,0.7310611416901494
2024-05-02,392.9904479980469,396.2131457894124,389.27539438775926,390.3048759623476,24123523,2.998931884765568,0.7403747112640844
2024-05-03,390.7077026367188,393.9304288878973,386.1422187021341,393.9304288878973,23786388,-2.282745361328068,0.73328535126551
2024-05-06,389.1858825683594,394.2884921290817,387.9326080537036,392.0952475427761,10753860,-1.5218200683594318,0.7285591428585512
2024-05-07,394.1989135742188,399.2567810732374,389.5886602844062,391.1104975273433,26969062,5.013031005859432,0.7441277568996181
2024-05-08,394.7808227539063,398.0930318333694,392.27427388455504,395.004615680531,10916481,0.5819091796875,0.745934950873667
2024-05-09,380.5472412109375,395.2284325897271,378.9806622581897,393.930416513751,24314298,-14.233581542968807,0.701730728476972
2024-05-10,387.9325866699219,390.6181585553969,381.800495873466,381.800495873466,14524604,7.385345458984375,0.7246668708779431
2024-05-13,386.58984375,389.8125417197435,384.4861105476364,387.843089963729,7584217,-1.342742919921875,0.7204968096410975
2024-05-14,384.6651611328125,387.88785909585033,383.6356795033839,385.3813099309726,11423749,-1.9246826171875,0.7145194596539302
2024-05-15,382.9642333984375,387.8430210541238,382.0242634410018,385.6050351743606,7856433,-1.700927734375,0.7092370093005853
2024-05-16,386.231689453125,387.2611709473564,378.5777898888919,384.9336734733373,23911954,3.2674560546875,0.7193845153008711
2024-05-17,390.5734252929688,391.64764839572535,383.9489785643487,387.082164744866,11894830,4.341735839843807,0.7328683356641981
2024-05-21,389.2306213378906,391.2895844705994,387.7983238293244,390.3048728406312,11175153,-1.3428039550781818,0.7286980848748064
2024-05-22,393.796142578125,395.63128444260855,389.7677560924288,391.51338645338825,11036895,4.565521240234375,0.7428768996482285
2024-05-23,395.0941467285156,398.2721029063194,390.7972258622152,395.13891666458176,27244733,1.298004150390625,0.7469080188688189
2024-05-24,390.4838562011719,396.0788209722188,389.6781960272239,394.7808050332712,13252938,-4.61029052734375,0.7325901673028683
2024-05-27,386.2764892578125,392.9009362114082,385.56034049832,392.81142470930064,12282545,-4.207366943359375,0.7195236468696724
2024-05-28,384.03851318359375,387.17169955273744,383.3671059718784,386.8136251635949,9668761,-2.23797607421875,0.7125733236636262
2024-05-29,385.7841491699219,387.0821936743324,380.90533235072377,380.90533235072377,10832067,1.745635986328125,0.7179946212569535
2024-05-30,379.4282531738281,385.7841373136162,378.0854671434653,383.5909210764008,21314885,-6.35589599609375,0.6982555668739487
2024-05-31,381.7557373046875,384.53084914126174,379.7863140805311,382.0243001754935,29300711,2.327484130859375,0.7054838688887786
2024-06-03,385.2470397949219,389.3201964930861,383.7252306469841,388.5145077930146,16116836,3.491302490234375,0.716326558851706
2024-06-04,378.5358581542969,388.655699869346,367.2764265123082,388.3821867291733,47791986,-6.711181640625,0.6954841190981393
2024-06-05,392.302490234375,397.4991534256846,381.1342195545824,384.7353989949108,28197030,13.766632080078125,0.7382381697412723
2024-06-06,396.9521179199219,399.0490038739224,393.0318302625804,397.4991442097778,32318523,4.649627685546875,0.7526781879231526
2024-06-07,400.3709716796875,402.6502093459985,393.0318275499368,393.305340692977,29543660,3.418853759765625,0.7632958790139175
2024-06-10,398.3196716308594,402.0576366128407,397.3624044773114,401.1459357225328,11872688,-2.051300048828125,0.7569253022699676
2024-06-11,394.7640686035156,399.1402214325666,394.0803145887873,398.4108722591482,13158571,-3.55560302734375,0.7458829186997757
2024-06-12,394.1258850097656,396.0404482808831,392.2113217386481,392.5304300643031,10751658,-0.63818359375,0.7439009572782682
2024-06-13,392.302490234375,398.3196639852234,391.801059088471,398.3196639852234,9641349,-1.823394775390625,0.7382381697412723
2024-06-14,393.0774536132813,393.7612076303779,391.1628903557237,392.9406970310079,9572809,0.7749633789063068,0.74064491841848
2024-06-18,390.8893737792969,395.8581191738071,390.3879426134279,394.7640665251691,14641141,-2.188079833984432,0.7338495544188302
2024-06-19,386.2397155761719,392.7127252199132,385.6926892817779,392.0289712461894,11329972,-4.649658203125,0.7194094414606769
2024-06-20,385.9206237792969,388.8380493170652,384.2795737201941,386.6044066765355,15147549,-0.319091796875,0.7184184607499231
2024-06-21,382.54736328125,387.7440266316048,381.5900672225091,387.47051347196447,26176371,-3.373260498046875,0.7079423654110581
2024-06-24,385.9206237792969,386.5132163607238,382.9120368199867,382.9120368199867,9723008,3.373260498046875,0.7184184607499231
2024-06-25,385.9206237792969,386.5588115186297,382.6841188189972,385.6471106204015,10655609,0.0,0.7184184607499231
2024-06-26,386.5132141113281,388.7468856331285,384.7810026407644,385.6471083760463,11511714,0.59259033203125,0.7202588264195307
2024-06-27,388.01751708984375,389.5218104855848,383.9148777238095,386.5131947998345,38438054,1.504302978515625,0.7249306332457728
2024-06-28,387.37933349609375,390.2055685903799,386.1029580750864,387.92633089490505,18554411,-0.63818359375,0.7229486718242653
2024-07-01,391.1629028320313,392.25692663084254,387.15142444784703,388.65574690083577,13391362,3.783569335937557,0.7346990341539572
2024-07-02,387.9263610839844,392.6215934135948,385.2368534593977,392.0290008128207,11177863,-3.236541748046932,0.7246475365182459
2024-07-03,390.4791259765625,391.7099063811659,387.9263748453318,388.4734012003875,7435499,2.552764892578125,0.7325754769805493
2024-07-04,391.1629028320313,393.3965455899561,389.339500939741,392.0290086178741,9478861,0.6837768554688068,0.7346990341539572
2024-07-05,395.356689453125,395.6757688806306,389.8409177141335,391.1172932126966,13427543,4.193786621093693,0.7477233791456563
2024-07-08,404.4280395507813,405.29414529158566,395.3566835098957,396.7242204108642,21311436,9.071350097656307,0.7758956263024632
2024-07-09,412.63330078125,414.8213772173223,404.7927248541174,408.07482506109056,27489709,8.205261230468693,0.8013781228308081
2024-07-10,411.5848388671875,415.1404519527605,407.0719297770465,413.636129659868,12065662,-1.0484619140625,0.7981219891947469
2024-07-11,418.1490478515625,418.9239921454672,409.0776632126487,410.26287723172686,19556596,6.564208984375,0.818507986417423
2024-07-12,418.5137634277344,422.34289011600674,415.59633769775616,418.1490888232711,19693114,0.364715576171875,0.8196406576563497
2024-07-15,422.4796142578125,425.2602831857762,416.8270860870689,418.5137312856643,16876907,3.965850830078125,0.8319571186648222
2024-07-16,424.4397277832031,425.5337803657668,420.6561966884638,422.5251646579853,13497253,1.960113525390625,0.8380445039049722
2024-07-18,428.7247314453125,429.3173529495613,421.7958562946361,422.1149646268118,21907158,4.285003662109375,0.8513521351767446
2024-07-19,432.6449890136719,437.0667368269077,427.9497569419,429.40848412543824,25939326,3.920257568359375,0.8635270004333173
2024-07-22,425.3514404296875,437.1123037584248,424.71325270358847,432.6905848326919,18762384,-7.293548583984375,0.8408759450616066
2024-07-23,448.7364196777344,453.4772470105013,425.214692539737,425.3514491191427,56125835,23.384979248046875,0.9135010127792536
2024-07-24,450.4230651855469,465.55721919731405,447.3233168036432,452.2008718247006,43693692,1.6866455078125,0.9187391078368228
2024-07-25,446.6851196289063,452.20086227300567,441.8531309735649,446.7306858915952,18567567,-3.737945556640568,0.9071304360353041
2024-07-26,457.8534240722656,461.6825218161174,444.36031941248064,450.42308880904,21534703,11.168304443359318,0.9418150452405063
2024-07-29,452.2464599609375,461.5001675935918,450.423058192173,460.8619798639512,12978187,-5.606964111328125,0.9244018953738187
2024-07-30,446.6395263671875,453.8419142238035,445.4999074868191,452.4743773462153,13891052,-5.60693359375,0.9069888402834039
2024-07-31,451.6083068847656,453.97870625063285,447.1865875952009,448.9643943431692,11982586,4.968780517578125,0.922420028728584
2024-08-01,450.10400390625,452.88467297760064,447.59681911064166,452.155294892808,12114803,-1.504302978515625,0.9177482219023418
2024-08-02,445.91021728515625,455.3462485932217,441.98992914020647,441.98992914020647,22141163,-4.19378662109375,0.9047238769106425
2024-08-05,443.08392333984375,448.4629384481495,437.20347706841375,437.6593419676077,25022076,-2.8262939453125,0.895946456713212
2024-08-06,443.3574523925781,448.28060277815945,441.3061325083515,443.31185723274336,14251363,0.273529052734375,0.8967959364483389
2024-08-07,449.1466674804688,451.83617488507,444.9984618258069,446.730673221321,11320399,5.789215087890682,0.9147750902175347
2024-08-08,451.0612182617188,454.02423873069455,449.0098986212176,450.3774643110635,21349889,1.91455078125,0.9207209744820575
2024-08-09,452.1097106933594,454.0242739132362,449.5569597335236,454.0242739132362,9556181,1.0484924316405682,0.9239772028943918
2024-08-12,450.9244995117188,455.8476497252648,448.5541002742936,448.5541002742936,9425644,-1.1852111816405682,0.9202963767789036
2024-08-13,446.7306823730469,453.8875038800431,445.1352275175751,452.15526355477385,8056478,-4.193817138671932,0.9072719370109308
2024-08-14,448.7364196777344,454.93597422607183,446.6395336172972,448.5085016768149,9609981,2.0057373046875,0.9135010127792536
2024-08-16,458.2636413574219,459.67677341741495,449.1466901515516,450.833335370804,13643352,9.5272216796875,0.9430890279025139
2024-08-19,457.1696472167969,464.3264405075642,455.4830018883327,460.178234374918,10591508,-1.093994140625,0.9396914880670988
2024-08-20,454.7536315917969,458.9474326908904,453.7507692522604,456.7593562708698,6888634,-2.416015625,0.9321882400842221
2024-08-21,460.7708129882813,464.0529130177818,454.9815283328472,455.8476340497613,8801221,6.017181396484432,0.9508753726129178
2024-08-22,459.9958801269531,463.5970596598946,457.1696160168448,463.0044670797505,8686423,-0.7749328613281818,0.9484687187119829
2024-08-23,461.1355285644531,462.1839572127529,455.80210831868334,460.451745624891,8195369,1.1396484375,0.9520080438518443
2024-08-26,461.0443420410156,463.1412571434325,457.67108026468776,461.3178552190936,8126402,-0.0911865234375,0.9517248523480444
2024-08-27,456.3946838378906,462.7765613871338,455.84765750673535,462.730966228114,8260450,-4.649658203125,0.9372847393898911
2024-08-28,453.3861083984375,457.94458422323976,452.6567592010943,456.2123437617104,8081932,-3.008575439453125,0.9279412205136799
2024-08-29,460.497314453125,462.8677136842752,453.4316541292554,454.02427560774544,19389694,7.1112060546875,0.9500259876540638
2024-08-30,457.5798950195313,464.1896905333773,456.0300063539427,457.6254612839912,15523349,-2.917419433593693,0.9409655655053797
2024-09-02,465.01019287109375,467.6085389871661,458.8562623710469,459.49445011058486,16497266,7.430297851562443,0.9640413133565169
2024-09-03,464.4175720214844,470.38917931491136,463.050035204076,465.01016456703206,12481552,-0.592620849609375,0.9622008529106363
2024-09-04,461.636962890625,465.0102246620742,455.8021114143056,455.8476776810714,8739052,-2.780609130859375,0.953565312793925
2024-09-05,466.05865478515625,466.6968425307686,462.27512346983656,463.4603086443522,11318636,4.42169189453125,0.9672974469925784
2024-09-06,457.3975524902344,466.7880172017965,453.2493464731528,466.7880172017965,14245025,-8.661102294921875,0.9403992772740526
2024-09-09,466.5600891113281,467.38059970737794,456.16676226622855,457.67105577087847,14265060,9.16253662109375,0.968854715934659
2024-09-10,468.2467041015625,469.5230506246969,463.8249564021011,466.696815538392,11332248,1.686614990234375,0.974092716215955
2024-09-11,468.9304809570313,473.6257131371341,466.7424045783741,467.69970063527967,15497555,0.6837768554688068,0.9762162733893629
2024-09-12,473.6257019042969,474.5374027816373,463.6426451989518,469.6142527171221,19085324,4.695220947265568,0.9907978873231429
2024-09-13,468.4746398925781,474.0815440167886,466.7879946924352,473.6257080193676,9165077,-5.15106201171875,0.974800600199182
2024-09-16,465.9674987792969,471.3464850740398,464.6911232732351,470.34362273274417,7821668,-2.50714111328125,0.9670143502650514
2024-09-17,462.9132995605469,468.20112423719047,461.5457337870447,465.9218864737128,10889862,-3.05419921875,0.9575291408606672
2024-09-18,462.5486145019531,467.15268536936793,460.4973235485926,463.0044794093549,5638729,-0.36468505859375,0.9563965643980135
2024-09-19,463.369140625,469.3407482537268,462.685357730768,464.9645955191816,14461616,0.820526123046875,0.9589448140508479
2024-09-20,468.97607421875,471.6655817468218,463.14122316210313,466.78799784894,24725118,5.60693359375,0.9763578691412627
2024-09-23,471.3009033203125,473.580141232498,468.2467499449426,469.93336635185545,8105508,2.3248291015625,0.9835779256203392
2024-09-24,469.7510070800781,472.0758110779327,468.74814478800965,471.3464619372045,7015487,-1.549896240234375,0.9787645230421971
2024-09-25,471.847900390625,473.4433841667293,467.061506850851,469.978932353214,8802667,2.096893310546875,0.985276695538047
2024-09-26,476.5887451171875,477.50044603773256,471.3464864947561,471.9390790906887,16086557,4.7408447265625,1.0000000000000002
2024-09-27,476.5431213378906,481.83094590749664,474.30947877683343,474.30947877683343,17916386,-0.045623779296875,0.9998583094718272
2024-09-30,472.39495849609375,478.047458146118,468.6569932754204,474.62860125985065,10936940,-4.148162841796875,0.9869756550083006
2024-10-01,470.6171569824219,473.85366215719455,468.6114322099688,472.39496373878205,5285319,-1.777801513671875,0.9814544632232047
2024-10-03,467.4718017578125,470.1612805125122,463.2324054066276,463.642675162085,16481353,-3.145355224609375,0.9716861570912936
2024-10-04,459.0841979980469,471.6656015344404,457.260796130997,464.9646155648812,18930962,-8.387603759765625,0.9456373723316216
2024-10-07,465.1469421386719,469.47749966787137,462.0015986483461,462.22951664582615,17114457,6.062744140625,0.964466005835944
2024-10-08,463.09564208984375,467.2894432202591,461.317835402975,464.964610200732,9868331,-2.051300048828125,0.9580954290919941
2024-10-09,448.2805786132813,464.7822693286866,447.2321211477684,464.7822693286866,24874940,-14.815063476562443,0.9120853395890731
2024-10-10,448.5997009277344,451.8818011103031,446.22927276700216,451.608287946044,13292273,0.31912231445306816,0.9130764150760997
2024-10-11,445.0896301269531,450.3318884445095,444.3602809906422,449.4657827333566,14949380,-3.51007080078125,0.9021754377052618
2024-10-14,453.0669860839844,454.9359830741221,445.4999233829581,447.64240464295625,6970606,7.97735595703125,0.9269501450266531
2024-10-15,454.5256958007813,455.3006401045124,450.8333260159378,454.024264650634,8347216,1.4587097167969318,0.9314803561009954
2024-10-16,449.6481323242188,454.79922952979206,448.87318798542856,452.2008833474638,6939430,-4.8775634765625,0.9163324539358884
2024-10-17,445.7278442382813,451.2891822969338,444.9073336349127,451.2891822969338,7669729,-3.9202880859375,0.9041574939030426
2024-10-18,443.72210693359375,448.1438259382292,436.1550443992969,445.5910749882809,22616838,-2.005737304687557,0.8979284181347196
2024-10-21,440.9414367675781,444.54264518224113,435.1977471460307,443.7221057101901,7680088,-2.780670166015625,0.8892926884654624
2024-10-22,439.2547912597656,445.27199403454927,438.3430903673112,440.94143646609285,12772970,-1.6866455078125,0.8840545934078934
2024-10-23,437.932861328125,440.62234002608295,437.15791699336745,438.5254539217694,10553961,-1.321929931640625,0.8799491695892512
2024-10-24,430.0466613769531,439.8017998552316,428.49677281164986,439.43712529179584,13596626,-7.886199951171875,0.8554575589953868
2024-10-25,439.7106323242188,449.9216066412517,432.3258930580839,433.7845912915452,32154050,9.663970947265682,0.8854702665980743
2024-10-28,441.3972778320313,442.9927616367931,433.96697181201,439.3915531808061,8946214,1.6866455078125,0.8907083616556433
2024-10-29,444.8617248535156,446.00134374693727,438.7989558078247,442.1722173304157,7131161,3.464447021484318,0.901467648498308
2024-10-30,448.1438293457031,449.6937179905663,443.5397585692342,444.861729212034,6640080,3.2821044921875,0.911660647109646
2024-10-31,445.6366882324219,449.4658148127512,441.89872307707066,448.5541138801578,8111694,-2.50714111328125,0.9038743971755154
2024-11-01,447.0042419433594,448.6452921258455,446.0925409765844,447.6424297306747,1517892,1.3675537109375,0.9081215115223307
2024-11-04,441.8075256347656,449.8760189971957,437.2034550817817,449.8760189971957,8754385,-5.19671630859375,0.8919824390939237
2024-11-05,437.7960815429688,442.2178004172069,434.8330609432438,440.30323726120656,7610046,-4.011444091796818,0.8795243823335515
2024-11-06,438.6166076660156,441.6252235289505,435.79037243527137,437.796097081048,11749720,0.8205261230468182,0.8820726319863856
2024-11-07,435.6991882324219,440.0753410612176,434.0581381451911,439.20923530605,9267980,-2.91741943359375,0.8730122098377013
2024-11-08,435.8359069824219,438.25190119200073,432.6905636627768,435.69915041250096,6325023,0.13671875,0.8734368075408554
2024-11-11,434.83306884765625,438.9812746472622,432.2347516635963,435.83593115318143,5700343,-1.002838134765625,0.870322364432967
2024-11-12,431.09515380859375,435.7447909877631,429.545265117447,435.4257115541998,5236095,-3.7379150390625,0.8587137874077211
2024-11-13,430.5025329589844,432.7817708396454,426.9013532883317,428.5424034066368,11548660,-0.592620849609375,0.8568733269618405
2024-11-14,424.804443359375,431.1863210595827,421.4311816574202,429.5908660816664,12087836,-5.698089599609375,0.839177175143899
2024-11-18,425.3514404296875,426.4910593052737,421.2032346571783,424.8500092802004,8448573,0.5469970703125,0.8408759450616066
2024-11-19,426.080810546875,431.91566178860575,425.0779481985404,426.6734320394514,7121472,0.7293701171875,0.8431410979869141
2024-11-21,416.7815246582031,423.0722117400087,415.1860408616483,420.2915427797919,20313155,-9.299285888671875,0.8142609668468808
2024-11-22,432.7361755371094,434.4227918075198,415.27718911581206,415.9153768353446,20214206,15.95465087890625,0.8638101919371173
2024-11-25,434.6963195800781,439.6194697702456,430.68487029052017,436.7020442248571,14427013,1.96014404296875,0.8698976719535401
2024-11-26,434.8786926269531,440.0297610711077,432.2347801116228,437.6137665685303,6791715,0.182373046875,0.87046405496114
2024-11-27,434.83306884765625,437.70492808099607,431.2318893580711,435.3345000004188,7339184,-0.045623779296875,0.870322364432967
2024-11-28,432.964111328125,441.0782002838839,428.9982282727063,434.8786745654213,14967609,-1.86895751953125,0.8645180759203441
2024-11-29,434.6507568359375,436.6108863385638,430.8671966230568,431.4142229467061,8668142,1.6866455078125,0.8697561709779131
2024-12-02,435.0610046386719,436.9755679077777,431.5965815849029,433.966980868156,5689595,0.410247802734375,0.8710302484161938
2024-12-03,430.8216247558594,431.5965690728606,421.886996425715,424.850017114586,23073942,-4.2393798828125,0.8578643076725943
2024-12-04,425.8528747558594,435.97268813501296,425.2146870249997,432.5082652197201,13957078,-4.96875,0.8424332140036872
2024-12-05,426.2175598144531,431.0039534664892,421.6590841659863,426.26315497287504,27432375,0.36468505859375,0.8435657904663412
2024-12-06,429.5452270507813,433.0096787190976,426.3998836820194,428.4967696297712,7842234,3.327667236328182,0.8539002900533061
2024-12-09,423.8927307128906,430.3202033957231,422.0693577733716,429.8643384901404,12154116,-5.652496337890682,0.8363457339872644
2024-12-10,424.34857177734375,425.26027264301655,421.75022575488975,424.25741035905713,9163636,0.455841064453125,0.8377614071774451
2024-12-11,424.1662292480469,426.8557367471317,423.6647980951895,425.94403586168113,7005617,-0.182342529296875,0.8371951189461182
2024-12-12,419.9268798828125,426.5822417304775,418.6049092085582,424.3941941854832,13380617,-4.239349365234375,0.8240292729787919
2024-12-13,428.4967956542969,432.508273854474,411.7671866345871,419.3798443995844,32976794,8.569915771484375,0.8506442511935177
2024-12-16,428.5879821777344,432.5082991853628,426.67344772907313,428.72473876610616,9354160,0.0911865234375,0.8509274426973177
2024-12-17,428.0865478515625,433.7846426777708,422.1605350111602,428.4968176136746,20608409,-0.501434326171875,0.849370173755237
2024-12-18,428.95263671875,431.96122353100753,425.6705078666972,430.9583612602551,12841386,0.8660888671875,0.8520599243836984
2024-12-19,425.3514404296875,432.4626668364285,424.2118215541013,427.58508302389953,15161531,-3.6011962890625,0.8408759450616066
2024-12-20,423.6192626953125,426.17201380284894,418.74167849464,425.3058791172928,20231570,-1.732177734375,0.8354964438046837
2024-12-23,432.37152099609375,435.5168645829624,426.3087229325619,429.5908519952404,19562956,8.75225830078125,0.8626777102507364
2024-12-24,436.20062255859375,437.8416726577042,430.9127976719345,432.96411751939024,12009880,3.8291015625,0.8745694787797822
2024-12-26,434.83306884765625,439.3003829595309,433.96696311963626,438.1151689192422,9188830,-1.3675537109375,0.870322364432967
2024-12-27,436.33740234375,439.3460184306621,433.9670029399372,437.3858599027387,16906420,1.50433349609375,0.8749942660354821
2024-12-30,434.8786926269531,438.9357372733312,433.9669916816703,438.2975495010603,13578360,-1.458709716796875,0.87046405496114
2024-12-31,440.9414367675781,441.853137660656,432.6449962031207,436.20060946013535,13787501,6.062744140625,0.8892926884654624
2025-01-01,441.2149658203125,443.8588782795,439.5739157113592,443.08393393717887,18931186,0.273529052734375,0.8901421682005892
2025-01-02,445.8645935058594,446.7306992540878,439.7106629516162,442.4913319353197,27131131,4.649627685546875,0.9045821863824695
2025-01-03,439.0724792480469,447.6424042811121,437.47699542332975,446.9586213713376,38500784,-6.7921142578125,0.8834883999528393
2025-01-06,419.1043090820313,437.1883370315458,417.77878443999913,431.3654770329359,22009958,-19.968170166015568,0.8214746733156648
2025-01-07,417.63677978515625,423.7910283252627,416.7373011331246,421.8027268642203,14294780,-1.4675292968750568,0.8169170718984182
2025-01-08,425.6372680664063,428.0042866384456,413.84953291421215,419.4356909653711,13482926,8.000488281250057,0.8417636196347629
2025-01-09,426.1580200195313,436.1468266138768,422.3234326814708,425.49524327637937,19732649,0.520751953125,0.8433808819576687
2025-01-10,421.2346496582031,427.9569886661047,418.9623174441401,426.0160448548632,9145729,-4.923370361328182,0.8280907206067503
2025-01-13,415.69580078125,420.3825092324278,411.8612421533921,411.8612421533921,17799607,-5.538848876953125,0.8108891113814554
2025-01-14,413.3761291503906,418.0154797721792,412.6660235788637,417.542076057828,18048459,-2.319671630859375,0.8036850720925199
2025-01-15,414.0862731933594,418.299549305966,412.1926581600245,413.3761675558588,9786805,0.71014404296875,0.8058905159658216
2025-01-16,409.8255920410156,416.0745267082378,408.1686790781907,414.74897322256265,15774070,-4.26068115234375,0.7926584213836503
2025-01-17,416.7846374511719,418.2995062063369,409.4942087662954,409.9676124758518,11270061,6.95904541015625,0.8142706340267294
2025-01-20,414.4176330566406,417.73145913670976,412.80804883147033,415.6484711858153,8742771,-2.36700439453125,0.8069195967383316
2025-01-21,414.2756042480469,423.22294655507415,412.0979585863446,414.7016791747707,15686500,-0.14202880859375,0.8064785079636712
2025-01-22,413.7548522949219,418.4415606921262,413.3287773881688,416.5005880988031,9619648,-0.520751953125,0.8048612456407653
2025-01-23,416.7846374511719,418.3468639138542,411.0091064157298,411.86122731407744,8888248,3.02978515625,0.8142706340267294
2025-01-24,418.1101684570313,421.32930795242055,415.69579216478695,416.0271805454013,9665384,1.3255310058594318,0.8183872414455886
2025-01-27,416.6899719238281,421.329322732364,413.3287880800749,417.3527198140356,10480203,-1.4201965332031818,0.8139766380278044
2025-01-28,412.2873229980469,418.2995272971351,411.3878443468299,416.59528541451135,20813072,-4.40264892578125,0.800303644223519
2025-01-29,410.2989807128906,414.22822553049775,407.2218567518069,412.7606856606112,15158510,-1.98834228515625,0.7941285909308207
2025-01-30,412.9974365234375,414.701678438765,408.5001009695925,409.9676410136649,22496695,2.698455810546875,0.8025089933205476
2025-01-31,423.69635009765625,424.359126895741,411.9559430469889,413.2814677488871,13546181,10.69891357421875,0.8357358486703459
2025-02-01,437.94573974609375,446.4196773100036,416.16917012121553,424.169703997628,30393007,14.2493896484375,0.8799891651764677
2025-02-03,430.1819763183594,440.4548430642073,428.2410036838857,437.4250476268326,16991730,-7.763763427734375,0.8558777969899816
2025-02-04,430.93939208984375,435.8628022390428,424.8798303714777,433.6377990198034,18923681,0.757415771484375,0.8582300493101995
2025-02-05,424.3117370605469,431.6021657104411,422.7495106053608,430.9393889625346,12836283,-6.627655029296875,0.8376470122159034
2025-02-06,417.63677978515625,426.06336046890937,414.8910439076552,426.06336046890937,17469129,-6.674957275390625,0.8169170718984182
2025-02-07,407.9319763183594,421.8026990259945,405.6122866178601,416.5952582972785,18875982,-9.704803466796875,0.7867775536424229
2025-02-10,404.4761352539063,410.2516373129921,403.8133585122395,404.2867622150675,12227140,-3.455841064453068,0.7760449937087512
2025-02-11,396.0495300292969,407.6479208598988,395.2920956552102,405.99100788409856,14288751,-8.426605224609432,0.7498750848721527
2025-02-12,394.2222290039063,397.9730567908469,392.01021063862936,397.3479237180815,13884574,-1.8273010253905682,0.7442001659722095
2025-02-13,394.0299072265625,398.1173542751768,393.3566689137098,394.27034528824566,12989029,-0.19232177734380684,0.7436028858996033
2025-02-14,394.558837890625,400.2812751894459,392.779590460293,396.0014661827297,14124236,0.5289306640625,0.7452455482636797
2025-02-17,392.9719848632813,395.6648794892229,391.1927372870501,394.126069981392,11975265,-1.5868530273436932,0.7403173716189042
2025-02-18,389.7500915527344,395.1359099155748,388.5479012641695,392.39491018757707,12998403,-3.221893310546932,0.7303113665942451
2025-02-19,390.8561096191406,393.1643091555031,389.0287862091182,389.3173001447825,7079032,1.10601806640625,0.7337462482812325
2025-02-20,386.6724853515625,388.45173290704383,381.0462580968928,384.6528290808348,15355585,-4.183624267578125,0.7207534637884503
2025-02-21,385.5664367675781,387.8265602235753,383.93147569860434,386.67244588636703,8240986,-1.106048583984375,0.7173184873251901
2025-02-24,386.5282287597656,387.97085715475134,383.4987150003656,384.7009053295204,7037625,0.9617919921875,0.7203054563458593
2025-02-25,389.3653869628906,391.43314833834296,385.1817589914161,386.6243873022453,15760891,2.837158203125,0.7291166168964867
2025-02-27,386.23968505859375,390.9522649156751,384.2199995911739,389.3653796735408,19051003,-3.125701904296875,0.7194093466844038
2025-02-28,379.8921203613281,387.10526188717614,377.1992259318174,383.73912917511376,31954776,-6.347564697265625,0.6996961662239352
2025-03-03,382.2484436035156,383.7391478512693,376.2374920394293,380.8058152281349,10702826,2.3563232421875,0.7070140318167741
2025-03-04,379.7478637695313,382.007987319894,377.8243593607712,380.2768157418011,13404774,-2.500579833984318,0.6992481587813442
2025-03-05,389.5577087402344,396.9632122658291,379.4112349821189,379.4112349821189,15665018,9.809844970703068,0.7297138969690928
2025-03-06,390.1828918457031,394.0299007695933,385.2298443759154,393.5009194323491,17869996,0.62518310546875,0.7316554836982916
2025-03-07,388.4517211914063,390.3271497866334,386.33588388818345,388.11510203965406,11180761,-1.7311706542968182,0.7262791100583788
2025-03-10,389.5096435546875,391.2888910064267,385.0855775356017,385.7107105996322,9785018,1.0579223632811932,0.7295646243390779
2025-03-11,390.6637573242188,392.7795945645392,385.8549963002887,386.1435102215853,11099475,1.1541137695313068,0.7331488734323532
2025-03-12,396.6266174316406,397.4921885765357,388.54790449537103,390.8561039985411,13844306,5.962860107421818,0.7516673041950632
2025-03-13,396.28997802734375,398.5501015432174,392.5872555772619,397.20365434770144,8196569,-0.336639404296875,0.75062182712732
2025-03-17,392.3468322753906,400.32936400980094,391.4331559206942,397.2036692757905,5257805,-3.943145751953125,0.7383758796659783
2025-03-18,393.4528198242188,396.1938193871978,392.1544485206658,394.318390909805,13861897,1.1059875488281818,0.7418106665766926
2025-03-19,387.63421630859375,395.0397200620695,387.2014454245168,394.3184059049263,12830387,-5.818603515625057,0.7237402432565736
2025-03-20,388.4998168945313,391.0965302508203,386.5282072542035,389.5096449746968,16994037,0.8656005859375568,0.7264284774646668
2025-03-21,390.0386047363281,391.9140333230442,386.3358821349048,390.4233291082126,25302035,1.5387878417968182,0.7312073814794273
2025-03-24,395.1839904785156,397.05941909108105,390.0867153346264,391.433162603734,14362572,5.1453857421875,0.7471870402166056
2025-03-25,394.12603759765625,399.3675987982418,393.06813366389935,396.2419041658655,20338110,-1.057952880859375,0.7439014311596333
2025-03-26,391.769775390625,395.4725273332469,390.7118420712546,394.6069268489948,13891436,-2.35626220703125,0.7365837551193406
2025-03-27,393.7894592285156,394.9916495065971,390.1347831729387,392.3949067658016,18642328,2.019683837890625,0.7428561436444359
2025-03-28,394.0779724121094,399.7042287729926,392.5391629889967,395.18398159578936,12981873,0.28851318359375,0.7437521585296183
2025-04-01,391.0965576171875,398.5501377647991,390.0867294663609,394.1260714200176,15206240,-2.981414794921875,0.7344929905363997
2025-04-02,393.40472412109375,394.318400447636,390.51946753245255,391.4812197286663,8001323,2.30816650390625,0.7416612991704044
2025-04-03,393.7413330078125,394.51075235495847,391.1446197558559,391.4812095354885,7059566,0.33660888671875,0.7427066814618748
2025-04-04,394.0299072265625,397.0113157111547,389.0287838034122,391.9140405436106,18627592,0.28857421875,0.7436028858996033
2025-04-07,390.51947021484375,392.4910798408332,375.2276160600784,375.2276160600784,26762866,-3.51043701171875,0.732700771213489
2025-04-08,396.7708740234375,399.89656879675374,391.6735989024767,396.145740938844,18600796,6.25140380859375,0.7521153116376544
2025-04-09,400.37744140625,403.0222600374116,395.5206043873473,397.2036707889956,21785572,3.6065673828125,0.7633159715837987
2025-04-11,405.4266052246094,406.2922056358988,401.05064470240745,403.9359011391154,8939356,5.049163818359375,0.778996800732128
2025-04-15,404.3206176757813,412.78405461806295,402.97417047029376,412.78405461806295,11685880,-1.1059875488280682,0.7755620138214137
2025-04-16,408.2157287597656,409.75450878339007,402.0124153945198,402.0124153945198,13034594,3.895111083984318,0.7876587834290132
2025-04-17,410.90863037109375,411.4856875652656,405.4266310519838,408.7446879057106,22410217,2.692901611328125,0.7960219365370496
2025-04-21,406.6769409179688,412.6878924233474,405.3785695227371,411.6780349602343,27388236,-4.231689453124943,0.7828798794142526
2025-04-22,417.0157775878906,418.1698626669371,407.35014995516246,409.6583788139537,32031936,10.338836669921818,0.8149884695186238
2025-04-23,414.3709411621094,420.7185115509847,412.4474367624713,419.5163213012109,19566317,-2.64483642578125,0.8067745890406026
2025-04-24,413.60150146484375,419.3720143801557,412.88018735042976,415.3326729496452,26064089,-0.769439697265625,0.8043849948688127
2025-04-25,411.4375915527344,416.1502009519827,407.1097065251095,413.6015340665468,22944377,-2.163909912109375,0.797664693677399
2025-04-28,412.3993225097656,414.0343129537871,408.504237925949,410.331561195513,6287095,0.96173095703125,0.8006514731455223
2025-04-29,409.7064208984375,413.1687345507472,408.74466873670406,412.4954962973951,11189930,-2.692901611328125,0.792288320037486
2025-04-30,409.5140686035156,412.8802012507744,405.8594220409165,411.0528779694748,10026546,-0.192352294921875,0.7916909451886067
2025-05-02,413.0725708007813,414.9960752049759,407.8791147795256,407.8791147795256,9263372,3.558502197265682,0.8027423325047363
2025-05-05,420.2376403808594,421.7283445679272,412.92831770641976,413.7938888263413,11525305,7.165069580078068,0.8249943797670096
2025-05-06,418.8911743164063,422.834364350939,416.43871785669694,420.7666029152538,15026568,-1.3464660644530682,0.8208127558248552
2025-05-07,414.6594543457031,418.362206178502,413.2649312686502,416.823396791454,9710361,-4.231719970703182,0.807670603925785
2025-05-08,414.1304931640625,414.9960642530376,407.350122708005,412.5916838112472,19937960,-0.528961181640625,0.8060278467854354
2025-05-09,407.3501586914063,412.7359772268443,406.8212066876261,409.658387599701,8226512,-6.780334472656193,0.7849706439971933
2025-05-12,418.8431091308594,419.5163474528399,411.77422415146265,413.0725955722253,8031891,11.492950439453068,0.8206634831948401
2025-05-13,411.5337524414063,421.1993794721109,409.0812961196282,418.2660177094136,14976369,-7.309356689453068,0.7979633337137024
2025-05-14,412.6878967285156,415.332715418473,409.6102777855163,410.7643922267284,9557309,1.1541442871093182,0.8015476775832506
2025-05-15,416.1020812988281,418.74689983509177,409.7064350721147,412.6878727466996,24263510,3.4141845703125,0.8121508679042426
2025-05-16,419.0354614257813,419.5163375443096,415.573147502307,418.2660420259264,16402035,2.933380126953182,0.8212608580437195
2025-05-19,418.6988220214844,421.7283355516146,416.10207936688846,418.362202884726,7543854,-0.33663940429693184,0.8202153809759758
2025-05-20,418.2660217285156,423.9403537817196,416.34251734774494,420.28570719839433,9868414,-0.43280029296875,0.8188712638719293
2025-05-21,416.438720703125,421.4398441006694,415.4769684613164,419.90103464370577,5776672,-1.827301025390625,0.8131963449719861
2025-05-22,409.8026123046875,416.4386965176944,406.7249935694986,416.4386965176944,19451749,-6.6361083984375,0.7925870548500622
2025-05-23,419.6124877929688,422.2092305639114,412.5917082276037,417.4004693957576,18536884,9.809875488281307,0.8230528878140841
2025-05-26,425.9600524902344,426.58518556334417,420.0452822056058,421.48791053602,13107662,6.347564697265568,0.8427660682745526
2025-05-27,417.3042907714844,427.2103564467042,414.37095818169377,425.9600609253769,26986022,-8.65576171875,0.8158844844038062
2025-05-28,411.5744018554688,413.9251301365418,404.5221871211176,409.12572033536514,431851622,-5.729888916015568,0.7980895757093722
2025-05-29,410.1541442871094,414.1209962933144,408.0482842110853,413.337430183069,21478547,-1.4202575683594318,0.7936787827390419
2025-05-30,409.468505859375,411.4274510468685,407.8523820579192,410.496970017488,30656239,-0.685638427734375,0.7915494442129798
2025-06-02,410.6928405761719,411.8192579553598,406.0403458241328,409.7133679967952,14973380,1.224334716796875,0.7953517735104867
2025-06-03,408.39111328125,413.04360813984886,407.1177809642176,410.3990201585084,13216486,-2.301727294921875,0.7882034626700904
2025-06-04,408.4400634765625,410.3990086251312,407.4116292300163,408.586978384479,12598933,0.0489501953125,0.788355483812023
2025-06-05,410.4969482421875,412.308978422724,407.2157092489669,409.9092587388879,13212523,2.056884765625,0.7947434046139366
2025-06-06,412.4069213867188,412.6517895338172,410.39901453696416,411.67231694542346,8774988,1.9099731445313068,0.8006750724375058
2025-06-09,414.3658752441406,414.9046031137218,411.8682320478656,413.3374409612349,10473123,1.9589538574218182,0.8067588561792804
2025-06-10,418.23480224609375,419.75297282706833,414.3658735007135,415.7861207341143,13041075,3.868927001953125,0.8187743077446243
2025-06-11,417.4022216796875,419.312205110815,416.12891931968926,419.2142518774774,20789182,-0.83258056640625,0.8161886214639447
2025-06-12,412.3579406738281,418.4306823979232,410.9376935297822,418.2347759328376,18508835,-5.044281005859375,0.8005229565192997
2025-06-13,405.4036865234375,410.7418239308055,405.0119034777432,406.4811123174448,17873926,-6.954254150390625,0.7789256237510858
2025-06-16,409.6154479980469,410.30106087453294,404.7670467340719,406.4321620890675,7006629,4.211761474609375,0.7920057919675971
2025-06-17,408.8318481445313,410.44797192026425,407.1667626963428,409.5174909056936,9028406,-0.7835998535155682,0.7895722216051237
2025-06-18,407.3626403808594,409.8603133966048,406.3831678000489,408.4400661979771,8036215,-1.4692077636719318,0.7850094074928606
2025-06-19,407.4606018066406,409.66441515775824,406.2852227295919,407.1177804182405,12601006,0.09796142578125,0.7853136393292721
2025-06-20,409.9582214355469,410.8887323090276,407.46057840418473,407.46057840418473,13203184,2.49761962890625,0.7930703190662187
2025-06-23,405.4036865234375,408.9297937169475,403.2978264980913,408.4400574370469,14839890,-4.554534912109375,0.7789256237510858
2025-06-24,405.844482421875,412.0151479158747,405.2567928769389,408.3421256239387,16690068,0.4407958984375,0.7802945722386649
2025-06-25,407.8034057617188,409.5664444107915,406.5790650634376,407.85236743319786,9946718,1.9589233398438068,0.786378261204167
2025-06-26,411.67230224609375,412.259991756372,407.7054503611936,408.635961243395,13703918,3.868896484374943,0.7983936179932376
2025-06-27,410.0561828613281,413.3374219283217,409.2236252038625,412.3579493645105,21409935,-1.616119384765625,0.7933745509026304
2025-06-30,407.9013671875,412.1130873177171,407.26468609870335,411.1825764118842,12317124,-2.154815673828125,0.7866824930405785
