Date,Close,High,Low,Open,Volume,Close_diff,Close_scaled
2021-01-01,7371.63134765625,7426.454168709292,7332.048059705245,7335.881810324699,767574,,0.16531729302809028
2021-01-04,7382.1748046875,7432.876535434509,7324.956352501946,7417.349656878811,598645,10.54345703125,0.166789070554055
2021-01-05,7337.27197265625,7354.092366855671,7270.70828814898,7341.632676933981,562668,-44.90283203125,0.16052101456066648
2021-01-06,7311.5380859375,7426.933893852499,7241.476194993232,7335.88231043322,840678,-25.73388671875,0.15692878138552102
2021-01-07,7251.58740234375,7384.18735227476,7238.21747716674,7356.967815081635,642968,-59.95068359375,0.14856017244464137
2021-01-08,7681.78173828125,7725.007369392272,7284.126055506361,7284.126055506361,2557157,430.1943359375,0.2086116672772661
2021-01-11,7890.57763671875,7943.531317375725,7554.788909308269,7762.386599834217,2182019,208.7958984375,0.2377578107028141
2021-01-12,7847.7353515625,7982.827327912021,7801.682608861071,7821.809799866732,1514072,-42.84228515625,0.23177738964480155
2021-01-13,7801.53955078125,7907.111374505239,7773.888528316605,7847.688234478654,877225,-46.19580078125,0.2253288461374615
2021-01-14,7810.73974609375,7840.019828551988,7689.976604480357,7825.451389352983,718274,9.2001953125,0.22661311567593356
2021-01-15,7691.22265625,7877.878391606825,7667.549058717204,7818.119709565248,751177,-119.51708984375,0.20992953966482342
2021-01-18,7505.18994140625,7690.456226140257,7423.099847535454,7678.044270962752,771183,-186.03271484375,0.18396094435593124
2021-01-19,7593.31884765625,7658.204801136759,7509.359608973168,7571.658061376902,779892,88.12890625,0.19626299511804446
2021-01-20,7806.4267578125,7830.435433237307,7533.559377491253,7554.405395933471,999226,213.10791015625,0.22601105894982576
2021-01-21,7741.06103515625,7923.403792074377,7688.059622048483,7863.980659727865,769494,-65.36572265625,0.21688655630436815
2021-01-22,7714.3212890625,7962.700322645322,7667.501514343112,7748.968717933008,1172914,-26.73974609375,0.21315391365839942
2021-01-25,7649.7705078125,7825.356481768154,7619.675657609228,7779.63881625184,753043,-64.55078125,0.20414316994828352
2021-01-27,7543.76708984375,7753.760880463371,7495.461924062274,7660.744690223254,1080785,-106.00341796875,0.1893459883616907
2021-01-28,7273.10400390625,7652.693042612048,7247.705406541354,7514.151069463662,2085637,-270.6630859375,0.15156370824138843
2021-01-29,6907.12548828125,7365.594290930977,6871.9988374723625,7365.594290930977,3069968,-365.978515625,0.10047619940189656
2021-02-01,7092.24658203125,7164.321278948768,6854.745924687838,6963.241251518407,1611478,185.12109375,0.1263175401078631
2021-02-02,7336.5537109375,7446.821788064753,7178.842496688377,7221.732586461651,1700845,244.30712890625,0.1604207512929089
2021-02-03,7273.77490234375,7395.736088305735,7165.135905573116,7360.800850200757,1491567,-62.77880859375,0.15165735999522878
2021-02-04,7322.4638671875,7442.268577056405,7216.125019513001,7284.12636002945,1198036,48.68896484375,0.15845392814238612
2021-02-05,7182.67578125,7414.474032121018,7150.903665157047,7360.801521030173,1128089,-139.7880859375,0.13894069233456297
2021-02-08,7259.7822265625,7320.547082563727,7163.842520112931,7202.659246591569,912372,77.1064453125,0.1497041006722274
2021-02-09,7310.05224609375,7360.801710708149,7259.2073120968125,7265.916376156051,925127,50.27001953125,0.15672137069633896
2021-02-10,7304.92529296875,7355.913901220504,7194.08159117399,7289.111069862977,1015600,-5.126953125,0.15600569135476394
2021-02-11,7348.67724609375,7422.141400735783,7253.120822115141,7284.126374689044,818869,43.751953125,0.16211309437595312
2021-02-12,7253.935546875,7356.009159313685,7213.106008302097,7303.391024527229,756833,-94.74169921875,0.1488879535830826
2021-02-15,7280.916015625,7331.186262639492,7264.958120738229,7284.126875674214,470093,26.98046875,0.15265419907813682
2021-02-16,7377.142578125,7474.85548706707,7308.326939704856,7321.505457841434,1321126,96.2265625,0.1660866142403149
2021-02-17,7191.349609375,7371.82323284713,7160.775073751744,7360.753465112597,1023548,-185.79296875,0.14015148546063327
2021-02-18,7185.93408203125,7264.046751228778,7149.94493513571,7260.021593853826,821462,-5.41552734375,0.1393955235961183
2021-02-19,7018.6396484375,7175.248283305814,6982.219013910581,7138.444367276048,1013887,-167.29443359375,0.11604263404077664
2021-02-22,6791.9208984375,7020.5560202714105,6762.736283827314,7018.6391449075145,1502068,-226.71875,0.08439461195695697
2021-02-23,6680.7900390625,6826.328898520579,6649.640813573721,6822.926163867201,1589884,-111.130859375,0.06888168286885177
2021-02-24,6663.96923828125,6743.567297829538,6591.654930475078,6618.0119658204885,1225254,-16.82080078125,0.06653364118905003
2021-02-25,6642.30908203125,6775.196381025293,6627.596969131404,6771.362630067009,1740066,-21.66015625,0.06351006637073886
2021-02-26,6580.77685546875,6780.9466607404775,6538.653799760753,6613.220064891773,2687534,-61.5322265625,0.054920687392967626
2021-03-01,6723.43994140625,6740.548146615093,6629.5607888142895,6687.019311645247,1417600,142.6630859375,0.074835248911571
2021-03-02,6914.26513671875,6934.296389983889,6737.816671953938,6766.569801421736,1395296,190.8251953125,0.10147283400499274
2021-03-03,6828.58154296875,6960.462201402072,6806.058256113067,6944.456571960765,796258,-85.68359375,0.08951212820884202
2021-03-04,6835.19384765625,6876.981821627919,6719.606176693368,6785.738372698481,906310,6.6123046875,0.09043515007966185
2021-03-05,6947.71484375,7010.97173155349,6776.154496525383,6833.660758164919,1821165,112.52099609375,0.10614213050923993
2021-03-08,6957.7783203125,7033.782240948866,6916.086281338246,6962.953790173943,977572,10.0634765625,0.10754690681684576
2021-03-09,6998.080078125,7024.772659672129,6954.423431348252,7024.772659672129,678485,40.3017578125,0.11317269172112354
2021-03-10,6969.85498046875,7079.979380002808,6949.63185114395,7015.764053285577,659270,-28.22509765625,0.10923270654591
2021-03-12,6801.26513671875,7009.054222804926,6767.911227189492,6996.594533908924,946720,-168.58984375,0.08569898867693038
2021-03-15,6794.65234375,6865.241656244214,6719.606857440715,6848.037511968893,700250,-6.61279296875,0.08477589864617319
2021-03-16,6853.1171875,6900.751730389364,6804.907956356178,6804.907956356178,796357,58.46484375,0.09293709689787077
2021-03-17,6771.02685546875,6871.950626842558,6750.7559915562215,6862.413984459792,688581,-82.09033203125,0.0814779800802583
2021-03-18,6818.0859375,6941.005568002109,6766.569913020559,6828.868361228256,984545,47.05908203125,0.088047030356732
2021-03-19,6817.89453125,6852.782039033247,6618.491748595433,6766.522643280066,838756,-0.19140625,0.0880203116613133
2021-03-22,6806.10595703125,6845.6415135498255,6757.177897916464,6808.7416607991545,533767,-11.78857421875,0.08637472629525178
2021-03-23,6887.57275390625,6924.71221387687,6833.66063459406,6841.328136007349,757590,81.466796875,0.09774680287294135
2021-03-24,6772.51220703125,6860.8798762303295,6756.937595454682,6839.410966792979,457147,-115.060546875,0.08168532260950323
2021-03-25,6504.7734375,6765.612181587656,6474.486710535489,6756.986241704629,1338767,-267.73876953125,0.044311252353647856
2021-03-26,6502.47265625,6612.213769782683,6489.581482356324,6602.677127743718,911299,-2.30078125,0.04399008272912386
2021-03-30,6567.02294921875,6589.258890049846,6459.869806390685,6527.918880018836,1088817,64.55029296875,0.053000758279302396
2021-03-31,6574.1162109375,6651.461854322366,6512.776196720167,6567.502616264958,735382,7.09326171875,0.05399091768835573
2021-04-01,6636.12646484375,6700.916944690347,6570.090203225678,6661.141781534422,660759,62.01025390625,0.06264702524473675
2021-04-05,6487.2333984375,6621.366943635077,6445.110341721981,6621.366943635077,668129,-148.89306640625,0.041862811086213814
2021-04-06,6470.7001953125,6562.375134835876,6440.7012827824965,6534.867785912464,628262,-16.533203125,0.03955491560947766
2021-04-07,6579.6748046875,6598.843558670566,6493.463146453796,6507.791977251001,598115,108.974609375,0.05476685041449758
2021-04-08,6543.1103515625,6650.886387593955,6523.94159801448,6595.009658196335,604553,-36.564453125,0.04966276167025929
2021-04-09,6543.35009765625,6589.498779189611,6496.290713115477,6565.298227329746,641327,0.23974609375,0.04969622819947006
2021-04-12,6249.5888671875,6459.726329784443,6231.905504690868,6459.726329784443,1020746,-293.76123046875,0.00868964224552915
2021-04-13,6532.51953125,6560.88938095324,6199.941647171774,6249.013844928037,995718,282.9306640625,0.048184372630377115
2021-04-15,6368.099609375,6562.279178588095,6278.725294956636,6562.0395691660615,1267365,-164.419921875,0.025232740625878547
2021-04-16,6371.78955078125,6502.8559018093465,6331.486966071368,6397.571430439074,1000325,3.68994140625,0.0257478252720007
2021-04-19,6241.1064453125,6258.597932643394,6148.37760151721,6230.180349563506,772219,-130.68310546875,0.007505567814877545
2021-04-20,6370.39990234375,6401.118111697039,6285.961446617664,6340.065442463635,914142,129.29345703125,0.025553842090465295
2021-04-22,6373.70654296875,6397.475610363205,6272.974648672244,6350.560366472149,667911,3.306640625,0.02601542118581246
2021-04-23,6398.62548828125,6435.621274009528,6287.350787005273,6287.350787005273,709306,24.9189453125,0.0294938954256162
2021-04-26,6362.97119140625,6506.832766556195,6325.688062935761,6412.139320324058,937344,-35.654296875,0.02451685680449167
2021-04-27,6295.73779296875,6430.158683619768,6270.099583878449,6392.73187773141,1610651,-67.2333984375,0.015131642398888978
2021-04-28,6300.57763671875,6373.610777484186,6272.974817839699,6295.737713473571,1406270,4.83984375,0.01580724369733577
2021-04-29,6292.7666015625,6371.167088833078,6279.684020118022,6359.234351874707,757075,-7.81103515625,0.014716889180461878
2021-04-30,6187.33837890625,6286.968167181839,6154.128605476777,6265.403318463068,849997,-105.42822265625,0.0
2021-05-03,6323.62841796875,6346.774595358617,6134.001421065411,6162.754552726656,834923,136.2900390625,0.019024938017056958
2021-05-04,6237.751953125,6372.172836069844,6212.592964338532,6363.978381202823,507170,-85.87646484375,0.007037309045675677
2021-05-05,6316.2001953125,6324.730196995153,6213.551427052519,6285.146908339745,499160,78.4482421875,0.017988020891020806
2021-05-06,6389.56884765625,6430.158779427595,6302.399216242722,6316.10468869099,520125,73.36865234375,0.028229664908708263
2021-05-07,6424.4560546875,6473.815599440552,6364.02674097597,6401.405813701582,605050,34.88720703125,0.03309962426834567
2021-05-10,6482.87255859375,6491.642169891519,6383.290975840221,6397.763478608966,541534,58.41650390625,0.04125407468625131
2021-05-11,6456.6591796875,6468.495978772832,6383.43463366747,6402.507450127467,406046,-26.21337890625,0.037594908452684206
2021-05-12,6534.19677734375,6555.713890979036,6407.156046958311,6450.285743609489,770204,77.53759765625,0.048418502014978104
2021-05-14,6456.41943359375,6557.774217306188,6421.724270694403,6555.713669910881,647029,-77.77734375,0.03756144192347344
2021-05-17,6438.640625,6554.180099461859,6419.184059416079,6437.346640542043,995827,-17.77880859375,0.035079670446703126
2021-05-18,6528.01513671875,6578.716397642778,6436.340663964997,6505.875132167712,805827,89.37451171875,0.0475555972088505
2021-05-19,6494.27783203125,6570.0426120075535,6479.038766400018,6516.417836206172,432774,-33.7373046875,0.042846154501537836
2021-05-20,6457.8095703125,6531.465601380424,6449.806521895568,6498.974188861227,470476,-36.46826171875,0.037755493264946205
2021-05-21,6531.4169921875,6551.400510647335,6463.943075697944,6498.207221445239,434363,73.607421875,0.04803046749196993
2021-05-24,6586.00048828125,6675.5184744415865,6519.293131823642,6519.293131823642,1027484,54.58349609375,0.05564986240212655
2021-05-25,6624.52978515625,6659.225418544459,6601.719154135612,6651.510181931143,438736,38.529296875,0.06102822673403141
2021-05-26,6741.93798828125,6757.944084739355,6624.721247159045,6638.139374685119,691574,117.408203125,0.07741741997597362
2021-05-27,6679.2568359375,6775.196549653816,6662.2445656367,6730.149974772824,922091,-62.68115234375,0.06866766066575214
2021-05-28,6680.31103515625,6754.110740996571,6652.0371218797645,6698.1380706839445,393809,1.05419921875,0.06881481797036748
2021-05-31,6791.77685546875,6804.907639093976,6636.270339350018,6665.934173225156,718277,111.4658203125,0.0843745047754556
2021-06-01,6796.4248046875,6846.119888656876,6754.157612239486,6812.143087986895,642841,4.64794921875,0.08502331921854633
2021-06-02,6886.08740234375,6898.547092212072,6769.87683337959,6769.87683337959,598862,89.66259765625,0.09753946034369643
2021-06-03,6909.8564453125,6929.504417727912,6867.253703294957,6900.751287363895,401590,23.76904296875,0.10085741793117553
2021-06-04,6914.8408203125,6969.759114589854,6853.884087594066,6900.751598603816,575591,4.984375,0.10155319457106093
2021-06-07,6973.25732421875,7024.246398266039,6911.390356407532,6920.878796265717,520482,58.41650390625,0.10970764498896657
2021-06-08,7031.8173828125,7060.283168026847,6991.994485909371,7013.367458170234,538816,58.56005859375,0.11788213442843631
2021-06-09,6938.13037109375,7034.16601390176,6900.751301543722,7006.37132115943,443778,-93.68701171875,0.10480421910011839
2021-06-10,6900.6552734375,6976.899270732463,6875.8795661179565,6956.340595555425,278027,-37.47509765625,0.09957301207282887
2021-06-11,6923.56201171875,6942.922640290457,6887.716535638259,6942.922640290457,253689,22.90673828125,0.1027705992110487
2021-06-14,6879.52197265625,6913.1632287124885,6800.16305221754,6895.95908521747,322353,-44.0400390625,0.09662298182685669
2021-06-15,6868.404296875,6928.402591621483,6858.867654385676,6882.684925276302,207625,-11.11767578125,0.09507104821463563
2021-06-16,6818.5654296875,6894.761227088513,6776.154561322785,6868.164580825895,283007,-49.8388671875,0.08811396341515365
2021-06-17,6679.68798828125,6804.045281907661,6643.027745651499,6766.570273622037,595255,-138.87744140625,0.06872784589038172
2021-06-18,6670.10302734375,6699.335375117502,6537.50308736932,6699.335375117502,797389,-9.5849609375,0.06738986632132293
2021-06-21,6613.1240234375,6637.1809026894425,6557.6305756247175,6584.466830538119,443795,-56.97900390625,0.05943607875880752
2021-06-22,6963.4326171875,6996.546917876491,6641.97273181649,6651.557108052877,1757310,350.30859375,0.10833619889069701
2021-06-23,7123.77978515625,7168.155261634839,6939.136395503275,6964.103977347248,2227399,160.34716796875,0.1307193088582358
2021-06-24,7214.591796875,7236.204379050685,7102.119043160804,7139.210300046566,1041762,90.81201171875,0.1433958984757734
2021-06-25,7331.09033203125,7346.425335994187,7226.620617533747,7226.620617533747,1216123,116.49853515625,0.15965810975453898
2021-06-28,7280.53271484375,7378.053755322322,7256.715443301425,7378.053755322322,433364,-50.5576171875,0.15260069352736194
2021-06-29,7176.302734375,7285.085420231637,7142.805147438368,7280.293231427379,480219,-104.22998046875,0.13805106883301665
2021-06-30,7203.5224609375,7328.790466740626,7181.191047722494,7193.554801562287,729267,27.2197265625,0.1418507126973444
2021-07-01,7269.1748046875,7288.918714922329,7183.538302519613,7188.282756333658,584331,65.65234375,0.15101522522599276
2021-07-02,7259.0634765625,7317.192629540697,7232.897846528413,7308.087471379634,434905,-10.111328125,0.14960376924453234
2021-07-05,7283.60009765625,7370.386450525757,7267.83360914653,7280.580644291314,484183,24.53662109375,0.1530288742534357
2021-07-06,7202.61181640625,7339.668411989352,7176.254778794115,7284.126758262729,425103,-80.98828125,0.14172359441429305
2021-07-07,7139.78515625,7265.9156414064655,7124.6897636432,7215.118447237551,395336,-62.82666015625,0.13295352344275846
2021-07-08,7093.58935546875,7186.365938458303,7078.062477395914,7145.1531169920845,391940,-46.19580078125,0.12650497993541843
2021-07-09,7117.07080078125,7138.347836285288,7038.191099665201,7074.228449692441,400686,23.4814453125,0.12978279131983195
2021-07-12,7159.62548828125,7274.350199087953,7141.366969477589,7188.282681641296,496478,42.5546875,0.13572306617477914
2021-07-13,7121.52734375,7216.26899981455,7096.272417871251,7207.45118616853,350032,-38.09814453125,0.13040488706750386
2021-07-14,7022.2333984375,7139.402406928166,7006.179567008308,7126.942716863719,460178,-99.2939453125,0.11654429117925214
2021-07-15,7003.3046875,7052.185013086766,6965.925614992473,7051.226575330163,430055,-18.9287109375,0.11390200305015719
2021-07-16,6999.99755859375,7028.223736384076,6970.525598973702,7028.223736384076,281552,-3.30712890625,0.11344035579487266
2021-07-19,6867.7333984375,6993.720227248351,6853.884253810631,6950.30318458241,386598,-132.26416015625,0.09497739646079528
2021-07-20,6932.09228515625,6963.049634533373,6847.510161240549,6881.582433028165,413816,64.35888671875,0.1039613533155549
2021-07-22,6996.16357421875,7020.556000349979,6945.126767799824,6998.511933727719,439934,64.0712890625,0.11290516396724914
2021-07-23,6990.701171875,7068.478300526751,6974.551402431615,6996.595470351903,436330,-5.46240234375,0.11214265874875395
2021-07-26,6935.0634765625,7054.101628742395,6881.582838909022,7003.30442951368,431758,-55.6376953125,0.104376106533982
2021-07-27,6939.3291015625,7015.764514131072,6863.22923581267,6940.335274031534,417171,4.265625,0.10497155174617234
2021-07-28,6867.25341796875,7008.096016211506,6769.445044105835,6977.426011764192,739427,-72.07568359375,0.09491039524243639
2021-07-29,6702.833984375,6833.6607290475085,6647.723817205262,6833.6607290475085,1519226,-164.41943359375,0.07195883139787507
2021-07-30,6687.69140625,6800.11596933031,6675.423122017597,6709.064381298403,715546,-15.142578125,0.06984505542254904
2021-08-02,6782.81591796875,6812.048268033199,6738.775518135805,6804.907719920952,433760,95.12451171875,0.08312363360625707
2021-08-03,6900.17626953125,6920.878617405924,6791.585465540392,6828.82086370592,470570,117.3603515625,0.09950614717434458
2021-08-04,6807.68701171875,6947.331571105895,6712.41839841218,6919.920159425421,484122,-92.4892578125,0.08659542817220611
2021-08-05,6778.4130859375,6828.955807567708,6757.627252730639,6821.287458080371,495133,-29.27392578125,0.08250903545168731
2021-08-06,6849.06591796875,6914.366040927938,6792.880966879394,6804.696686207198,517575,70.65283203125,0.09237157389815198
2021-08-09,6830.69140625,6910.990069655276,6788.492408964945,6882.053614374096,264983,-18.37451171875,0.08980664729788446
2021-08-10,6753.72119140625,6853.021186212195,6747.01739031411,6795.437917943932,356726,-76.97021484375,0.07906225558272484
2021-08-11,6772.57763671875,6843.471955069364,6679.643289829569,6753.768940013486,414311,18.8564453125,0.08169445604110037
2021-08-12,6763.4140625,6833.633004709169,6737.371253075085,6773.05954747219,330283,-9.16357421875,0.08041529849792539
2021-08-13,6753.9619140625,6799.9705964216055,6726.616869006741,6780.776174843481,431784,-9.4521484375,0.07909585843181022
2021-08-16,6584.82861328125,6769.201981434034,6568.575875401221,6734.960506606319,750966,-169.13330078125,0.05548627855262367
2021-08-17,6641.302734375,6696.860827076996,6507.230481031532,6558.930379392707,752517,56.47412109375,0.06336958873997833
2021-08-18,6597.6083984375,6697.583757925977,6578.2208790718505,6697.583757925977,434144,-43.6943359375,0.05727022859138964
2021-08-20,6608.02587890625,6669.515851871138,6539.639477677537,6573.398678521005,657982,10.41748046875,0.0587244208535328
2021-08-23,6583.91162109375,6672.746633610509,6559.89445723982,6660.207502902655,537302,-24.1142578125,0.055358274190387746
2021-08-24,6562.01611328125,6609.08588860625,6501.63528694656,6548.801611309418,646993,-21.8955078125,0.05230184628230139
2021-08-25,6473.51953125,6595.582961429751,6462.475262003411,6595.582961429751,722194,-88.49658203125,0.03994847108740662
2021-08-26,6374.3154296875,6463.77730472412,6357.339281578004,6462.475070030743,1199429,-99.2041015625,0.02610041662761664
2021-08-27,6389.98974609375,6457.267009461222,6366.020619717737,6394.715939935404,1428388,15.67431640625,0.02828841877465471
2021-08-30,6555.93994140625,6568.575621597938,6417.961459799105,6452.829795666697,819447,165.9501953125,0.051453664022629075
2021-08-31,6603.3955078125,6628.377219495047,6523.771747425902,6578.220698043688,938326,47.45556640625,0.05807806016818462
2021-09-01,6544.36572265625,6578.2214728175895,6464.742423862671,6558.882461714788,1108476,-59.02978515625,0.04983800086903922
2021-09-02,6552.08203125,6615.790748284095,6470.385048154442,6609.762319588835,741052,7.71630859375,0.05091513235807821
2021-09-03,6619.79345703125,6711.329023126606,6512.246290305377,6529.993889992401,1196077,67.71142578125,0.06036707534229069
2021-09-06,6604.1669921875,6707.470230133092,6595.582604781433,6679.498323795177,897444,-15.62646484375,0.05818575286910732
2021-09-07,6633.34423828125,6684.224168708546,6610.725859849203,6635.996746502578,743783,29.17724609375,0.062258649922042
2021-09-08,6540.8447265625,6615.211512504965,6516.4898761520735,6609.183084185552,847767,-92.49951171875,0.04934649956122039
2021-09-09,6561.1005859375,6576.726461340072,6501.057436762652,6510.7029225738725,515702,20.255859375,0.05217404639987733
2021-09-13,6630.017578125,6650.996509155852,6571.758468738406,6593.171635006562,508397,68.9169921875,0.06179427626926581
2021-09-14,6650.03173828125,6708.434962833132,6608.218465706208,6665.030279392803,817280,20.01416015625,0.06458808393896276
2021-09-15,6664.06591796875,6692.037825860064,6636.094010077435,6692.037825860064,310138,14.0341796875,0.06654713685663405
2021-09-16,6685.23779296875,6702.647705470241,6626.44837193561,6668.21313471241,556648,21.171875,0.06950255173765241
2021-09-17,6765.77783203125,6814.294436188994,6703.612488978875,6708.435231776703,980793,80.5400390625,0.08074526075436006
2021-09-20,6703.998046875,6766.742211691199,6661.365284188923,6732.452228671953,550405,-61.77978515625,0.07212132468838128
2021-09-21,6536.74560546875,6693.677844913622,6502.021857232528,6667.44193563564,1085249,-167.25244140625,0.048774296887646784
2021-09-22,6588.8310546875,6603.299282739075,6544.461821996001,6578.221020783011,548623,52.08544921875,0.05604498555861326
2021-09-23,6603.974609375,6635.9973379915045,6579.185523763229,6624.519304677592,432740,15.1435546875,0.058158897853813896
2021-09-24,6705.78271484375,6788.299655622879,6605.2285276349385,6607.157624751654,1649962,101.80810546875,0.07237044925918668
2021-09-27,7140.9873046875,7183.957755127103,6726.7617325800775,6726.7617325800775,2646138,435.20458984375,0.13312133320837338
2021-09-28,7160.66357421875,7254.899681379828,7073.516521853231,7183.957326619331,1346961,19.67626953125,0.13586797420146368
2021-09-29,7122.2744140625,7200.354806277837,7032.523361362587,7128.495940495158,643556,-38.38916015625,0.13050917177156196
2021-09-30,7077.90478515625,7145.423178755112,7042.216491396852,7122.9493875598655,625717,-44.36962890625,0.12431554642969722
2021-10-01,6908.3857421875,6964.040380709813,6838.649071915868,6964.040380709813,901588,-169.51904296875,0.10065212020004943
2021-10-04,6916.10205078125,6959.169518890166,6878.966932835274,6925.458359794982,466994,7.71630859375,0.10172925168908842
2021-10-05,7000.93408203125,7041.203981514569,6901.97131269961,6910.79683719458,546004,84.83203125,0.11357108655460035
2021-10-06,6944.0263671875,7023.360487922461,6910.267166874751,7013.136178776403,726695,-56.90771484375,0.10562725034292963
2021-10-07,7226.8798828125,7287.164166119244,6969.104287392862,6978.460596550453,1646727,282.853515625,0.14511121145768546
2021-10-08,7166.595703125,7303.513557739309,7138.768383354069,7281.087804024954,630622,-60.2841796875,0.13669604927963463
2021-10-11,7427.794921875,7537.753451192737,7156.756792591807,7157.142988769681,1069536,261.19921875,0.17315725349532685
2021-10-12,7421.04345703125,7475.251274013128,7359.553486874045,7415.352714771679,406814,-6.75146484375,0.17221480604237838
2021-10-13,7216.896484375,7475.202855948144,7172.912978463222,7465.605409959106,1084436,-204.14697265625,0.1437176133797956
2021-10-14,7231.12451171875,7291.987624311638,7181.0645321428765,7272.696651760549,831546,14.22802734375,0.1457037257925723
2021-10-18,7385.54833984375,7432.135847003805,7142.482102199682,7142.482102199682,913963,154.423828125,0.1672599875608115
2021-10-19,7384.24658203125,7493.192537543237,7316.101315913091,7398.281047098567,658869,-1.3017578125,0.16707827316798862
2021-10-20,7321.64697265625,7395.531486453972,7248.582419327698,7345.037275206975,488082,-62.599609375,0.1583398965672952
2021-10-21,7306.69677734375,7378.796785146324,7219.646266251011,7378.796785146324,563128,-14.9501953125,0.15625297560726248
2021-10-22,7146.2431640625,7354.682185507598,7124.685411265546,7330.568473423967,224520,-160.45361328125,0.1338550067733938
2021-10-25,7003.201171875,7133.848988068262,6963.702721066012,7094.254459182759,248058,-143.0419921875,0.11388755314345111
2021-10-26,7038.6484375,7077.8092027238445,6954.588125777101,7007.445197793265,292203,35.447265625,0.11883569195116339
2021-10-27,7095.46044921875,7196.738049513461,6987.189871760833,7026.7363633044815,1218064,56.81201171875,0.1267661688151247
2021-10-28,7108.43310546875,7262.760861921912,6978.556276151888,6992.976464283855,961511,12.97265625,0.12857704202912135
2021-10-29,7217.1376953125,7282.341268947866,7036.2368101921165,7089.431566459181,819875,108.70458984375,0.14375128438881835
2021-11-01,7345.5673828125,7394.22904462921,7138.623683707381,7138.623683707381,1005690,128.4296875,0.16167898373533485
2021-11-02,7515.52099609375,7629.578859576034,7360.276722060768,7376.81910609945,1302733,169.95361328125,0.1854030723091734
2021-11-03,7460.0595703125,7564.230812979048,7438.212640003015,7515.521111547005,656492,-55.46142578125,0.1776611258317643
2021-11-04,7472.7431640625,7542.721442280583,7461.26513078512,7499.075621432799,53365,12.68359375,0.1794316483628834
2021-11-08,7412.169921875,7603.150535814671,7400.016515884644,7484.848749707347,428433,-60.5732421875,0.17097613550195534
2021-11-09,7308.91455078125,7489.237087486408,7271.442217035921,7435.704643883409,632879,-103.25537109375,0.15656255804244668
2021-11-10,7245.35107421875,7311.278062285932,7195.532235442355,7301.632576715634,562432,-63.5634765625,0.147689633725537
2021-11-11,7189.21435546875,7299.22092579687,7178.170086525312,7245.688482931759,486991,-56.13671875,0.13985342205485163
2021-11-12,7214.67822265625,7276.553915000672,7178.1699675815225,7263.050235943142,349666,25.4638671875,0.14340796278467416
2021-11-15,7237.10400390625,7311.13310188847,7187.815480957774,7187.815480957774,314414,22.42578125,0.1465384123846606
2021-11-16,7764.9541015625,7840.574619413449,7267.921913535178,7277.519360722678,2619355,527.85009765625,0.2202218265159196
2021-11-17,7981.39794921875,8053.980226106718,7730.904507570495,7750.14743913383,2377268,216.44384765625,0.2504355590392856
2021-11-18,7829.384765625,8071.341851138266,7717.449100544856,7942.092352088012,1337493,-152.01318359375,0.22921580288146137
2021-11-22,7585.59521484375,7897.57861907928,7529.795989294613,7868.786751835044,672298,-243.78955078125,0.19518484122994606
2021-11-23,7575.56396484375,7671.970776390538,7528.301088057738,7570.837771359339,567198,-10.03125,0.1937845634782015
2021-11-24,7397.55712890625,7617.956474479704,7365.871614571626,7586.656685374209,571078,-178.0068359375,0.16893631305859202
2021-11-25,7304.04345703125,7445.7355363382685,7171.418039356533,7369.150480253385,1007618,-93.513671875,0.155882594508013
2021-11-26,6916.29541015625,7253.405129959557,6877.231193698356,7253.405129959557,1154876,-387.748046875,0.10175624302425634
2021-11-29,6896.03955078125,6954.394735454621,6742.869436258369,6911.954601146715,733010,-20.255859375,0.09892869618559952
2021-11-30,6817.23583984375,6992.976768539426,6766.838179684276,6896.039642299674,1287938,-78.8037109375,0.0879283639059052
2021-12-01,7015.40234375,7118.367895627815,6877.278810828573,6936.068230008078,1669583,198.16650390625,0.11559073365652506
2021-12-02,7065.27001953125,7094.688750014032,6988.781037693435,7026.73611695312,618573,49.86767578125,0.12255183989230722
2021-12-03,6953.14111328125,7069.176111995203,6895.316241045942,7046.026947486009,603798,-112.12890625,0.10689959189237541
2021-12-06,6793.1708984375,6944.74960996639,6772.095418274171,6937.997770067812,609507,-159.97021484375,0.0845691013964267
2021-12-07,6931.82421875,7004.3579820537525,6839.806387710751,6876.266131962038,637151,138.6533203125,0.10392393350998119
2021-12-08,7171.32177734375,7232.040295745089,6897.5830926951785,6968.863134926042,930339,239.49755859375,0.13735576931269222
2021-12-09,7158.6376953125,7204.212611080818,7065.317629691658,7204.212611080818,615037,-12.68408203125,0.13558517862163566
2021-12-10,7162.3994140625,7209.99997632783,7097.099763749094,7118.367869605268,431682,3.76171875,0.13611028277853987
2021-12-13,7249.93212890625,7307.322763688124,7161.77249168761,7219.645400711348,883009,87.53271484375,0.1483291102572185
2021-12-14,7227.5068359375,7288.417982361446,7193.409950676778,7250.318314833076,749704,-22.42529296875,0.14519872881716955
2021-12-15,7299.6552734375,7369.150806992017,7188.828269995364,7210.964847260775,529018,72.1484375,0.15527004115156207
2021-12-16,7186.658203125,7350.824555983726,7143.446616141645,7322.370373540278,595582,-112.9970703125,0.13949660478312353
2021-12-17,7037.9248046875,7214.822908545069,6984.295812937813,7214.822908545069,1081907,-148.7333984375,0.1187346789240954
2021-12-20,7028.279296875,7061.989984859454,6786.41875696994,6944.749301361654,867425,-9.6455078125,0.1173882475228123
2021-12-21,7055.8173828125,7142.43412704457,7025.771789029176,7047.474131870082,415744,27.5380859375,0.1212323316662548
2021-12-22,7160.56689453125,7189.744486524457,7046.509034921441,7046.509034921441,368978,104.74951171875,0.13585447853387977
2021-12-23,7125.26416015625,7234.113549559475,7094.254020934659,7215.787128567258,249919,-35.302734375,0.1309265150676061
2021-12-24,7057.69775390625,7185.741564203605,6995.050141948661,7177.205215989594,357447,-67.56640625,0.1214948155847696
2021-12-27,7031.076171875,7070.140385464539,6931.438501897962,7019.115864871404,190180,-26.62158203125,0.11777866764362577
2021-12-28,7038.7451171875,7098.112893001341,6997.896391247333,7060.495498949561,214533,7.6689453125,0.11884918761874741
2021-12-29,7089.47900390625,7103.899191332011,6983.764872689771,7038.9852703413335,287776,50.73388671875,0.12593120958328718
2021-12-30,7024.083984375,7132.981426221989,6998.185760484558,7089.432151485633,296041,-65.39501953125,0.11680261734159203
2021-12-31,7163.171875,7185.404531022652,7031.607074029446,7031.607074029446,313398,139.087890625,0.13621811179933707
2022-01-03,7257.16650390625,7336.307992429113,7156.95000703163,7156.95000703163,456599,93.99462890625,0.1493389678881495
2022-01-04,7359.6015625,7377.831434852905,7253.404679055281,7330.568558619699,495182,102.43505859375,0.16363803665300625
2022-01-05,7499.7021484375,7531.194562242444,7335.970043296536,7354.537601611491,710043,140.1005859375,0.18319489482069684
2022-01-06,7602.66796875,7619.402979733314,7411.542774081676,7506.116567893493,739981,102.9658203125,0.1975680534373908
2022-01-07,7625.720703125,7663.144997823037,7557.7200315375585,7602.668087376784,523116,23.052734375,0.2007860203968611
2022-01-10,7837.53564453125,7940.163514125068,7643.227154403252,7668.160828145566,827930,211.81494140625,0.2303535967146909
2022-01-11,7855.138671875,7873.079368799457,7783.231296091281,7812.843124469942,688923,17.60302734375,0.23281083061403585
2022-01-12,7881.0849609375,7909.298005652786,7827.311379984434,7909.298005652786,288174,25.9462890625,0.23643271336190363
2022-01-13,7790.70703125,7967.171384876057,7670.090417982374,7885.184754402151,684931,-90.3779296875,0.22381671792861957
2022-01-14,7797.603515625,7856.247878620297,7669.125461376302,7669.125461376302,299536,6.896484375,0.2247794088829439
2022-01-17,7972.47607421875,8072.210771493286,7812.939837558697,7836.7639042632945,862249,174.87255859375,0.24919014066507061
2022-01-18,7634.5458984375,7956.512467488479,7611.734420807309,7956.512467488479,785199,-337.93017578125,0.20201794310349241
2022-01-19,7731.53173828125,7774.261049207993,7581.351345753701,7647.905193445432,681632,96.98583984375,0.21555634696816084
2022-01-20,7751.44970703125,7851.42506840713,7714.024941321621,7716.388273618802,522850,19.91796875,0.2183367271302109
2022-01-21,7899.2666015625,7951.737946510738,7577.541162252774,7687.451653771298,1041476,147.81689453125,0.23897071678694048
2022-01-24,7766.833984375,8037.389848595177,7670.861405088342,7898.687957572291,1153538,-132.4326171875,0.22048424227449714
2022-01-25,8297.6240234375,8356.84767436079,7608.261536760395,7706.742026563101,2162832,530.7900390625,0.2945780473881964
2022-01-27,8507.51171875,8653.592792069949,8102.25624917696,8349.13265082538,2899559,209.8876953125,0.32387659643353117
2022-01-28,8247.806640625,8613.41858138253,8220.219986834129,8483.204526680778,1045088,-259.705078125,0.2876239616259554
2022-01-31,8292.513671875,8410.86397607352,8249.591258235634,8319.231857068131,561419,44.70703125,0.2938646854844894
2022-02-01,8255.95703125,8479.152995029062,8054.944741629783,8384.820337562891,819689,-36.556640625,0.28876168729924767
2022-02-02,8213.37109375,8375.174094363789,8141.0299608377245,8275.536429020982,580433,-42.5859375,0.2828170502083137
2022-02-03,8288.9931640625,8486.098286821052,8220.55825489098,8246.890242364174,810019,75.6220703125,0.2933732523366078
2022-02-04,8247.419921875,8372.280912582946,8191.0418741156,8333.602894821155,404421,-41.5732421875,0.2875699789556193
2022-02-07,8209.8994140625,8309.585122299055,8102.207199920146,8242.066728966387,446099,-37.5205078125,0.28233243305416156
2022-02-08,8294.5869140625,8477.512974730878,8136.979309965948,8311.225375942955,998182,84.6875,0.29415409257823477
2022-02-09,8632.1787109375,8671.097865906813,8316.337118081952,8316.337118081952,1403525,337.591796875,0.3412790553032691
2022-02-10,8493.28515625,8729.165341822098,8478.28661302898,8729.165341822098,811887,-138.8935546875,0.32189068850056646
2022-02-11,8427.40625,8550.723412797499,8365.819256193276,8428.225739540276,671572,-65.87890625,0.3126945497610142
2022-02-14,8069.798828125,8309.633243946644,8029.866144037359,8198.662129047154,995540,-357.607421875,0.2627755748864712
2022-02-15,8317.01171875,8357.08851658249,8060.248744994844,8111.852084653459,682766,247.212890625,0.2972844058583465
2022-02-16,8278.671875,8426.682033190204,8241.10252190793,8410.863060748728,422704,-38.33984375,0.2919324875821113
2022-02-17,8249.2529296875,8351.35001067624,8222.77588522295,8271.003309769712,305313,-29.4189453125,0.28782585136021666
2022-02-18,8265.3115234375,8339.437634988031,8218.000611628,8246.88902531557,385273,16.05859375,0.2900674953779042
2022-02-21,8307.3671875,8414.9623860113,8144.261468370386,8241.150555136834,626049,42.0556640625,0.295938110776938
2022-02-22,8317.1083984375,8352.796691997894,8087.593900516814,8193.839291771326,620828,9.7412109375,0.2972979015259306
2022-02-23,8390.4619140625,8478.332843091273,8348.359939352207,8381.926037050067,557954,73.353515625,0.3075374325855621
2022-02-24,7919.08837890625,8282.81924767348,7865.893151448628,8104.136635005687,947351,-471.37353515625,0.24173766944134412
2022-02-25,8059.86328125,8165.867537350499,7918.508888065177,7967.170547899259,1344343,140.77490234375,0.26138865648243603
2022-02-28,8019.40185546875,8044.287020141133,7826.443631808321,8005.753116451268,961303,-40.46142578125,0.25574058327866334
2022-03-02,7537.17529296875,7908.33337801111,7488.754768493506,7907.07965331358,1783011,-482.2265625,0.18842582920823714
2022-03-03,7326.27685546875,7658.467766690633,7290.540518592365,7643.083028289462,1050154,-210.8984375,0.15898618909270612
2022-03-04,6990.3720703125,7252.633181037174,6877.230721032281,7216.75178888689,2511658,-335.90478515625,0.11209671895101858
2022-03-07,6529.07666015625,6780.631184781702,6491.411230631376,6744.1229308431775,2469925,-461.29541015625,0.04770377691252525
2022-03-08,6565.00634765625,6611.980048570581,6304.819386591054,6467.297771796608,2840376,35.9296875,0.0527192577382829
2022-03-09,6777.73779296875,6827.170904115594,6536.74525350551,6630.306458993194,1827539,212.7314453125,0.08241477025841137
2022-03-10,6956.130859375,7137.514491957839,6922.853935285613,6997.799544014441,1535070,178.39306640625,0.10731693518841956
2022-03-11,6850.75390625,6944.749347966063,6829.003525499962,6944.749347966063,1024452,-105.376953125,0.09260720280137336
2022-03-14,7057.3603515625,7074.963361972315,6763.414191431476,6800.067035024516,1023874,206.6064453125,0.12144771706810031
2022-03-15,7157.046875,7349.860038239408,7058.566372681888,7061.460018366234,1586111,99.6865234375,0.13536311354593555
2022-03-16,7220.4169921875,7326.469288434,7176.240859157945,7301.632164492694,584457,63.3701171875,0.1442090465276772
2022-03-17,7420.27197265625,7467.486812424012,7263.050559482849,7305.490695554196,1133271,199.85498046875,0.17210711334145568
2022-03-21,7432.37744140625,7658.516054086929,7378.796953874687,7565.9193864304625,1354525,12.10546875,0.17379693450682032
2022-03-22,7491.310546875,7532.159270227099,7269.464390881629,7441.443671784276,1093502,58.93310546875,0.1820234981383816
2022-03-23,7373.8291015625,7584.052176162323,7341.179038840549,7523.47871540616,808597,-117.4814453125,0.16562408090584546
2022-03-24,7289.04541015625,7383.619207832918,7259.530130101874,7329.8936647905375,565485,-84.78369140625,0.1537889938741256
2022-03-25,7152.5615234375,7274.914126635109,7123.190832564137,7248.582140381786,686637,-136.48388671875,0.13473699636196335
2022-03-28,7212.267578125,7271.731905200948,7150.198781437143,7161.773364652744,599515,59.7060546875,0.1430714571742594
2022-03-29,7175.4208984375,7294.976873715066,7138.623467259987,7267.872966599649,446257,-36.8466796875,0.13792797198626572
2022-03-30,7329.21875,7359.457441417303,7224.468682650157,7254.369687878749,589206,153.7978515625,0.15939685271489556
2022-03-31,7293.24072265625,7381.448875457508,7261.121444506108,7329.170155946347,434317,-35.97802734375,0.15437462405534574
2022-04-01,7427.07177734375,7454.995645891089,7250.849042135632,7305.490622587542,449386,133.8310546875,0.1730563086281961
2022-04-04,7499.171875,7517.691395540606,7361.096844319723,7378.796404398978,491029,72.10009765625,0.18312087312879666
2022-04-05,7486.68115234375,7619.933438469116,7455.960187261552,7505.152162623821,488132,-12.49072265625,0.18137727377290813
2022-04-06,7469.65673828125,7570.741233453312,7402.909793190746,7464.640897655138,393628,-17.0244140625,0.17900080939925533
2022-04-07,7369.6328125,7473.321776225378,7350.872155791076,7388.200371120591,458566,-100.02392578125,0.1650383144047508
2022-04-08,7290.009765625,7456.442426428814,7248.967943006908,7435.511534896582,849846,-79.623046875,0.15392360975027908
2022-04-11,7297.1953125,7346.53187533021,7219.645705330323,7344.892425421261,496254,7.185546875,0.15492665138748063
2022-04-12,7348.2685546875,7438.116158104331,7234.114139373984,7272.696081450646,598047,51.0732421875,0.16205604450843902
2022-04-13,7204.69580078125,7431.79895808242,7176.241616950599,7348.268954744683,527991,-143.57275390625,0.14201450102665902
2022-04-18,7305.00830078125,7329.604288325968,7094.254446721608,7113.063143079333,551783,100.3125,0.15601727854410374
2022-04-19,7171.51513671875,7405.803889188246,7089.431959564158,7311.2781297273905,425990,-133.4931640625,0.13738276064786026
2022-04-20,7394.904296875,7426.05902555708,7207.685335703198,7233.1493223344,542622,223.38916015625,0.1685660001192798
2022-04-21,7599.87109375,7619.740417025317,7413.568165271199,7436.476193243879,772708,204.966796875,0.19717763331657723
2022-04-22,7624.27392578125,7732.447950225347,7456.924754281086,7512.868569537625,960818,24.40283203125,0.20058406250266236
2022-04-25,7631.845703125,7714.459191040411,7533.124066269768,7533.124066269768,701521,7.57177734375,0.20164101865026274
2022-04-26,7626.44384765625,7781.495018935314,7552.414750327054,7716.387995225598,801963,-5.40185546875,0.20088696526399186
2022-04-27,7512.28955078125,7586.17406113346,7446.314526630682,7572.670381940088,570519,-114.154296875,0.18495198984416927
2022-04-28,7608.50341796875,7658.515353609371,7491.359281194167,7565.918694422155,561932,96.2138671875,0.19838263284797775
2022-04-29,7444.1923828125,7664.784817829927,7355.647017022718,7637.295184996838,1162749,-164.31103515625,0.17544620050949555
2022-05-02,7364.0869140625,7475.251132517027,7276.843310843641,7393.264507192646,544053,-80.10546875,0.16426415383697834
2022-05-04,7135.63330078125,7472.357278535089,7095.701086813396,7378.796073421121,599211,-228.45361328125,0.1323739594959572
2022-05-05,7145.0380859375,7270.7670856253635,7118.513000390312,7185.886811874364,524174,9.40478515625,0.13368678804815493
2022-05-06,7021.18994140625,7098.98068675932,6902.936196517768,7054.708003083465,650559,-123.84814453125,0.11639863339325729
2022-05-09,7099.3662109375,7161.290413678111,6877.230877436182,6946.196095912575,570578,78.17626953125,0.12731138015353027
2022-05-10,7249.45068359375,7306.4555996944755,7089.576754135089,7089.576754135089,663616,150.08447265625,0.14826190455904775
2022-05-11,7134.23486328125,7291.552345136006,7086.152026887302,7252.440092276634,605312,-115.2158203125,0.13217874943555052
2022-05-12,6996.498046875,7064.306097866222,6955.1670440562,6965.487902742928,571754,-137.73681640625,0.11295185352429471
2022-05-13,6850.17578125,7079.786375798791,6811.979564374384,7079.786375798791,703097,-146.322265625,0.09252650143561869
2022-05-16,6990.66162109375,7046.364295520933,6896.521595746437,6903.273435070944,369545,140.48583984375,0.11213713779383316
2022-05-17,7265.7509765625,7315.762912024575,6997.847622422591,7021.913296628403,811448,275.08935546875,0.1505372877456953
2022-05-18,7298.3046875,7369.295555410801,7243.373929822249,7297.774374182627,576970,32.5537109375,0.15508151076500998
2022-05-19,7142.0478515625,7258.227914002938,7123.239154642492,7185.886772002908,363255,-156.2568359375,0.13326937659217353
2022-05-20,7317.64404296875,7377.735228583033,7185.886618296792,7253.935329360867,742204,175.59619140625,0.15778112140136835
2022-05-23,7617.47412109375,7672.839113571493,7500.426060564373,7523.575225723371,1161175,299.830078125,0.19963486721592216
2022-05-24,7526.03466796875,7660.39656389671,7515.086947705136,7638.25998623139,581609,-91.439453125,0.18687069207896323
2022-05-25,7511.18017578125,7580.868803692283,7423.213165725245,7562.060108269929,454335,-14.8544921875,0.18479713046663993
2022-05-26,7528.30126953125,7562.012429011258,7349.859791649984,7523.47852688581,476799,17.12109375,0.18718709050787663
2022-05-27,7661.36083984375,7683.496945750453,7555.30854189563,7644.047005556347,431411,133.0595703125,0.20576108237980428
2022-05-30,7729.79541015625,7774.2611918122975,7669.125401501188,7697.290407110532,389517,68.4345703125,0.2153139702311474
2022-05-31,7683.93115234375,7812.842967106822,7619.933264215296,7729.795245817829,2494005,-45.8642578125,0.20891170732122932
2022-06-01,7657.9365234375,7782.845558375066,7600.738983858337,7692.322584421101,522004,-25.99462890625,0.20528307673956936
2022-06-02,7644.4326171875,7689.380671655037,7577.107320016231,7644.046891980202,352848,-13.50390625,0.20339804551379814
2022-06-03,7431.89404296875,7711.565061836095,7408.696840520706,7668.160380437393,591905,-212.53857421875,0.17372945616890034
2022-06-06,7437.19970703125,7501.197598147985,7322.322350372092,7417.378422522003,606990,5.3056640625,0.17447008204752457
2022-06-07,7532.544921875,7542.769230115125,7287.163878966722,7345.084827697067,991192,95.34521484375,0.18777946852288896
2022-06-08,7612.65087890625,7640.188549764912,7446.989676605767,7546.627346718933,813596,80.10595703125,0.1989615833553432
2022-06-09,7648.72509765625,7726.033566553099,7552.511383765654,7569.77670790371,687937,36.07421875,0.20399723952253968
2022-06-10,7653.78955078125,7705.007174703463,7548.557206241921,7548.557206241921,442921,5.064453125,0.20470419439214116
2022-06-13,7621.47705078125,7684.896119058004,7517.450393641839,7571.658211492642,565826,-32.3125,0.200193642381849
2022-06-14,7534.71533203125,7621.283561471091,7475.251010125539,7528.301178584495,553462,-86.76171875,0.1880824394441557
2022-06-15,7575.0341796875,7647.905635995724,7538.911647237051,7538.911647237051,604566,40.31884765625,0.1937106099462388
2022-06-16,7555.8876953125,7740.502195539011,7528.30151229682,7656.586470802326,1319566,-19.146484375,0.1910379224851112
2022-06-17,7415.59375,7571.416848933662,7375.082711394333,7528.301340886387,1317656,-140.2939453125,0.1714540729822528
2022-06-20,7389.35791015625,7508.141961979947,7355.646752191544,7426.830242050182,1043423,-26.23583984375,0.1677917713915703
2022-06-21,7504.7666015625,7562.060691690552,7354.827339893077,7441.444082949362,954884,115.40869140625,0.18390184969029832
2022-06-22,7506.84033203125,7590.032645627048,7443.035538754581,7475.251366578932,796824,2.07373046875,0.18419132494398094
2022-06-23,7977.78125,8022.921934843381,7526.372517682264,7533.124357695563,1676430,470.94091796875,0.24993069838375737
2022-06-24,8066.71337890625,8092.563094084167,7946.240876926683,8015.39920284141,1156788,88.93212890625,0.2623448722427174
2022-06-27,8149.2294921875,8243.707210241195,8093.76795103635,8144.647886614144,921090,82.51611328125,0.2738634245256494
2022-06-28,8188.7275390625,8237.148061856551,8083.9289683977695,8116.916715285629,691242,39.498046875,0.2793770181731433
2022-06-29,8207.248046875,8227.599645775323,8073.271868128892,8092.514801292581,655413,18.5205078125,0.2819623245946613
2022-06-30,8170.44970703125,8328.49061166368,8136.545448401958,8198.662752385046,1130302,-36.79833984375,0.2768255872404598
2022-07-01,8104.7158203125,8150.435801466761,8011.154604603354,8140.790315311179,530569,-65.73388671875,0.2676496920022834
2022-07-04,8144.02001953125,8167.410320135924,8025.043341479692,8104.714669030614,625431,39.30419921875,0.2731362261546718
2022-07-05,8052.72607421875,8206.908771794893,8039.511571669384,8197.215247970276,610290,-91.2939453125,0.2603923626790262
2022-07-06,8324.1025390625,8345.708804692193,8073.271861549359,8080.023701815887,976098,271.37646484375,0.29827422446771357
2022-07-07,8301.291015625,8391.572383107867,8272.16146103318,8386.749640358954,547662,-22.8115234375,0.2950899285172658
2022-07-08,8175.46484375,8350.048117910472,8145.611880028661,8314.407863332985,686327,-125.826171875,0.2775256579563946
2022-07-11,8206.0419921875,8222.776533046888,8117.736817331827,8152.075311479581,536114,30.5771484375,0.28179396954954805
2022-07-12,8121.20849609375,8196.202135525571,8079.29867898111,8193.83880351524,424358,-84.83349609375,0.26995193020422426
2022-07-13,8140.98388671875,8187.234183912042,8083.88241696957,8154.294469998896,413855,19.775390625,0.27271240766458493
2022-07-14,8264.0107421875,8282.915516768653,8150.43515175914,8164.855340800639,606496,123.02685546875,0.28988591730495605
2022-07-15,8466.85546875,8487.062949876195,8272.161714780965,8291.259588264094,631246,202.8447265625,0.3182013274147787
2022-07-18,8396.2021484375,8529.502948321771,8376.139726702055,8489.956457212285,478682,-70.6533203125,0.3083387208083769
2022-07-19,8406.8603515625,8486.966864564503,8360.17676552595,8391.524594328766,478458,10.658203125,0.3098265159196053
2022-07-20,8438.8828125,8551.15663397114,8411.055965226644,8464.395308553037,398132,32.0224609375,0.3142965809271455
2022-07-21,8485.1328125,8518.795930569939,8412.839716950451,8481.274618655507,421090,46.25,0.32075269018752495
2022-07-22,8517.8798828125,8573.871735627083,8479.345981313723,8536.25434360442,415294,32.7470703125,0.3253239045420079
2022-07-25,8315.951171875,8544.549171901732,8189.016962982915,8515.51663812658,623462,-201.9287109375,0.29713636247454656
2022-07-26,8223.5966796875,8319.618250751526,8171.028778589392,8316.338408585105,429454,-92.3544921875,0.2842444556151008
2022-07-27,8351.15625,8398.75727941607,8160.0795858827105,8252.24199849093,1298855,127.5595703125,0.3020506939533615
2022-07-28,8411.8759765625,8459.23587571831,8322.896372476212,8391.572417893802,725196,60.7197265625,0.3105266547954776
2022-07-29,8462.5146484375,8625.95758680738,8420.508747940114,8453.97877064162,821432,50.638671875,0.3175953855722452
2022-08-01,8684.2177734375,8762.924567237074,8509.82662233224,8536.25563236633,1009408,221.703125,0.3485432687801927
2022-08-02,8847.8505859375,8870.806649660373,8636.566445545785,8666.46744619487,848311,163.6328125,0.37138502696577513
2022-08-03,8698.72265625,8878.630080711957,8597.894209741975,8878.630080711957,753729,-149.1279296875,0.35056802787741426
2022-08-04,8705.7607421875,8784.69464569483,8573.038651799883,8761.393068385294,643264,7.0380859375,0.3515504852135535
2022-08-05,8583.912109375,8723.72156017845,8553.619872072215,8705.856639985046,558385,-121.8486328125,0.33454144550187015
2022-08-08,8662.3134765625,8736.150164014598,8583.719004229059,8583.913373679172,520993,78.4013671875,0.3454856139932351
2022-08-10,8621.29296875,8737.606491852412,8569.155497204221,8678.478357124777,445375,-41.0205078125,0.33975949766126223
2022-08-11,8557.359375,8736.150838601623,8470.124462765121,8695.081992836633,508318,-63.93359375,0.33083490811188454
2022-08-12,8446.044921875,8558.474838462274,8422.548976024982,8558.474838462274,712782,-111.314453125,0.3152963508873571
2022-08-16,8741.6845703125,8776.9280186347,8451.725169731442,8482.891600276735,963726,295.6396484375,0.3565651481200637
2022-08-17,8684.060546875,8806.054391881047,8660.419534242441,8747.800448825605,623749,-57.6240234375,0.3485213212803845
2022-08-18,8687.3134765625,8750.130833693996,8618.670725226728,8665.273878860937,442229,3.2529296875,0.3489754027826294
2022-08-19,8523.474609375,8707.022889557931,8461.385424007289,8694.838295816457,572597,-163.8388671875,0.3261048811035093
2022-08-22,8376.9169921875,8512.309054157498,8351.86798635975,8496.337575177657,488485,-146.5576171875,0.3056466759250581
2022-08-23,8466.7255859375,8502.163403022154,8314.779877067685,8356.528538290702,558231,89.80859375,0.3181831968714589
2022-08-24,8450.7060546875,8516.727195739746,8343.90715004416,8407.986492830165,442582,-16.01953125,0.3159470056487549
2022-08-25,8481.677734375,8577.893454877401,8427.404096019904,8467.210958685435,525721,30.9716796875,0.32027039047124084
2022-08-26,8466.822265625,8575.708978348455,8452.8418875481,8543.912032998376,398063,-14.85546875,0.3181966925390428
2022-08-29,8577.1171875,8602.069484489366,8340.023432989312,8352.256382632386,459057,110.294921875,0.33359293181450267
2022-08-30,8817.947265625,8897.318257280684,8611.873957014368,8626.243072297028,1016312,240.830078125,0.367210776086086
2022-09-01,8761.87890625,8964.942831769546,8680.808831600782,8689.49856815299,888864,-56.068359375,0.3593841068066218
2022-09-02,8660.03125,8883.630071681207,8643.040515716848,8763.820743249975,632909,-101.84765625,0.34516703444632835
2022-09-05,8689.5947265625,8754.402237208336,8616.728943547472,8641.00141944479,386455,29.5634765625,0.3492938460096616
2022-09-06,8630.0791015625,8760.179576838482,8611.874744014556,8722.848317998105,397902,-59.515625,0.3409859675729098
2022-09-07,8529.251953125,8615.321590162988,8505.07618607834,8606.04969331032,496785,-100.8271484375,0.3269113494815584
2022-09-08,8534.833984375,8626.53463974913,8524.493530391064,8572.067583123315,428924,5.58203125,0.3276905538846905
2022-09-09,8685.6630859375,8727.411745974981,8475.94888667945,8577.553853679285,632296,150.8291015625,0.3487450221945795
2022-09-12,8667.84765625,8750.033695485483,8644.885513471248,8708.86814287895,383641,-17.8154296875,0.34625813872251243
2022-09-13,8666.73046875,8727.460015391967,8651.584822654564,8711.19745611884,405093,-1.1171875,0.3461021887859862
2022-09-14,8706.24609375,8738.091392752645,8568.863879075056,8602.019512529176,509547,39.515625,0.3516182361912227
2022-09-15,8941.7373046875,9053.6334174338,8767.218204764313,8767.266560086897,1392132,235.4912109375,0.3844908197084459
2022-09-16,8922.2236328125,9044.799648848077,8757.558570305428,8941.495601422796,1056382,-19.513671875,0.381766875974474
2022-09-19,9010.767578125,9071.54642423058,8806.053903840548,8908.289378608135,727024,88.5439453125,0.3941268626832862
2022-09-20,9030.185546875,9155.577531454514,8980.815712190271,9067.22572282648,747257,19.41796875,0.3968374470695487
2022-09-21,8978.7783203125,9124.50989846724,8943.388857881135,9029.361785033554,440725,-51.4072265625,0.3896614325514821
2022-09-22,9128.2470703125,9160.4327538402,8918.678884660952,8931.30057261007,511112,149.46875,0.41052600727607336
2022-09-23,9071.5478515625,9175.96786550321,9007.3708488693,9124.461855230888,574213,-56.69921875,0.40261127535762664
2022-09-26,8577.8447265625,9000.525247497377,8543.911615234638,9000.525247497377,865432,-493.703125,0.3336944901210691
2022-09-27,8518.716796875,8649.691460696517,8418.180387789052,8631.292733688331,686285,-59.1279296875,0.32544073067452783
2022-09-28,8472.7939453125,8592.45726255658,8408.034783998733,8466.24037621394,663740,-45.9228515625,0.31903028857213445
2022-09-29,8373.8583984375,8543.911748461194,8353.712242894253,8515.173515473816,817007,-98.935546875,0.30521972207785575
2022-09-30,8571.2431640625,8613.816709819197,8309.148765595213,8415.75329584229,658982,197.384765625,0.33277296776886967
2022-10-03,8298.2744140625,8708.964723779178,8262.351148200758,8708.964723779178,1123076,-272.96875,0.29466883642467046
2022-10-04,8437.5986328125,8503.668126972147,8378.859237232826,8445.85127516667,503140,139.32421875,0.3141173202920654
2022-10-06,8449.734375,8568.184058298863,8437.598136957084,8479.832245346433,474445,12.1357421875,0.315811367373542
2022-10-07,8523.619140625,8588.183924950521,8457.501297137043,8495.366358621184,428616,73.884765625,0.32612505644494794
2022-10-10,8604.49609375,8618.1370357322,8406.043949277462,8422.549233077152,411218,80.876953125,0.33741479581838785
2022-10-11,8431.43359375,8592.4568263168,8412.840497179106,8554.591762336422,422610,-173.0625,0.31325673292380574
2022-10-12,8433.8115234375,8466.239931791491,8340.605212261815,8444.880152147065,380365,2.3779296875,0.31358867181842187
2022-10-13,8397.83984375,8529.785406344867,8341.964792016925,8412.840423978894,355605,-35.9716796875,0.3085673292380572
2022-10-14,8366.529296875,8511.484354520344,8355.849405917097,8505.076799203092,274160,-31.310546875,0.30419664141908986
2022-10-17,8469.9296875,8495.076354363522,8317.74124803097,8359.441555523788,304671,103.400390625,0.3186304623799746
2022-10-18,8551.0478515625,8629.59396839975,8497.35732069479,8509.979009057424,369973,81.1181640625,0.32995387276243704
2022-10-19,8465.6083984375,8597.311236100028,8441.967385419506,8593.816378717163,385416,-85.439453125,0.3180272469349329
2022-10-20,8454.0068359375,8484.88123634971,8360.411787499363,8446.821803651663,328270,-11.6015625,0.3164077668248545
2022-10-21,8450.025390625,8538.086122821365,8389.538570309236,8475.948584515638,356203,-3.9814453125,0.3158519906961684
2022-10-24,8510.3671875,8533.037300847083,8491.336997412618,8533.037300847083,30052,60.341796875,0.32427519574681984
2022-10-25,8742.947265625,8754.598055984523,8541.38897166276,8563.330914249029,727441,232.580078125,0.356741409717903
2022-10-27,8778.8212890625,8812.802757493555,8642.94377066445,8786.636837172913,849108,35.8740234375,0.3617491203108093
2022-10-28,9216.3076171875,9272.037602094768,8787.607329905411,8830.326888243257,1873029,437.486328125,0.4228185156469656
2022-10-31,9250.337890625,9484.713312742117,9176.064109437082,9369.17631978313,1932020,34.0302734375,0.4275688543166539
2022-11-01,9179.462890625,9356.458567391364,9102.17969614244,9354.613479715455,805517,-70.875,0.41767530309872114
2022-11-02,8960.81640625,9179.462121967295,8941.980584718545,9170.14186999638,788679,-218.646484375,0.387154101098227
2022-11-03,8970.2333984375,9039.070523139704,8897.707994967608,8941.980614190836,616860,9.4169921875,0.3884686336488571
2022-11-04,8960.9130859375,9052.663049274744,8923.581826569969,8988.486999150275,465775,-9.3203125,0.3871675967658109
2022-11-07,9061.6923828125,9080.624915267535,8984.99135389209,9007.030953096686,469017,100.779296875,0.40123553518330757
2022-11-09,8984.21484375,9204.9483754156,8951.689723820717,9204.462925864418,617256,-77.4775390625,0.3904203252933006
2022-11-10,8832.51171875,8981.544728596726,8807.02561771758,8933.242499020995,445700,-151.703125,0.36924385069565735
2022-11-11,8823.09375,8971.107504461535,8786.636679153344,8932.271541238759,461074,-9.41796875,0.3679291818251528
2022-11-14,8886.0078125,8896.396622281125,8730.858329198512,8835.181624937073,282822,62.9140625,0.37671145342546286
2022-11-15,8895.5712890625,8935.71758472611,8864.308150643998,8922.562092488319,359888,9.5634765625,0.37804643395728077
2022-11-16,8869.1142578125,8983.24324882681,8835.035133072926,8893.43508881422,350737,-26.45703125,0.37435325591500457
2022-11-17,8724.9365234375,8902.75612709297,8708.965043400302,8836.15282720024,409572,-144.177734375,0.3542272622709187
2022-11-18,8590.5625,8761.344009235847,8578.863356961054,8747.799778884008,515615,-134.3740234375,0.3354697838477988
2022-11-21,8607.21484375,8669.352385809261,8530.319445822935,8568.184510515297,520644,16.65234375,0.33779431034923435
2022-11-22,8615.515625,8674.93483773057,8601.24321903799,8616.729248837864,455948,8.30078125,0.33895302928321314
2022-11-23,8674.498046875,8727.41204805634,8642.943825987044,8679.837991948347,621006,58.982421875,0.3471864770684411
2022-11-24,8706.1484375,8733.140189435924,8661.390370832612,8707.89681429394,455343,31.650390625,0.35160460420376405
2022-11-25,8757.0244140625,8815.763809489163,8687.119679009282,8738.091881652254,545439,50.8759765625,0.3587064607100562
2022-11-28,8723.91796875,8839.162944189284,8689.5477581363,8765.277895022851,439956,-33.1064453125,0.35408508064172584
2022-11-29,8650.9052734375,8762.121574723711,8629.351123980647,8723.528335842271,606692,-73.0126953125,0.3438931252183247
2022-11-30,8712.994140625,8757.50948307476,8611.874624708771,8664.303173720527,1087650,62.0888671875,0.35256020652460995
2022-12-01,8697.4599609375,8762.364185089828,8670.128772615197,8756.587145942953,694489,-15.5341796875,0.3503917662795749
2022-12-02,8559.2998046875,8669.060698163255,8499.97825341764,8563.32941490546,971612,-138.16015625,0.3311057757026864
2022-12-05,8536.193359375,8595.564219410166,8509.930727989231,8586.631757939163,519621,-23.1064453125,0.32788031115011373
2022-12-06,8463.6669921875,8543.912183027605,8441.919420971446,8521.775872909402,551379,-72.5263671875,0.3177562430242563
2022-12-07,8407.16015625,8493.278135973838,8389.537960769012,8466.238979042446,546450,-56.5068359375,0.30986836612110313
2022-12-08,8430.0263671875,8457.502623920478,8355.606566953833,8412.841262343121,476001,22.8662109375,0.31306029598452756
2022-12-09,8362.693359375,8508.716962847233,8296.769879563164,8453.618439082684,790406,-67.3330078125,0.3036611769517171
2022-12-12,8407.744140625,8440.317618355932,8267.497565002053,8358.47100743562,445039,45.05078125,0.30994988540610546
2022-12-13,8369.8291015625,8444.247940160652,8359.440292754642,8409.92704016733,330236,-37.9150390625,0.304657266275315
2022-12-14,8390.12109375,8425.171119354329,8345.896830372862,8398.2770252632,343670,20.2919921875,0.3074898569493315
2022-12-15,8334.3427734375,8421.188927798084,8325.458668603678,8389.53800063025,472176,-55.7783203125,0.29970367467261927
2022-12-16,8238.85546875,8338.081547309217,8200.21387384416,8310.410922705314,624222,-95.4873046875,0.2863744536555025
2022-12-19,8353.46875,8370.55714081176,8205.067221227055,8251.476002510033,464106,114.61328125,0.3023734994163806
2022-12-20,8276.283203125,8334.586451462834,8186.669407563782,8334.586451462834,694906,-77.185546875,0.2915990491688748
2022-12-21,8107.39599609375,8317.644000662416,8047.102594791698,8276.283131278393,800720,-168.88720703125,0.2680238218980838
2022-12-22,8091.81201171875,8140.017528174884,8046.811220600363,8113.463818763955,580858,-15.583984375,0.2658484293394451
2022-12-23,7904.671875,8087.540807610122,7886.467517640454,8058.171111070054,503012,-187.14013671875,0.23972524729277256
2022-12-26,8016.51904296875,8103.123427388151,7841.029040632253,7909.914517485175,315102,111.84716796875,0.25533816700888623
2022-12-27,8063.75390625,8073.025802780812,7991.275911096266,8057.443062267068,423308,47.23486328125,0.2619317548627854
2022-12-28,8175.98974609375,8207.495611785942,8046.423070465984,8073.026085290128,538632,112.23583984375,0.2775989298889844
2022-12-29,8190.31103515625,8203.127093839164,8090.502790029796,8126.426059348302,452134,14.3212890625,0.279598060849784
2022-12-30,8150.3095703125,8242.933727854706,8118.901362279507,8223.51574498579,433976,-40.00146484375,0.2740141943069413
2023-01-02,8158.75634765625,8207.981122440857,8094.968086139136,8121.571101161316,398159,8.44677734375,0.27519329306217044
2023-01-03,8138.80419921875,8157.494006362583,8062.49191138502,8136.134226769631,493207,-19.9521484375,0.27240814170450955
2023-01-04,8177.68896484375,8288.614189934988,8069.190987566324,8132.251075397912,566744,38.884765625,0.2778361264707637
2023-01-05,8214.873046875,8228.36892206359,8145.890863416674,8199.193597107282,417716,37.18408203125,0.2830267101754266
2023-01-06,8139.0947265625,8237.058815572782,8107.006704027368,8213.805594739106,368978,-75.7783203125,0.27244869686719875
2023-01-09,8133.22216796875,8201.136753043284,8082.832122898022,8179.6793129726175,613406,-5.87255859375,0.2716289373013777
2023-01-10,8051.8115234375,8165.260693771898,8022.441828314242,8136.133723401726,493677,-81.41064453125,0.26026469911647687
2023-01-11,8043.3642578125,8092.103576317938,8009.091713390439,8092.103576317938,327536,-8.447265625,0.25908553220131025
2023-01-12,8125.6484375,8133.221260385428,8019.626072673228,8073.025519888365,283772,82.2841796875,0.2705717085140281
2023-01-13,8207.3984375,8252.69030945622,8107.977995171599,8152.639351629256,705220,81.75,0.2819833178553476
2023-01-16,8136.23046875,8266.525306390384,8100.792654648465,8233.22365975382,500575,-71.16796875,0.2720488706750389
2023-01-17,8232.5927734375,8246.13700529589,8099.386177550274,8165.115287060325,409248,96.3623046875,0.28550023429978444
2023-01-18,8246.865234375,8288.954278856521,8217.980986417417,8226.427998137942,402883,14.2724609375,0.28749254926685464
2023-01-19,8254.244140625,8271.08885958494,8210.407670041088,8232.252898276874,184776,7.37890625,0.2885225822392242
2023-01-20,8194.1943359375,8252.642653535986,8167.203529593497,8215.79684170705,346337,-60.0498046875,0.2801401368310742
2023-01-23,8172.154296875,8235.166026654724,8134.095811314824,8233.224228487628,410827,-22.0400390625,0.2770635335815491
2023-01-24,8445.6572265625,8464.298679628822,8172.05803927917,8204.09771081252,1039571,273.5029296875,0.31524223189714673
2023-01-25,8528.474609375,8575.951955759909,8427.695470009296,8493.32881962791,1131883,82.8173828125,0.3268028388613883
2023-01-27,8483.23046875,8630.321675160945,8369.24654076223,8571.5339271779,743546,-45.244140625,0.32048713907183213
2023-01-30,8560.4169921875,8607.02014695953,8464.297985470184,8523.522827992974,1036998,77.1865234375,0.3312617256392124
2023-01-31,8636.4384765625,8683.575437703681,8573.23332512745,8599.156520431907,643670,76.021484375,0.341873682596212
2023-02-01,8513.66796875,8767.655735482958,8421.481860156522,8676.92502735736,707460,-122.7705078125,0.3247359569229197
2023-02-02,8612.021484375,8679.838410821758,8496.435181921746,8509.931059379498,456995,98.353515625,0.33846527677194527
2023-02-03,8682.0703125,8702.168112295461,8587.748039468328,8679.837434332414,351157,70.048828125,0.3482435013759787
2023-02-06,8648.7685546875,8675.953727513192,8563.329440092473,8667.167280925032,205161,-33.3017578125,0.3435948573327313
2023-02-07,8507.455078125,8660.420042954505,8497.842797698786,8648.769253659051,318669,-141.3134765625,0.3238686898808053
2023-02-08,8577.6015625,8596.825173021023,8420.65536030296,8517.696904727927,391645,70.146484375,0.33366054647229715
2023-02-09,8545.0771484375,8575.951549465744,8446.82197218974,8546.144758165037,392186,-32.5244140625,0.3291204130492199
2023-02-10,8554.9306640625,8616.728765678852,8517.648710739959,8541.775172026431,276298,9.853515625,0.33049588058378976
2023-02-13,8553.087890625,8606.438989694147,8500.902060189666,8531.291014609777,253037,-1.8427734375,0.3302386449804465
2023-02-14,8519.10546875,8589.544006107042,8509.930282980471,8558.47523610643,227030,-33.982421875,0.3254949859846129
2023-02-15,8587.9423828125,8636.827723705504,8487.600335319208,8519.106202239313,452568,68.8369140625,0.3351040376242854
2023-02-16,8548.86328125,8621.584003055757,8534.203084105868,8621.584003055757,247514,-39.0791015625,0.3296489252029887
2023-02-17,8551.4365234375,8615.758588627557,8495.12437579941,8531.290367170424,214587,2.5732421875,0.3300081280725221
2023-02-20,8440.6572265625,8591.48602046348,8422.792304105074,8551.436433126592,298434,-110.779296875,0.3145442741392678
2023-02-21,8417.548828125,8466.23979519541,8387.06316655599,8440.996419659275,323478,-23.1083984375,0.3113185369469459
2023-02-22,8406.9658203125,8465.268113793474,8335.167651900101,8423.034008626597,363931,-10.5830078125,0.3098412384660606
2023-02-23,8443.1806640625,8492.89088387664,8365.266017141008,8440.46233641545,317544,36.21484375,0.31489652469519724
2023-02-24,8408.4716796875,8485.658158359072,8358.761455996071,8457.502084378248,242982,-34.708984375,0.3100514437126717
2023-02-27,8380.9951171875,8391.528992808764,8281.769042894784,8378.858949611018,220225,-27.4765625,0.3062159477213281
2023-02-28,8373.3740234375,8455.561018867591,8354.878583555463,8398.277966839438,370998,-7.62109375,0.30515210742006105
2023-03-01,8509.10546875,8520.852968246663,8369.149988467312,8369.149988467312,333441,135.7314453125,0.3240990704688552
2023-03-02,8299.97265625,8515.754954580349,8261.476132431064,8515.754954580349,603893,-209.1328125,0.2949058966865751
2023-03-03,8350.9453125,8377.887760681588,8301.186737029502,8342.012851762433,437977,50.97265625,0.3020212488604511
2023-03-06,8380.2666015625,8410.898276255133,8340.945190943969,8388.567598619918,275417,29.3212890625,0.30611425309488716
2023-03-08,8440.900390625,8458.521641084111,8359.489929060797,8374.005060794914,348171,60.6337890625,0.3145782177880395
2023-03-09,8293.37109375,8482.744758434275,8285.700612215858,8471.093970165854,431466,-147.529296875,0.29398437433437563
2023-03-10,8351.236328125,8376.916796993457,8233.320451779216,8281.768692437898,516128,57.865234375,0.30206187218307756
2023-03-13,8270.5068359375,8385.946163945035,8234.291542905083,8351.236522953028,479314,-80.7294921875,0.2907927171107002
2023-03-14,8264.439453125,8296.284755131497,8199.243196937467,8296.284755131497,349510,-6.0673828125,0.28994576172989917
2023-03-15,8228.3212890625,8451.628075871835,8194.388176829487,8398.27698217714,509229,-36.1181640625,0.2849039711683464
2023-03-16,8191.9130859375,8285.071047452391,8166.232614220292,8213.903382431397,340261,-36.408203125,0.27982169360404197
2023-03-17,8074.8212890625,8263.273361320833,8052.199531094249,8255.554524336068,471602,-117.091796875,0.2634766680014654
2023-03-20,7980.40185546875,8074.82179285343,7893.409675449425,8074.82179285343,488199,-94.41943359375,0.2502965127672082
2023-03-21,7988.9462890625,8034.189806479607,7975.935862263441,8005.062834371523,287497,8.54443359375,0.251489243509896
2023-03-22,8012.248046875,8048.364734586075,7977.877839757324,7996.324922507159,218120,23.3017578125,0.2547419720373857
2023-03-23,8110.11474609375,8131.280157352213,7993.023742941674,8023.510354669694,540553,97.86669921875,0.26840333642893055
2023-03-24,8003.0244140625,8142.445142837172,7972.0523541210305,8110.114393068477,391840,-107.09033203125,0.25345443082192365
2023-03-27,8037.4423828125,8074.773643753948,7990.062695196493,8009.917771908322,364326,34.41796875,0.25825888848182255
2023-03-28,7969.916015625,8112.443808031562,7903.118349912935,8064.190883255215,360349,-67.5263671875,0.24883277811384408
2023-03-29,8053.89892578125,8077.006134190782,7949.236194883751,8009.7713730920705,339851,83.98291015625,0.2605560828484038
2023-03-31,8050.84130859375,8126.425423870137,8016.762181478429,8083.657508370852,478757,-3.0576171875,0.26012926532107594
2023-04-03,8255.603515625,8329.343492908047,8146.182995928574,8168.02822597758,627265,204.76220703125,0.2887123395046477
2023-04-05,8201.2333984375,8299.24585633922,8184.679757714041,8273.95412334774,272888,-54.3701171875,0.2811227304870879
2023-04-06,8268.80859375,8286.624213827463,8133.318859366311,8217.690374438858,309551,67.5751953125,0.2905556568487956
2023-04-10,8286.76953125,8306.818028049687,8158.513195918223,8210.504651203672,308275,17.9609375,0.2930628519821762
2023-04-11,8407.5498046875,8418.618434597187,8296.333493245298,8330.314964545894,409240,120.7802734375,0.3099227577510629
2023-04-12,8370.1689453125,8456.482248876868,8340.99361890721,8419.636440829161,408458,-37.380859375,0.30470470559167084
2023-04-13,8418.4716796875,8450.705719256408,8369.150195311378,8376.965743394047,480202,48.302734375,0.3114473592284296
2023-04-17,8422.208984375,8592.4557365762,8398.275945919111,8592.4557365762,489356,3.7373046875,0.311969055388469
2023-04-18,8478.5224609375,8494.20191261999,8437.113234791217,8439.977576783887,276111,56.3134765625,0.31982994095645434
2023-04-19,8427.35546875,8487.405196234375,8410.364735233721,8437.161169979094,280819,-51.1669921875,0.31268746112753576
2023-04-20,8461.046875,8485.562079169702,8412.987365835632,8417.695847577075,369060,33.69140625,0.31739049680074294
2023-04-21,8309.3916015625,8450.705776100991,8301.187314529352,8426.822037471034,424157,-151.6552734375,0.29622070187695415
2023-04-24,8219.77734375,8327.401123822834,8198.999724892488,8327.401123822834,543745,-89.6142578125,0.2837113085855961
2023-04-25,8222.447265625,8276.914322554696,8174.969923273964,8262.350836943164,906406,2.669921875,0.2840840071227134
2023-04-26,8259.341796875,8301.18716813763,8189.437062827526,8278.856489205798,959058,36.89453125,0.2892341719845618
2023-04-27,8294.3427734375,8320.605404835698,8224.729117352907,8320.605404835698,536521,35.0009765625,0.2941200126095883
2023-04-28,8339.5859375,8361.819905514865,8286.720293380393,8342.935728928423,387567,45.2431640625,0.30043557607926996
2023-05-02,8521.435546875,8570.126516913391,8355.55781177712,8371.772016680858,865562,181.849609375,0.32582024520537434
2023-05-03,8541.291015625,8571.097809552935,8461.434559481397,8514.785658108205,537008,19.85546875,0.3285919008954511
2023-05-04,8544.494140625,8566.194304143297,8488.570732374192,8540.659847739607,271926,3.203125,0.3290390300840923
2023-05-05,8688.236328125,8726.440827210981,8534.20281165827,8544.49396252637,951591,143.7421875,0.34910422506411287
2023-05-08,8812.1220703125,8855.521445347405,8699.255061286323,8782.752375490634,678780,123.8857421875,0.3663976280341822
2023-05-09,8846.3955078125,8874.017776845087,8788.432641895186,8818.676528127344,415394,34.2734375,0.3711819103526425
2023-05-10,8901.3486328125,8912.85340746338,8796.345519784121,8863.143185758172,366827,54.953125,0.37885290233532987
2023-05-11,8991.400390625,9043.92565580974,8876.008456822727,8973.972561112008,644550,90.0517578125,0.3914233669305024
2023-05-12,9024.8955078125,9058.29386661339,8963.971591755437,8991.447845543684,403028,33.4951171875,0.3960990023089178
2023-05-15,8939.3583984375,9036.6426703188,8918.096278687603,8973.048784215564,259316,-85.537109375,0.38415874449395504
2023-05-16,8807.365234375,8960.71893794303,8793.529922101274,8950.815577423631,448981,-131.9931640625,0.3657336139250752
2023-05-17,8854.0185546875,8866.251505365128,8769.209940576364,8816.10418236561,290482,46.6533203125,0.3722460232936585
2023-05-18,8789.8408203125,8883.726954918351,8780.90835877281,8878.824103987266,272497,-64.177734375,0.3632873537756346
2023-05-19,8840.9580078125,8852.851520655504,8699.788912851176,8796.345008784929,543472,51.1171875,0.37042288129094925
2023-05-22,8890.18359375,8902.853637334196,8809.792390022041,8825.47278969243,182115,49.2255859375,0.37729435720919124
2023-05-23,8932.951171875,8966.252820007649,8890.279968554958,8902.173482041162,269008,42.767578125,0.38326434979679813
2023-05-24,9000.962890625,9047.032242852243,8892.464915485196,8901.203007442764,470365,68.01171875,0.3927582111424458
2023-05-25,9011.740234375,9022.95487849334,8947.855257536177,8952.418673341179,218979,10.77734375,0.39426263727837363
2023-05-26,9126.4033203125,9141.015162355934,9040.28437923385,9061.401434972697,346760,114.6630859375,0.4102686353528554
2023-05-29,9061.88671875,9212.667158833798,9041.060743497745,9160.432977061791,236834,-64.5166015625,0.4012626628383501
2023-05-30,9110.28515625,9129.266991056304,9029.361100270073,9107.033023713257,372004,48.3984375,0.40801867582281826
2023-05-31,9095.091796875,9174.948248799808,8997.904226922868,9174.948248799808,1614766,-15.193359375,0.4058978112140136
2023-06-01,9056.837890625,9104.65467133022,8953.631505858506,9065.770351979376,378706,-38.25390625,0.40055788908674195
2023-06-02,9209.3173828125,9247.959925439804,9041.692222377013,9115.771633948654,445105,152.4794921875,0.4218427379846811
2023-06-05,9303.251953125,9359.467390672917,9212.424531301716,9274.51371881774,434649,93.9345703125,0.4349552104012063
2023-06-06,9452.8671875,9485.683384606156,9331.310441090049,9348.78662337489,542318,149.615234375,0.4558402331069856
2023-06-07,9425.001953125,9514.81010977337,9369.660710649789,9503.159321883852,453747,-27.865234375,0.45195048180555675
2023-06-08,9377.5244140625,9480.828443746394,9345.38803740716,9449.759676700834,273746,-47.4775390625,0.4453230184628231
2023-06-09,9347.6220703125,9431.217050858768,9331.407865878622,9393.934146540369,161389,-29.90234375,0.4411489039030084
2023-06-12,9272.5234375,9417.721207309742,9260.096118731455,9344.90377529446,316879,-75.0986328125,0.43066576922749233
2023-06-13,9240.5322265625,9338.155941885789,9229.02745143228,9308.980613425923,561014,-31.9912109375,0.4262000664559388
2023-06-14,9255.0947265625,9319.65951012572,9214.316968522571,9242.958489050618,328167,14.5625,0.4282328684257609
2023-06-15,9315.630859375,9415.58511144527,9265.29012024884,9276.940909460092,459978,60.5361328125,0.43668320113145487
2023-06-16,9324.2236328125,9362.768515704696,9274.027961024543,9315.824976559355,682099,8.5927734375,0.4378826797079346
2023-06-19,9254.6103515625,9361.55526819141,9233.25057106162,9357.525657612188,395006,-69.61328125,0.42816525376796644
2023-06-20,9215.87109375,9261.30993076566,9145.869646941175,9252.668549400149,612713,-38.7392578125,0.4227575806630258
2023-06-21,9166.1123046875,9259.46463155151,9122.616215036212,9225.483163363995,356331,-49.7587890625,0.4158116740932597
2023-06-22,9129.412109375,9218.055002884095,9101.013312203248,9164.36447512485,288487,-36.7001953125,0.4106886368864541
2023-06-23,9055.8662109375,9152.665032553654,9034.215352488782,9145.868739435178,309138,-73.5458984375,0.40042225081152927
2023-06-26,9194.609375,9242.9599633307,9029.362149052047,9055.867506376975,405168,138.7431640625,0.4197896243535456
2023-06-27,9185.67578125,9223.540843660818,9121.644800185552,9213.83185329907,339375,-8.93359375,0.4185425701408355
2023-06-28,9263.0087890625,9296.358793571011,9158.054028470306,9199.705978719325,482586,77.3330078125,0.42933760468940363
2023-06-30,9504.1796875,9566.754324402056,9263.348354302534,9290.533529223452,845006,241.1708984375,0.4630030245972173
2023-07-03,9391.5078125,9501.073406223031,9375.536331284811,9458.548211566913,398066,-112.671875,0.4472749827470158
2023-07-04,9366.65234375,9433.74109221052,9340.09768451523,9417.721257082492,247673,-24.85546875,0.4438053692990601
2023-07-05,9701.5146484375,9744.865671442603,9393.448561221214,9414.808340895308,815044,334.8623046875,0.49054931797462753
2023-07-06,9572.482421875,9724.815913122997,9529.568494464702,9708.942092997431,652120,-129.0322265625,0.47253750926549143
2023-07-07,9563.5986328125,9655.591320354337,9529.374440349706,9567.239504351095,457050,-8.8837890625,0.47129740736638526
2023-07-10,9452.9638671875,9644.279328000495,9436.895678156938,9567.23887060454,272008,-110.634765625,0.45585372877456953
2023-07-11,9612.046875,9667.09609414287,9452.964492370857,9510.927356887923,568772,159.0830078125,0.4780603726644571
2023-07-12,9549.568359375,9660.445216717191,9519.664859287645,9607.04577079564,552967,-62.478515625,0.4693388997282123
2023-07-13,9366.796875,9610.88127372846,9332.281603641468,9566.219917739332,519564,-182.771484375,0.44382554464049895
2023-07-14,9324.17578125,9444.226889429949,9311.893528034689,9419.614975815384,498441,-42.62109375,0.4378760000340799
2023-07-17,9407.5751953125,9416.750381446504,9276.940910889924,9366.26362818996,444583,83.3994140625,0.44951785364357455
2023-07-18,9384.3720703125,9482.092504225317,9322.282877911775,9427.625439299729,320985,-23.203125,0.446278893423418
2023-07-19,9327.9609375,9384.71017635362,9248.444874538098,9370.14669066716,450254,-56.4111328125,0.4384043758679742
2023-07-20,9488.111328125,9500.247566713031,9296.79585265196,9340.049217350985,466813,160.150390625,0.4607600173807841
2023-07-21,9485.732421875,9558.501497971269,9420.63382781262,9437.13911226823,328483,-2.37890625,0.46042794216629324
2023-07-24,9412.6728515625,9529.375118547265,9398.303733829598,9485.733012303272,358506,-73.0595703125,0.45022944338891213
2023-07-25,9474.6142578125,9490.489024771705,9336.940974244586,9343.93163641924,240998,61.94140625,0.4588759403941348
2023-07-26,9472.431640625,9524.520759817677,9442.237056005795,9477.4321505566,209861,-2.1826171875,0.4585712654744357
2023-07-27,9469.7607421875,9541.171126941146,9409.614303618906,9485.683866112731,256672,-2.6708984375,0.4581984306174437
2023-07-28,9388.884765625,9466.265608484096,9268.590943855648,9455.585719079652,381151,-80.8759765625,0.4469088275638785
2023-07-31,9534.95703125,9551.413960097185,9326.456456196063,9388.885076699904,600060,146.072265625,0.46729928176466073
2023-08-01,9433.984375,9604.1344521059,9369.225211659626,9475.97576350117,1394528,-100.97265625,0.45320435201199605
2023-08-02,9372.865234375,9508.45166849811,9243.29856410308,9432.284446973854,672815,-61.119140625,0.4446726363411745
2023-08-03,9353.1669921875,9467.096143417108,9325.62741451082,9407.215387326862,614897,-19.6982421875,0.44192292815090617
2023-08-04,9281.3310546875,9424.023878676262,9238.797119829567,9369.14187605502,540470,-71.8359375,0.43189523817638087
2023-08-07,9333.6640625,9349.344634127146,9233.896616935514,9300.539046350885,366329,52.3330078125,0.43920048393555466
2023-08-08,9352.0400390625,9430.88410727405,9315.23988773146,9349.492328915996,430636,18.3759765625,0.44176561501563405
2023-08-09,9274.17578125,9349.589722473089,9229.486534559504,9349.540912099568,404602,-77.8642578125,0.43089642245529125
2023-08-10,9209.982421875,9310.338452867058,9155.5416342296,9274.174755418451,523490,-64.193359375,0.421935571819274
2023-08-11,9170.046875,9279.958264197749,9157.453798781684,9209.983330725638,498504,-39.935546875,0.41636090686796556
2023-08-14,9135.5498046875,9177.05393211578,9073.07253128165,9173.133789470709,336864,-34.4970703125,0.4115454072982253
2023-08-16,9231.4951171875,9249.331958399976,9069.397786108702,9147.653254187211,336363,95.9453125,0.4249385623365226
2023-08-17,9188.12890625,9285.593652265496,9163.334193375274,9226.93889589693,402798,-43.3662109375,0.4188850056657948
2023-08-18,9267.265625,9280.937313300275,9150.249946313745,9163.333039002911,400745,79.13671875,0.4299318230227228
2023-08-21,9250.361328125,9279.958599452,9225.321605902582,9266.776927083794,375347,-16.904296875,0.42757212599364414
2023-08-22,9302.4013671875,9318.228369713006,9221.842240164497,9232.132615151146,435930,52.0400390625,0.43483647579044227
2023-08-23,9409.2744140625,9447.544618640752,9257.417683369353,9328.960293033331,546842,106.873046875,0.44975505022535367
2023-08-24,9382.568359375,9468.762694157276,9364.241499616104,9468.762694157276,385559,-26.7060546875,0.4460271106150583
2023-08-25,9315.92578125,9432.598842881796,9295.638850332094,9363.261315347689,346449,-66.642578125,0.43672436973357975
2023-08-28,9406.0888671875,9476.94525716966,9320.139544538106,9324.990912685867,325938,90.1630859375,0.44931037479445524
2023-08-29,9429.1689453125,9491.401215342625,9316.219825297194,9408.34318565675,317224,23.080078125,0.45253215871041397
2023-08-30,9600.822265625,9621.941843879642,9418.14322543935,9467.145011211667,543634,171.6533203125,0.4764935120259689
2023-08-31,9804.0810546875,9864.059431616364,9575.046517604256,9575.046517604256,1581818,203.2587890625,0.504866721762616
2023-09-01,10124.994140625,10190.362715261912,9752.678183785383,9799.37726916969,1193178,320.9130859375,0.5496634773496009
2023-09-04,10155.5712890625,10258.965057022971,10080.941186518608,10193.351474472744,819552,30.5771484375,0.5539317889427541
2023-09-05,10057.2236328125,10204.817578462991,10041.249242857875,10143.369150745262,507107,-98.34765625,0.5402032870129759
2023-09-06,9975.63671875,10055.167004344756,9927.909742384272,10055.167004344756,663758,-81.5869140625,0.5288144430907123
2023-09-07,10075.5029296875,10095.251033646504,9947.363250378436,9947.363250378436,445805,99.8662109375,0.5427549224254714
2023-09-08,10125.728515625,10192.370941008518,10094.367374268051,10191.390905341112,439721,50.2255859375,0.5497659898952892
2023-09-11,10323.548828125,10339.376787740266,10137.489430557853,10138.469466272329,598050,197.8203125,0.5773800342503684
2023-09-12,10293.90234375,10357.409421208553,10197.271208921497,10333.496167887386,568773,-29.646484375,0.5732416354976954
2023-09-13,10264.306640625,10326.048891874958,10231.573064278722,10290.3752083263,301707,-29.595703125,0.5691103253785007
2023-09-14,10278.76171875,10368.77761417135,10222.801106535931,10256.122320040831,501196,14.455078125,0.5711281321621183
2023-09-15,10315.12109375,10339.376978129972,10268.226766775177,10279.888617752527,544616,36.359375,0.5762035937326938
2023-09-18,10312.033203125,10411.5565936012,10284.54339329456,10290.423607464329,430213,-3.087890625,0.5757725502892538
2023-09-20,10140.1845703125,10284.543640233222,10131.168050289143,10284.543640233222,545106,-171.8486328125,0.5517839329987816
2023-09-21,10078.9814453125,10138.469806591378,10002.73485557998,10136.558545470763,577252,-61.203125,0.5432404938187457
2023-09-22,10324.8232421875,10355.791986744707,10102.648962866928,10170.810252768031,986206,245.841796875,0.5775579316867029
2023-09-25,10376.814453125,10505.982970245195,10319.7761825263,10324.82374933566,756801,51.9912109375,0.5848154654897718
2023-09-26,10345.89453125,10421.65110146789,10316.39488165331,10419.642219642516,452503,-30.919921875,0.5804993056206388
2023-09-27,10467.5166015625,10492.262503693852,10314.87603693049,10339.376930129847,458359,121.6220703125,0.5974767191214184
2023-09-28,10354.419921875,10491.282291815134,10321.784924094629,10437.870345537329,598144,-113.0966796875,0.581689378125772
2023-09-29,10398.7666015625,10491.772373982238,10300.714219437175,10330.556498449092,481725,44.3466796875,0.5878797999505839
2023-10-03,10140.33203125,10495.98642180295,10097.601899377474,10495.98642180295,623006,-258.4345703125,0.5518045172998441
2023-10-04,9927.6142578125,10078.589523126337,9888.5602179743,10078.589523126337,407793,-212.7177734375,0.5221109132579599
2023-10-05,10006.3125,10065.898482807925,9907.181500027642,9978.675300148663,377196,78.6982421875,0.5330965229911989
2023-10-06,10096.3759765625,10126.659460673662,10055.165669301818,10077.706489028324,335700,90.0634765625,0.5456686234248663
2023-10-09,10040.26953125,10128.08130406364,9980.634741830618,10045.365908294749,230083,-56.1064453125,0.5378366376702933
2023-10-10,10167.8701171875,10209.031615493222,10065.063992164152,10084.567084902108,348342,127.6005859375,0.5556486014432865
2023-10-11,10204.2294921875,10231.57287148084,10133.618110287489,10143.320846698964,193526,36.359375,0.560724063013862
2023-10-12,10369.66015625,10412.438140460928,10212.168227310747,10251.17345689028,569237,165.4306640625,0.5838167860885567
2023-10-13,10513.3828125,10530.53343893087,10319.580733831168,10323.745885964378,625954,143.72265625,0.6038792546710857
2023-10-16,10490.7919921875,10595.018404481723,10452.080582622231,10515.734091788974,304196,-22.5908203125,0.6007257670122944
2023-10-17,10536.16796875,10582.278458582416,10354.371340246978,10515.783416913297,474718,45.3759765625,0.6070598699849196
2023-10-18,10573.06640625,10594.038596123572,10497.21125976164,10540.284020463509,267435,36.8984375,0.6122105801262662
2023-10-19,10556.650390625,10583.111353646504,10486.381641854685,10486.381641854685,286284,-16.416015625,0.6099190430344804
2023-10-20,10511.5205078125,10583.405745080654,10482.16824657196,10548.222079890242,232512,-45.1298828125,0.6036192926702507
2023-10-23,10342.9541015625,10510.540205507948,10320.21708201165,10467.761264569112,227925,-168.56640625,0.5800888464782613
2023-10-25,10377.4501953125,10434.880859116069,10291.942084144372,10309.97512307961,401105,34.49609375,0.5849042097281271
2023-10-26,10216.0400390625,10382.498728257417,10185.021524770173,10328.596762045016,506129,-161.41015625,0.5623727155771016
2023-10-27,10349.86328125,10628.487241307852,10231.572780014198,10231.621590386318,1116713,133.8232421875,0.5810533095909552
2023-10-30,10190.1171875,10486.381782329609,10040.465547660451,10486.381782329609,991168,-159.74609375,0.5587541045062238
2023-10-31,10184.8251953125,10280.574878203372,10114.948838697524,10280.574878203372,439996,-5.2919921875,0.5580153871058439
2023-11-01,10023.5595703125,10214.1276929371,9985.240559411151,10182.667974486172,699116,-161.265625,0.5355040682962572
2023-11-02,10097.896484375,10138.47034931474,9997.345194138195,10084.862199650408,569194,74.3369140625,0.5458808734695965
2023-11-03,10071.140625,10162.970161070143,10036.545556366376,10112.008304910483,517582,-26.755859375,0.5421459815456969
2023-11-06,10079.51953125,10132.540035517952,10047.32574214613,10132.540035517952,490459,8.37890625,0.5433156060696424
2023-11-07,10048.6005859375,10119.849377948924,10031.498770309154,10094.368447886298,264935,-30.9189453125,0.538999582520384
2023-11-08,10116.2216796875,10134.009709352364,10055.753289379962,10113.967789132204,287006,67.62109375,0.5484389159161974
2023-11-09,10192.71484375,10240.981606398263,10110.784234548157,10143.32161418317,310536,76.4931640625,0.5591167153726219
2023-11-10,10181.39453125,10208.444090391236,10113.968267546245,10167.870230212431,206395,-11.3203125,0.5575364953864242
2023-11-13,10190.8037109375,10220.79242084072,10156.747470010832,10220.79242084072,261891,9.4091796875,0.5588499373780577
2023-11-15,10247.302734375,10287.435390228538,10167.919837679896,10287.435390228538,436538,56.4990234375,0.5667367237222142
2023-11-16,10275.1845703125,10333.202876710944,10201.388071550276,10270.774409545043,488715,27.8818359375,0.5706287924615109
2023-11-17,10313.40625,10395.043036837824,10289.54276223327,10290.37540979712,403772,38.2216796875,0.5759642160329211
2023-11-20,10355.302734375,10381.861320350294,10290.37536599432,10290.37536599432,234246,41.896484375,0.5818126112923975
2023-11-21,10324.8232421875,10406.99885085216,10290.374605325142,10406.99885085216,312242,-30.4794921875,0.5775579316867029
2023-11-22,10285.033203125,10340.601417318643,10211.971734956547,10339.37637272472,378891,-39.7900390625,0.5720035783967078
2023-11-23,10279.1044921875,10314.875795421029,10186.539928434371,10278.418275780758,453820,-5.9287109375,0.5711759804380979
2023-11-24,10305.712890625,10355.547323622734,10253.133591987984,10296.206352830368,380306,26.6083984375,0.5748902880609349
2023-11-28,10327.1748046875,10345.649051524346,10296.254870347866,10329.527273149655,268026,21.4619140625,0.5778861899447053
2023-11-29,10387.6435546875,10422.238624022011,10315.56211924531,10358.977510016924,343341,60.46875,0.5863271165790528
2023-11-30,10396.9052734375,10436.400522069289,10335.554462304062,10369.758092216653,665660,9.26171875,0.5876199742696236
2023-12-01,10374.3642578125,10544.20425577806,10322.764994600631,10396.218862839822,591519,-22.541015625,0.5844734389244363
2023-12-04,10387.83984375,10481.579686489124,10216.87242032472,10481.482065743205,625235,13.4755859375,0.5863545168738445
2023-12-05,10507.845703125,10554.985039929044,10352.510036567084,10438.263164793065,580996,120.005859375,0.6031063209821846
2023-12-06,10413.6142578125,10534.354846521206,10378.577981811575,10507.845072456808,464163,-94.2314453125,0.5899524073237853
2023-12-07,10483.099609375,10714.583283926331,10422.680023590914,10574.585562251616,704413,69.4853515625,0.5996519753601827
2023-12-08,10406.55859375,10533.424415097585,10340.35736915655,10515.783771306018,548373,-76.541015625,0.5889674962299035
2023-12-11,10331.2919921875,10425.620434262872,10290.424309506285,10417.780148168296,579749,-75.2666015625,0.5784609145359586
2023-12-12,10132.001953125,10411.899779738804,10095.445854096297,10407.979636749444,1088687,-199.2900390625,0.5506417087696279
2023-12-13,10172.8193359375,10205.014082794203,10055.166242033363,10153.169811643824,603469,40.8173828125,0.5563394705676871
2023-12-14,10146.505859375,10285.474731026045,10106.422016186574,10231.572767214093,635475,-26.3134765625,0.552666331546975
2023-12-15,10081.0390625,10267.588465086925,9636.298120222104,10250.192832352031,1244681,-65.466796875,0.5435277197944978
2023-12-18,10113.576171875,10144.25205537764,10022.041410422487,10089.467676135842,652498,32.537109375,0.5480696253759446
2023-12-19,10029.29296875,10169.83047112539,10002.44056477739,10113.57603905132,585734,-84.283203125,0.5363044022799498
2023-12-20,9879.9853515625,10103.237302798834,9790.557089855858,10035.566026038436,964051,-149.3076171875,0.5154623203346652
2023-12-21,9812.9501953125,9897.62566364919,9702.35354804832,9800.357119240723,739806,-67.03515625,0.5061047788636034
2023-12-22,10013.1728515625,10112.302895470968,9829.758774357071,9849.359489759578,652545,200.22265625,0.5340541701101634
2023-12-26,10065.603515625,10075.94270030298,9912.766764835318,10064.96610962708,395273,52.4306640625,0.5413730478567959
2023-12-27,10083.09765625,10099.610875552891,10025.76556577125,10080.6475669133,397675,17.494140625,0.5438150820901245
2023-12-28,10066.5341796875,10105.099158210323,9983.62354339436,10105.099158210323,584234,-16.5634765625,0.5415029606972762
2023-12-29,10096.6708984375,10189.089035061435,10067.907232080515,10075.20868981118,705227,30.13671875,0.5457097920269912
2024-01-01,10078.0009765625,10138.46937099072,10010.722099635568,10138.46937099072,411724,-18.669921875,0.5431036286646617
2024-01-02,9994.1591796875,10089.173833356685,9948.391320534683,10078.001043416072,776837,-83.841796875,0.5314000221519796
2024-01-03,9876.4580078125,10006.165361081928,9864.06017231044,9996.365003235618,521046,-117.701171875,0.5149699329476617
2024-01-04,9815.3515625,9917.961493874556,9786.195499808024,9898.360779459785,711733,-61.1064453125,0.5064399894352097
2024-01-05,9817.0185546875,9873.860630775338,9770.95687234046,9810.79571021816,673131,1.6669921875,0.5066726874611275
2024-01-08,9748.12109375,9926.732596504771,9714.01604348494,9805.2569825047,600153,-68.8974609375,0.49705518398923065
2024-01-09,9823.9755859375,9842.156014025986,9692.55317994388,9775.856215363016,666469,75.8544921875,0.5076438302476761
2024-01-10,9810.353515625,9850.093771685031,9751.3551753119,9849.309934541448,481699,-13.6220703125,0.50574230431708
2024-01-11,9811.2353515625,9921.979389479007,9800.357337744064,9824.95585183534,1024815,0.8818359375,0.5058654011638309
2024-01-12,9766.693359375,9844.410000585867,9737.58610706725,9824.858096551572,850190,-44.5419921875,0.4996477153641018
2024-01-15,9885.5224609375,9897.18431149926,9749.395119714558,9785.754061269035,463380,118.8291015625,0.5162352540235663
2024-01-16,9980.2421875,10035.565393214682,9859.15897028708,9885.472545547342,536823,94.7197265625,0.5294573276192586
2024-01-17,9851.025390625,9958.926942240796,9796.87841625684,9921.881782864586,610250,-129.216796875,0.5114197544538258
2024-01-18,9726.3642578125,9849.358737570215,9543.24497097576,9747.483835632574,614860,-124.6611328125,0.4940181135033356
2024-01-19,9837.3046875,9850.976377136963,9750.424138542056,9761.155721034129,377018,110.9404296875,0.5095044602158966
2024-01-23,9663.59375,9773.896582791436,9635.809162111234,9665.112614006734,956269,-173.7109375,0.4852558809245896
2024-01-24,9788.79296875,9800.357198831394,9560.248447460024,9663.152198047756,459092,125.19921875,0.5027326341259767
2024-01-25,9683.7333984375,9800.161455960038,9620.569901940842,9788.793423907258,718817,-105.0595703125,0.48806720569817064
2024-01-29,9791.9296875,9834.658863862807,9677.901952442116,9732.882532886371,446516,108.1962890625,0.5031704935631459
2024-01-30,9752.97265625,9833.188195464594,9733.22455406953,9810.990004034244,399869,-38.95703125,0.49773242112617255
2024-01-31,9983.5263671875,10031.253341616297,9715.094197741317,9760.469660656285,997024,230.5537109375,0.5299157713574904
2024-02-01,10425.5712890625,10486.186116158033,10000.284592465012,10006.164806847097,1869594,442.044921875,0.5916215078682127
2024-02-02,10442.7216796875,10497.75011047029,10329.968762857903,10386.41843683099,814940,17.150390625,0.594015557505687
2024-02-05,10220.3505859375,10545.13478315941,10192.370759544465,10390.337960835615,365105,-222.37109375,0.5629744315035229
2024-02-06,10628.3408203125,10640.003629112358,10249.214355424692,10290.32704848357,829040,407.990234375,0.6199264213476924
2024-02-07,10717.376953125,10754.422112406532,10571.449249704629,10643.18805674898,560808,89.0361328125,0.6323551132732957
2024-02-08,10529.40625,10732.37126661803,10476.533131015403,10732.37126661803,557082,-187.970703125,0.6061159911732882
2024-02-09,10518.576171875,10554.984882313152,10399.256820953771,10497.40778279264,645489,-10.830078125,0.6046042037641325
2024-02-12,10495.888671875,10534.355073628376,10437.429158740551,10486.382134041196,190655,-22.6875,0.6014372204377573
2024-02-13,10578.9951171875,10613.786383726956,10427.726993243092,10515.782816010178,397979,83.1064453125,0.613038178084876
2024-02-14,10807.78515625,10829.394752555672,10489.71475336984,10491.282427702125,354676,228.7900390625,0.6449753346226922
2024-02-15,10868.8408203125,10910.73734609581,10760.791885397646,10819.594026847906,447248,61.0556640625,0.6534981895016657
2024-02-16,11153.1982421875,11250.809411397233,10876.435788126002,10897.996572712302,716486,284.357421875,0.6931920832232835
2024-02-19,11254.0927734375,11381.203597407204,11106.793596514268,11153.198861976376,581383,100.89453125,0.7072761073859811
2024-02-20,11217.9296875,11250.76088303389,11089.936452462543,11211.608265901896,355044,-36.1630859375,0.7022280461101976
2024-02-21,11236.94140625,11290.990755325554,11143.0053717604,11227.288437896845,348461,19.01171875,0.7048819214286323
2024-02-22,11425.0595703125,11461.517088419963,11163.831255533469,11270.410133974312,584406,188.1181640625,0.7311416278297024
2024-02-23,11305.2998046875,11486.018776454071,11246.106220727714,11471.26943010402,472884,-119.759765625,0.7144241763297577
2024-02-26,11238.0693359375,11303.682917255755,11188.528722874256,11275.310692418325,277700,-67.23046875,0.7050393708837787
2024-02-27,11271.0478515625,11332.055073322035,11156.971314313409,11187.10741180908,307585,32.978515625,0.7096428930485384
2024-02-28,10930.142578125,11269.38233758116,10907.797954321832,11241.990146812735,358812,-340.9052734375,0.6620553969890347
2024-02-29,11062.9853515625,11122.42489819859,10907.307067098527,10932.29797686186,943841,132.8427734375,0.6805991258488041
2024-03-01,11388.9462890625,11441.917028302789,11069.503454790576,11069.503454790576,487355,325.9609375,0.7261005188675226
2024-03-04,11362.681640625,11444.171037326343,11313.679854130094,11368.414466818447,369936,-26.2646484375,0.7224341958405397
2024-03-05,11437.6044921875,11495.81899678797,11330.976797253708,11364.543020667175,320702,74.9228515625,0.7328927929386305
2024-03-06,11336.1220703125,11445.83726141884,11288.443906409531,11437.60457848142,639542,-101.482421875,0.7187267042114321
2024-03-07,11280.259765625,11401.24536472076,11193.135165761978,11340.041943580727,255325,-55.8623046875,0.7109287984255054
2024-03-11,11168.0458984375,11325.195200953356,11123.454273014577,11285.25874521744,525344,-112.2138671875,0.6952646905964847
2024-03-12,11280.11328125,11344.795637421294,11153.786296749622,11172.406975041358,283816,112.0673828125,0.7109083504443175
2024-03-13,11162.7548828125,11324.166009553212,11042.650732746411,11280.211787802544,385204,-117.3583984375,0.6945261095159793
2024-03-14,11176.9150390625,11231.209401017784,11076.412566943933,11174.122320074566,523058,14.16015625,0.696502747697472
2024-03-15,11247.52734375,11291.040355536295,11088.172961226006,11152.806508459347,972333,70.6123046875,0.7063596288691415
2024-03-18,11403.9892578125,11432.508871005486,11139.379618039467,11208.325703975555,311049,156.4619140625,0.728200390215641
2024-03-19,11365.5224609375,11446.767800703834,11227.43600944938,11311.669309526122,409259,-38.466796875,0.7228307503557095
2024-03-20,11702.75390625,11784.929518444049,11418.543547801037,11418.543547801037,1031037,337.2314453125,0.7699054110470217
2024-03-21,11670.4130859375,11760.428986646324,11589.265360276711,11759.448950897437,544311,-32.3408203125,0.7653909057603666
2024-03-22,12091.38671875,12179.19753516242,11652.673352226242,11652.673352226242,1062263,420.9736328125,0.824155268337153
2024-03-26,12005.9765625,12075.902686318415,11898.810037878187,12040.277813169314,507568,-85.41015625,0.8122327321058865
2024-03-27,12260.58984375,12468.701009189264,12040.425387083254,12044.639349388686,878986,254.61328125,0.8477745950873724
2024-03-28,12348.7919921875,12472.717693274692,12138.231712669492,12318.99948225088,860324,88.2021484375,0.8600868698400798
2024-04-01,12318.65625,12435.672894438543,12256.473751002231,12361.532811520348,314676,-30.1357421875,0.855880174830239
2024-04-02,12301.849609375,12395.491831346111,12213.450195698377,12372.90219933172,333508,-16.806640625,0.853534109788619
2024-04-03,12179.736328125,12275.43719734486,12164.741973283031,12201.444501771868,271935,-122.11328125,0.8364881273909227
2024-04-04,12316.353515625,12396.471433220524,12072.128430452703,12240.645758631064,491166,136.6171875,0.855558732565966
2024-04-05,12173.611328125,12307.19096253899,12137.252385705406,12242.60622570406,231600,-142.7421875,0.8356331291375211
2024-04-08,12608.2568359375,12669.558834307869,12201.444401801082,12201.444401801082,570422,434.6455078125,0.8963059699585075
2024-04-09,12630.7001953125,12726.449875326129,12524.8563389272,12608.25699478954,314466,22.443359375,0.8994388733162365
2024-04-10,12429.5478515625,12699.302679667018,12349.332311844517,12674.801787014474,464239,-201.15234375,0.8713597055490708
2024-04-12,12021.6572265625,12407.25248024691,11980.936932939849,12407.25248024691,973366,-407.890625,0.8144216203321092
2024-04-15,12174.8359375,12260.246430350826,11792.720597815296,11955.945349885284,831257,153.1787109375,0.8358040742602516
2024-04-16,12253.0927734375,12299.35065078029,12030.281078518032,12062.279627564829,579183,78.2568359375,0.8467280674101779
2024-04-18,12157.3427734375,12350.40980498665,12074.08854989179,12319.048662806075,679117,-95.75,0.8333621763467977
2024-04-19,12457.1845703125,12504.667489858364,11980.936045853672,12152.344667078454,635535,299.841796875,0.8752175579998466
2024-04-22,12530.24609375,12622.026817328044,12406.271581149056,12527.943392745508,342212,73.0615234375,0.8854163294169769
2024-04-23,12736.7890625,12764.47507123449,12521.230017240714,12588.55866175339,397281,206.54296875,0.9142479828918556
2024-04-24,12685.630859375,12812.937879111638,12642.460478379491,12740.464047979332,296364,-51.158203125,0.9071067299418084
2024-04-25,12664.51171875,12721.549989639434,12485.997827734702,12705.183201538017,640725,-21.119140625,0.9041586763340178
2024-04-26,12449.736328125,12784.565913271828,12407.252162669323,12664.021520222195,704626,-214.775390625,0.8741778463163813
2024-04-29,12436.505859375,12735.367942659235,12351.390140188016,12544.505986791455,613937,-13.23046875,0.8723309846554942
2024-04-30,12561.6083984375,12736.544782219136,12485.851825333537,12530.7372718878,528776,125.1025390625,0.8897942421892971
2024-05-02,12549.7001953125,12587.726347419655,12264.951004398948,12495.455600297666,814923,-11.908203125,0.888131957638599
2024-05-03,12242.75390625,12573.858599642494,12163.616019896052,12562.049360336654,834990,-306.9462890625,0.8452848488979391
2024-05-06,12190.9580078125,12393.92397745703,12125.491813841638,12299.448152249954,342231,-51.7958984375,0.8380545790697872
2024-05-07,12117.2099609375,12258.776306362312,11994.656690535903,12223.397401131857,604375,-73.748046875,0.8277599747808232
2024-05-08,12293.1259765625,12309.198944036398,12078.93937683516,12144.60176533398,399669,175.916015625,0.8523163643489448
2024-05-09,12255.00390625,12485.458728885334,12188.459098810272,12289.647785722218,504590,-38.1220703125,0.8469948454047421
2024-05-10,12422.4423828125,12443.464339766437,12251.426154987106,12255.34629774528,328670,167.4384765625,0.8703678421415851
2024-05-13,12420.8251953125,12454.686194732149,12228.444376930858,12407.25208356096,281421,-1.6171875,0.8701420964292713
2024-05-14,12558.3740234375,12583.658753819327,12398.824398252458,12420.825434704158,331037,137.548828125,0.8893427507646693
2024-05-15,12512.41015625,12615.412487128871,12446.45394212739,12564.05823134434,232030,-45.9638671875,0.8829265832275434
2024-05-16,12248.1435546875,12591.498679517415,12054.439115665024,12591.498679517415,914201,-264.2666015625,0.8460371982857776
2024-05-17,12389.1220703125,12413.035325702796,12076.294464047884,12265.294934760295,809226,140.978515625,0.8657166080207207
2024-05-21,12224.279296875,12425.775214190851,12193.408171841442,12348.597401606958,443136,-164.8427734375,0.8427059495105264
2024-05-22,12281.169921875,12312.188434443557,12116.278916215912,12179.68741708615,280015,56.890625,0.8506474001243919
2024-05-23,12676.6650390625,12716.061711285434,12224.034945345828,12315.178271775096,768732,395.4951171875,0.9058551771732369
2024-05-24,12740.90625,12773.78625875411,12555.238281486796,12608.16021320175,624801,64.2412109375,0.9148227074831091
2024-05-27,12648.4384765625,12797.796301386988,12521.916249402422,12763.44624121208,464953,-92.4677734375,0.9019149875182114
2024-05-28,12562.685546875,12726.695099500428,12544.702274168869,12632.66048038411,333806,-85.7529296875,0.8899446030109651
2024-05-29,12533.333984375,12593.50760233975,12495.455221602284,12562.097649450829,353706,-29.3515625,0.8858473728604169
2024-05-30,12346.490234375,12554.257810949655,12299.448518924137,12467.034630217842,524559,-186.84375,0.8597655638956813
2024-05-31,12151.7568359375,12381.1340071376,12083.840551259707,12346.490126907524,908304,-194.7333984375,0.8325824266641674
2024-06-03,12227.0732421875,12568.9583261908,12154.942037709396,12568.9583261908,485936,75.31640625,0.8430959606717162
2024-06-04,11932.9638671875,12345.706297991725,11330.63428993528,12345.117702313628,825928,-294.109375,0.8020407766824854
2024-06-05,12252.994140625,12362.268122785898,11883.030658421065,11936.835001970683,447581,320.0302734375,0.8467142991028448
2024-06-06,12420.482421875,12436.65301089626,12219.085085882944,12261.765449128863,447536,167.48828125,0.8700942481532917
2024-06-07,12555.1396484375,12571.897875969576,12331.151725039615,12331.151725039615,532480,134.6572265625,0.8888912593400414
2024-06-10,12463.65234375,12662.060754965283,12375.792720877986,12510.30261550794,293471,-91.4873046875,0.8761204045292278
2024-06-11,12606.8369140625,12681.221051216617,12402.548276140222,12489.085239088949,358807,143.1845703125,0.89610776086086
2024-06-12,12592.8212890625,12693.029938990368,12546.416981677849,12606.836565169848,302719,-14.015625,0.8941512980208058
2024-06-13,12590.37109375,12681.661800900543,12485.26226622708,12681.661800900543,297240,-2.4501953125,0.8938092714554703
2024-06-14,12588.7548828125,12637.56046971582,12523.680128897324,12575.32820218368,216967,-1.6162109375,0.893583662063031
2024-06-18,12310.1796875,12622.85988795415,12291.656629837968,12621.29221365166,823306,-278.5751953125,0.8546969183188352
2024-06-19,11997.6953125,12372.951385260423,11956.436190113043,12358.250848961105,694871,-312.484375,0.8110767395693995
2024-06-20,11906.9443359375,12059.829912825951,11892.733817572867,12001.517785743496,907751,-90.7509765625,0.7984086699440237
2024-06-21,11957.90625,12119.367140438677,11842.26203105151,11976.036911445315,947800,50.9619140625,0.8055225225992791
2024-06-24,11940.1669921875,12043.658376351275,11800.609529631842,11937.814523747653,550862,-17.7392578125,0.8030462720774297
2024-06-25,11874.7001953125,11993.480713720955,11831.039796233665,11957.807988434004,594272,-65.466796875,0.7939076603249525
2024-06-26,11954.720703125,12077.812806541451,11826.777231488775,11875.092800997323,447931,80.0205078125,0.8050778471683805
2024-06-27,11935.6103515625,11983.190895657292,11770.229319286924,11956.436111182387,1230852,-19.1103515625,0.8024102035426127
2024-06-28,11793.6025390625,11957.90591136071,11764.496243651818,11941.686511507862,1160395,-142.0078125,0.7825871126598564
2024-07-01,11866.9091796875,12015.237194032095,11765.866928881404,11804.529527089444,1134926,73.306640625,0.7928201003655077
2024-07-02,11802.177734375,11907.38514276026,11755.528417105228,11907.38514276026,687181,-64.7314453125,0.7837841374785935
2024-07-03,11881.6103515625,11907.433909766696,11721.227124346477,11873.132659820869,467532,79.4326171875,0.794872259757521
2024-07-04,11848.2392578125,11966.235939336417,11830.794813704004,11892.733261576364,299684,-33.37109375,0.7902139370031779
2024-07-05,11862.4013671875,11895.13494361918,11781.89200565866,11828.198694216944,406926,14.162109375,0.7921908478244201
2024-07-08,11783.556640625,11870.1921777208,11727.106968180902,11862.35189226656,496933,-78.8447265625,0.781184790109993
2024-07-09,12571.6044921875,12701.214217140328,12019.206971594223,12078.940340594409,2114130,788.0478515625,0.8911896124255566
2024-07-10,12517.7998046875,13034.474817435455,12478.451945549725,12691.511132611591,2070520,-53.8046875,0.8836789326153819
2024-07-11,12461.3505859375,12665.785657708511,12441.602483024084,12544.45742496466,608983,-56.44921875,0.8757990985848293
2024-07-12,12311.69921875,12416.955442061542,12225.946089863184,12368.05127487562,674746,-149.6513671875,0.8549090320436904
2024-07-15,12391.5224609375,12513.585714782228,12338.64934401913,12348.449700924624,697186,79.8232421875,0.8660516822724523
2024-07-16,12387.2109375,12542.4977968228,12330.565061351404,12390.59225232307,347810,-4.3115234375,0.8654498300261563
2024-07-18,12391.6201171875,12426.852591776937,12214.18484631829,12380.790914189118,391216,4.4091796875,0.866065314259911
2024-07-19,12274.26171875,12456.254551406044,12246.968105568863,12397.45240560869,351955,-117.3583984375,0.8496830733315724
2024-07-22,12388.8759765625,12406.222799423174,12152.49118033988,12250.4459374691,249631,114.6142578125,0.865682255412325
2024-07-23,12376.919921875,12480.706087479828,12113.24150274506,12466.054362048311,332258,-11.9560546875,0.8640132911877721
2024-07-24,12237.951171875,12410.388650016004,12209.48132532607,12381.771415281088,285860,-138.96875,0.8446144277547264
2024-07-25,12259.4638671875,12274.94824122027,12140.73214867848,12140.73214867848,396789,21.5126953125,0.8476174182719752
2024-07-26,12410.8779296875,12488.692187796923,12141.858137750209,12221.04482862673,537693,151.4140625,0.8687535421867411
2024-07-29,12496.9736328125,12518.681805688502,12351.389525721712,12455.27330654584,388263,86.095703125,0.880771774969967
2024-07-30,12616.6376953125,12709.88752327288,12456.156840238797,12505.256248796712,526539,119.6640625,0.8974758671222022
2024-07-31,12853.9521484375,13107.977595381406,12637.707843692431,12720.863490695376,836405,237.314453125,0.9306029598452769
2024-08-01,13092.3466796875,13406.889351911856,12850.22903379154,13125.619085537684,2040384,238.39453125,0.9638808223496435
2024-08-02,12590.1328125,13033.830511227592,12537.353476477174,12985.453720174766,1333355,-502.2138671875,0.8937760094060713
2024-08-05,12070.208984375,12356.263296533363,11898.864296654514,12356.263296533363,1131415,-519.923828125,0.8211990355368873
2024-08-06,12001.2060546875,12420.46899586294,11980.332369041798,12257.334273528311,623565,-69.0029296875,0.8115668095185352
2024-08-07,12239.0322265625,12316.69168821106,12134.563324468734,12266.237770452122,433514,237.826171875,0.8447653338558928
2024-08-08,12088.0166015625,12260.005686966371,12022.031562926568,12238.537845919094,358577,-151.015625,0.8236848284499577
2024-08-09,12093.3095703125,12257.334073572203,12064.52057890228,12257.334073572203,320211,5.29296875,0.8244236821702123
2024-08-12,12141.833984375,12237.548032242375,11970.4390614497,12069.368309891432,291212,48.5244140625,0.831197280418502
2024-08-13,12045.873046875,12207.91896843283,11992.203927663995,12204.90181946797,464483,-95.9609375,0.8178019442622112
2024-08-14,12074.9580078125,12107.95052520341,12000.117646108129,12107.95052520341,449827,29.0849609375,0.8218619590869977
2024-08-16,12082.5263671875,12211.777823784352,11981.321933720596,12183.088340167978,552732,7.568359375,0.8229184381150368
2024-08-19,12019.7060546875,12112.946874607616,11996.952326749437,12064.422269769588,277319,-62.8203125,0.8141492532226869
2024-08-20,12084.158203125,12178.1902588153,12020.002007028936,12030.291035119695,471927,64.4521484375,0.8231462286254697
2024-08-21,12090.0947265625,12117.794917376925,12046.664398093202,12084.15897138798,295984,5.9365234375,0.8239749171430762
2024-08-22,12144.900390625,12193.029856378762,12050.571738786994,12148.511694631334,501316,54.8056640625,0.8316253248247011
2024-08-23,12170.5732421875,12242.544273411417,12123.186709883728,12168.298062600245,440809,25.6728515625,0.835209038007685
2024-08-26,12112.69921875,12202.428240983896,12091.1328356484,12193.029962311122,232805,-57.8740234375,0.8271303132801117
2024-08-27,12363.08984375,12395.83503909485,12094.199369059488,12113.886676274258,477609,250.390625,0.8620827291238892
2024-08-28,12225.181640625,12385.892394843111,12197.976097827735,12366.155816938097,313227,-137.908203125,0.8428319090746436
2024-08-29,12320.451171875,12346.370829497868,12118.833546582442,12210.837752283029,608598,95.26953125,0.8561307307597276
2024-08-30,12270.1953125,12435.40716585705,12184.324913676935,12326.584986999113,2271179,-50.255859375,0.8491154373737976
2024-09-02,12294.333984375,12390.888545802503,12218.158461977651,12240.51608600514,331514,24.138671875,0.8524849920338072
2024-09-03,12264.357421875,12340.73099458027,12227.55651449022,12340.434400057347,445514,-29.9765625,0.8483005171635242
2024-09-04,12204.1591796875,12265.247989442953,12103.102567876393,12193.07891085075,735076,-60.1982421875,0.8398973511344369
2024-09-05,12166.912109375,12237.54797889686,12099.047031682185,12204.9013270534,595865,-37.2470703125,0.8346979747978632
2024-09-06,12055.6669921875,12173.095237171552,11965.196001290638,12118.832930858209,733354,-111.2451171875,0.8191690962844315
2024-09-09,12015.69921875,12089.005405562411,11972.417672462589,12066.895104929965,415790,-39.9677734375,0.8135899327772619
2024-09-10,12132.08984375,12156.47532383517,11968.460480332342,12020.002232344694,285122,116.390625,0.8298370807098857
2024-09-11,12111.51171875,12201.933437786316,12034.743008810648,12128.725794329514,349799,-20.578125,0.8269645483126155
2024-09-12,12268.0673828125,12293.937767857073,12021.238906665374,12130.80304988499,547830,156.5556640625,0.8488183963670753
2024-09-13,12184.17578125,12262.280617858034,12159.443468587922,12232.60184266354,361093,-83.8916015625,0.8371078375407893
2024-09-16,12157.416015625,12231.61295607352,12124.769361827652,12190.013398016585,170114,-26.759765625,0.8333724003373916
2024-09-17,12114.62890625,12153.458637754426,12021.536866334012,12153.458637754426,568161,-42.787109375,0.8273996813522931
2024-09-18,12073.423828125,12205.8412046945,12039.68934139223,12108.989085588017,182282,-41.205078125,0.8216478005640234
2024-09-19,12219.24609375,12277.119703958022,12075.70014102684,12128.67656022684,465608,145.822265625,0.8420033568769117
2024-09-20,12479.4306640625,12569.1104186683,12227.704985687653,12228.051817737978,875654,260.1845703125,0.8783229247429093
2024-09-23,12547.294921875,12612.489681997158,12489.81741589255,12489.81741589255,235586,67.8642578125,0.8877962017874944
2024-09-24,12602.201171875,12642.119704286772,12448.366186686804,12448.366186686804,425916,54.90625,0.8954606504162016
2024-09-25,12648.4013671875,12678.970892266963,12475.967875475277,12590.973130056514,341172,46.2001953125,0.9019098073629771
2024-09-26,13240.4931640625,13267.402114088052,12692.623154406809,12697.569617054667,1471069,592.091796875,0.9845608199640455
2024-09-27,13351.095703125,13396.653396407875,13132.314242700864,13239.701752177032,865698,110.6025390625,0.9999999999999999
2024-09-30,13096.25390625,13355.448537118522,13067.26782968322,13200.673534739395,415743,-254.841796875,0.9644262381678609
2024-10-01,13025.025390625,13158.035963898568,12860.85210279844,13096.254452460407,388888,-71.228515625,0.9544833391553279
2024-10-03,12511.927734375,13007.217395937236,12457.467377121106,12802.483126043611,863520,-513.09765625,0.8828592412094981
2024-10-04,12470.7744140625,12739.960527278306,12378.522884870556,12554.023767598752,679362,-41.1533203125,0.8771145853745815
2024-10-07,12393.3623046875,12512.572055852126,12245.463069840102,12490.856891360689,465500,-77.412109375,0.8663085089161718
2024-10-08,12397.7646484375,12494.863130075582,12328.612714516892,12368.382467231995,387060,4.40234375,0.8669230389108041
2024-10-09,12624.0654296875,12712.409059737474,12406.22302051656,12420.518490851626,465231,226.30078125,0.8985127160883012
2024-10-10,12805.5009765625,12826.17757676149,12575.391921866849,12661.856474927748,492698,181.435546875,0.9238395855875813
2024-10-11,12639.8447265625,12841.01697508807,12588.747381201518,12805.50098699655,274243,-165.65625,0.9007153726218572
2024-10-14,12403.6005859375,12661.95470878102,12328.859730776128,12638.211688778618,488067,-236.244140625,0.8677376864813283
2024-10-15,12313.4765625,12572.91852353526,12222.708974606823,12572.91852353526,532135,-90.1240234375,0.8551571342154366
2024-10-16,12251.2998046875,12321.588843749056,12100.036594655645,12281.126393965864,418138,-62.1767578125,0.8464777841204386
2024-10-17,12013.720703125,12287.111296924191,11940.760381819351,12267.226904271743,875937,-237.5791015625,0.8133137487113512
2024-10-18,11975.484375,12011.247685674827,11717.625861961336,11940.760594345324,506871,-38.236328125,0.8079762803418221
2024-10-21,12045.52734375,12118.83353403183,11816.653936486548,12015.501735698008,375275,70.04296875,0.8177536870266079
2024-10-22,11795.630859375,12158.206554088418,11713.222988831856,12085.14769072292,904901,-249.896484375,0.7828702490393707
2024-10-23,11828.1796875,11990.127069896142,11627.60062454814,11795.631576415844,412638,32.548828125,0.7874137904593127
2024-10-24,11637.740234375,11870.471292178365,11512.298140117053,11870.471292178365,552495,-190.439453125,0.7608300517163523
2024-10-25,11379.6826171875,11668.012103706254,11317.505971261537,11637.640631348902,624582,-258.0576171875,0.7248073885372025
2024-10-28,11360.29296875,11508.093652976651,11317.506068621688,11381.612028656327,613830,-19.3896484375,0.7221007574273032
2024-10-29,10927.724609375,11360.045418201442,10627.425073719143,11327.398766734,2268683,-432.568359375,0.6617178689795605
2024-10-30,11135.921875,11396.649722966997,10827.80652932932,10861.442474692243,1672966,208.197265625,0.6907804483219876
2024-10-31,10957.849609375,11127.117177476151,10931.682628324012,11104.808823795203,838211,-178.072265625,0.6659230644707806
2024-11-01,10991.0400390625,11089.523917478447,10961.361263079434,11030.611740373257,65670,33.1904296875,0.6705561680483253
2024-11-04,10934.1064453125,11174.059155876865,10743.716904189709,11174.059155876865,444462,-56.93359375,0.6626087193599782
2024-11-05,11050.49609375,11154.273266503364,10893.99078851853,10923.768107204449,321159,116.3896484375,0.6788557309727276
2024-11-06,11232.6748046875,11307.613714475032,11052.969428635795,11098.872988862238,416027,182.1787109375,0.7042863398965672
2024-11-07,11179.154296875,11263.095381059122,11066.819357936702,11184.100759492943,530194,-53.5205078125,0.6968153291698972
2024-11-08,11181.9736328125,11222.534627145447,11006.472748939246,11139.928699662492,269993,2.8193359375,0.697208884647826
2024-11-11,11277.6376953125,11394.819582975008,11188.897966494971,11210.16775484861,450681,95.6640625,0.7105627795622428
2024-11-12,11023.78515625,11393.583475226844,10988.319405647448,11270.069723734488,549747,-253.8525390625,0.675127109763059
2024-11-13,10931.2861328125,11023.537659376403,10747.970423917966,11020.718562165095,507710,-92.4990234375,0.6622150275621747
2024-11-14,10888.2021484375,10998.65703867062,10775.47207875455,10936.62820785266,431348,-43.083984375,0.6562008673352021
2024-11-18,10975.162109375,11063.20914496987,10798.12801705603,10832.753255773114,333440,86.9599609375,0.6683397432074362
2024-11-19,10841.953125,11075.376884090754,10779.727206281736,10971.253848245144,864067,-133.208984375,0.6497448943946972
2024-11-21,10745.1513671875,10840.865417897234,10654.68037357969,10804.212323482298,540201,-96.8017578125,0.6362321868263882
2024-11-22,10945.1357421875,10987.725555740511,10711.316854252482,10788.234343496575,493678,199.984375,0.6641483160235492
2024-11-25,10907.0986328125,11127.512809399544,10872.373886271596,11082.054625636662,635726,-38.037109375,0.6588386569084356
2024-11-26,10826.767578125,10959.332769813294,10774.829723172496,10907.098320339392,406586,-80.3310546875,0.6476251203448892
2024-11-27,10939.9423828125,10997.866231846954,10753.609525996246,10818.902831305884,343332,113.1748046875,0.6634233669305024
2024-11-28,10832.6044921875,10961.954491309029,10771.4171352596,10941.971554960515,607669,-107.337890625,0.6484399042352881
2024-11-29,10955.623046875,11010.923917205046,10803.073952240307,10832.70345543124,338207,123.0185546875,0.6656122551567253
2024-12-02,11118.955078125,11208.684101710282,11031.600742998357,11031.600742998357,446880,163.33203125,0.6884120268209354
2024-12-03,11158.4775390625,11187.908991223514,11083.043985204442,11129.540733156296,258644,39.5224609375,0.6939290284652938
2024-12-04,11010.6767578125,11179.00526333061,10987.082518101748,11160.208705808194,554674,-147.80078125,0.673297288086495
2024-12-05,11062.515625,11149.326038476158,10912.885140233406,11015.722284803269,545501,51.8388671875,0.6805335559891285
2024-12-06,11196.763671875,11254.14263906976,11001.922313326082,11080.076423815495,417214,134.248046875,0.6992734491484268
2024-12-09,11159.021484375,11247.168026863616,11132.063263421216,11200.769821605356,254485,-37.7421875,0.6940049586354381
2024-12-10,11078.2958984375,11193.201647126753,11050.397655629127,11154.273372177118,410569,-80.7255859375,0.682736348842559
2024-12-11,11156.9931640625,11199.631283117333,11100.454712906318,11109.655905770736,226584,78.697265625,0.6937218222559235
2024-12-12,11047.8251953125,11178.361564782324,10959.629384535834,11178.361564782324,396561,-109.16796875,0.6784828961157355
2024-12-13,11151.8486328125,11169.111979624868,10915.457004026091,11018.146335235462,263579,104.0234375,0.6930036891566059
2024-12-16,11156.251953125,11208.140539974062,11085.022890375598,11135.031434959708,223389,4.4033203125,0.693618355471113
2024-12-17,10989.60546875,11151.750902745598,10941.278914539722,11142.401895007146,295445,-166.646484375,0.6703559141525589
2024-12-18,10884.6416015625,10979.217579351482,10852.637409107236,10966.307505279588,497103,-104.9638671875,0.6557038450724625
2024-12-19,10838.044921875,10917.238557327422,10736.247305933137,10771.4164601733,435360,-46.5966796875,0.649199342256605
2024-12-20,10784.3271484375,10958.393362433288,10749.603367052738,10822.860285729002,404608,-53.7177734375,0.6417007949152685
2024-12-23,10706.123046875,10872.126129135762,10640.23655520594,10810.988048073368,237165,-78.2041015625,0.6307841630385699
2024-12-24,10621.6376953125,10770.873051779983,10610.16228851044,10706.123663054545,151149,-84.4853515625,0.6189907217285361
2024-12-26,10779.3310546875,10857.287110283249,10654.68019998021,10655.174846229049,349811,157.693359375,0.641003382436888
2024-12-27,10823.8984375,11013.79332475576,10795.752872852485,10812.472302426846,257973,44.5673828125,0.6472246125533564
2024-12-30,10683.3203125,10832.752749675014,10634.992794770533,10823.898388681258,335481,-140.578125,0.6276010939669935
2024-12-31,10742.1337890625,10777.055620183066,10635.487287451382,10649.733485523251,198997,58.8134765625,0.6358109584139183
2025-01-01,11088.287109375,11153.23454946651,10684.557220201148,10741.738134381618,383202,346.1533203125,0.6841310374794455
2025-01-02,11714.5087890625,11732.168239401895,11105.797322516672,11164.165578532036,1417042,626.2216796875,0.7715462933774101
2025-01-03,11806.4638671875,11920.776420879902,11661.730569509007,11723.066703724868,701315,91.955078125,0.7843824454081502
2025-01-06,11629.7763671875,11851.625202741649,11565.521628284076,11801.2698297677,383268,-176.6875,0.7597183631391059
2025-01-07,11595.7939453125,11699.32379150743,11548.704008924293,11629.77672222882,308104,-33.982421875,0.7549747041432721
2025-01-08,11695.416015625,11732.959859480008,11599.751236994322,11600.443934970288,303100,99.6220703125,0.7688811035093847
2025-01-09,11614.837890625,11723.116148185338,11534.804706880288,11695.415958130554,266413,-80.578125,0.7576330780175683
2025-01-10,11506.5595703125,11634.079759561642,11446.114185214985,11564.829284802348,218246,-108.2783203125,0.7425183392831279
2025-01-13,11374.5888671875,11529.66047060768,11345.206685949848,11345.701332212751,253524,-131.970703125,0.7240963440713634
2025-01-14,11615.431640625,11659.355646516156,11407.531442148333,11410.450048148492,627463,240.8427734375,0.7577159605013163
2025-01-15,11819.4736328125,12061.850295966044,11733.99837413964,11763.231774372274,692822,204.0419921875,0.786198498777381
2025-01-16,11962.8212890625,12004.074978790655,11828.17896867997,11853.158603855054,551211,143.34765625,0.8062086205280691
2025-01-17,12006.3994140625,12059.376799299154,11875.76353518156,11972.319060980431,285370,43.578125,0.812291758611582
2025-01-20,11891.3447265625,12016.984869890734,11855.730197745048,12016.984869890734,251731,-115.0546875,0.7962310962673914
2025-01-21,11756.455078125,12009.81249236961,11735.036509781525,11888.376842098907,300038,-134.8896484375,0.7774016409504904
2025-01-22,11891.6416015625,11949.51521225589,11772.629908178307,11772.629908178307,396590,135.1865234375,0.7962725375092655
2025-01-23,11916.7705078125,11976.671977356016,11833.224560330693,11876.456837165728,480876,25.12890625,0.7997803205221051
2025-01-24,11839.75390625,11963.51400956171,11786.5291977236,11802.2593346623,310343,-77.0166015625,0.7890294536129027
2025-01-27,11865.42578125,11917.908522659996,11684.583300646347,11774.461106332845,251783,25.671875,0.7926130304760118
2025-01-28,11993.9345703125,12034.446290136782,11757.69172195079,11889.662757643844,533451,128.5087890625,0.8105517717323699
2025-01-29,11849.6474609375,12188.77674927291,11757.79106924785,11990.225543950162,817549,-144.287109375,0.7904105102623306
2025-01-30,11871.509765625,11981.172450642583,11795.432787434578,11892.284907714844,418442,21.8623046875,0.7934623032946809
2025-01-31,12178.833984375,12257.333957052242,11871.509885764885,11871.509885764885,709009,307.32421875,0.8363621678268055
2025-02-01,12778.1962890625,13009.196082620823,12097.71184467364,12188.083326075175,1101170,599.3623046875,0.9200280818941645
2025-02-03,12999.25390625,13317.064115216588,12783.2915512458,12850.909305761765,926127,221.0576171875,0.9508858576650109
2025-02-04,12969.5751953125,13117.969067929382,12832.607457665928,13108.125414491276,530749,-29.6787109375,0.9467429603564764
2025-02-05,12946.6728515625,13009.196330570156,12864.264979815136,12969.624630705304,271633,-22.90234375,0.9435459866576922
2025-02-06,12934.009765625,12989.41014400002,12867.52911835379,12920.159671031244,414134,-12.6630859375,0.9417783268439394
2025-02-07,12909.7724609375,12968.140718356964,12872.673992238686,12920.160032173168,355223,-24.2373046875,0.9383950038765964
2025-02-10,12762.615234375,12920.160065185162,12748.666596550987,12910.267140173535,294142,-147.1572265625,0.9178530982951495
2025-02-11,12588.103515625,12877.867672548036,12563.470712273996,12761.823856628283,354195,-174.51171875,0.8934927367066822
2025-02-12,12520.041015625,12628.665143332666,12473.04961995905,12564.015262264124,425735,-68.0625,0.8839917867275561
2025-02-13,12535.6220703125,12608.483850590506,12479.67777172916,12539.282645844514,186742,15.5810546875,0.8861667703265713
2025-02-14,12544.4765625,12643.158492044717,12449.35569960924,12564.01508990359,233454,8.8544921875,0.8874027826294401
2025-02-17,12626.2412109375,12637.221970876586,12443.419190188504,12466.667563158257,192210,81.7646484375,0.8988164367688781
2025-02-18,12649.2919921875,12746.98462683641,12598.78880314209,12628.269526503556,267936,23.05078125,0.9020341310885994
2025-02-19,12550.3134765625,12632.424754332347,12515.539458630838,12590.725688877928,288694,-98.978515625,0.8882175665198387
2025-02-20,12307.4423828125,12514.550385557175,12247.441404995878,12514.550385557175,423739,-242.87109375,0.8543148137103714
2025-02-21,12191.4970703125,12305.413524060586,12113.886879078753,12287.013069673996,477013,-115.9453125,0.8381298276405585
2025-02-24,12213.013671875,12299.378711836463,12089.252603423927,12117.20011587994,399571,21.5166015625,0.8411333634373056
2025-02-25,12342.7587890625,12373.477093308536,12217.762071237596,12256.097154659496,363355,129.7451171875,0.8592446856548891
2025-02-27,12248.0341796875,12415.620713449263,12180.169101512936,12397.516854156022,236805,-94.724609375,0.8460219304598239
2025-02-28,11817.939453125,12206.38554062726,11685.226443594172,12206.38554062726,605149,-430.0947265625,0.785984340254407
2025-03-03,11649.5126953125,11930.323958784656,11631.85421014671,11758.730976743322,186884,-168.4267578125,0.7624733878044833
2025-03-04,11491.869140625,11598.712731903384,11466.88950470112,11564.82946337297,255726,-157.6435546875,0.740467679409735
2025-03-05,11492.95703125,11703.33047134682,11444.48169793673,11480.739655112411,349730,1.087890625,0.7406195397500234
2025-03-06,11541.482421875,11603.906392255269,11357.077913217996,11575.711555972455,315309,48.525390625,0.7473932743181876
2025-03-07,11539.2568359375,11616.569467397569,11476.78262630305,11525.25796021296,259055,-2.2255859375,0.7470826013240067
2025-03-10,11461.9921875,11572.645133395696,11410.153840113391,11475.793011109552,153894,-77.2646484375,0.7362971091666596
2025-03-11,11522.240234375,11566.807667343845,11386.756436121075,11455.512263428673,245822,60.248046875,0.7447072275093506
2025-03-12,11515.462890625,11598.415643876591,11398.627836390602,11496.369739180123,249361,-6.77734375,0.7437611675797259
2025-03-13,11390.515625,11559.88269171903,11366.72333394769,11510.220015731536,260736,-124.947265625,0.7263195849059819
2025-03-17,11429.9892578125,11627.105793737772,11333.681050684292,11390.516099558725,275569,39.4736328125,0.7318297705566111
2025-03-18,11429.9892578125,11429.9892578125,11429.9892578125,11429.9892578125,0,0.0,0.7318297705566111
2025-03-19,11491.1767578125,11589.018176359035,11423.3609474873,11574.722705949722,476555,61.1875,0.7403710286186537
2025-03-20,11604.5986328125,11639.025817274372,11463.921051472624,11574.623264430336,379421,113.421875,0.7562037641325369
2025-03-21,11607.1708984375,11794.048638897197,11580.460000827825,11653.86569785042,560565,2.572265625,0.7565628306821958
2025-03-24,11794.5927734375,11861.61734182018,11616.322067706213,11653.816640742014,359033,187.421875,0.7827253410126863
2025-03-25,11741.814453125,11945.954579506875,11673.651811613105,11823.431086553652,514283,-52.7783203125,0.7753579333907014
2025-03-26,11608.6552734375,11741.814629151844,11584.615657906596,11680.57703440676,478517,-133.1591796875,0.7567700368915661
2025-03-27,11596.4375,11770.602252701492,11513.386200785002,11647.089469598592,645787,-12.2177734375,0.7550645389406242
2025-03-28,11398.77734375,11620.180819379271,11278.033417231609,11573.782613146495,541795,-197.66015625,0.7274728510449769
2025-04-01,11358.166015625,11422.173435175882,11169.11260065158,11357.078180290537,498244,-40.611328125,0.7218038527404554
2025-04-02,11590.6494140625,11606.379551175158,11287.87663919324,11358.1656777408,452994,232.4833984375,0.7542565710439547
2025-04-03,11562.94921875,11676.570041409126,11486.724425268469,11505.96635750806,326624,-27.7001953125,0.7503898578013307
2025-04-04,11359.056640625,11505.471932630966,11208.68417856482,11475.793157224352,355785,-203.892578125,0.7219281764660775
2025-04-07,11208.4365234375,11236.878682359702,10941.030958165768,10986.686226650363,602353,-150.6201171875,0.7009028806093499
2025-04-08,11336.2041015625,11426.674126899889,11169.16148494093,11406.542411168177,629968,127.767578125,0.7187381550808972
2025-04-09,11334.720703125,11415.149993185025,11302.667238474589,11337.391020090874,255114,-1.4833984375,0.7185310851914016
2025-04-11,11474.8525390625,11553.699341511425,11357.077464673115,11357.423330592474,231420,140.1318359375,0.7380923055950789
2025-04-15,11728.0625,11812.152361872628,11554.93631379165,11663.758487979756,458593,253.2099609375,0.7734382769167852
2025-04-16,11539.107421875,11641.99383921682,11490.632090627412,11641.99383921682,470494,-188.955078125,0.7470617443831952
2025-04-17,11569.775390625,11602.42204200513,11401.595671394023,11539.107324176995,302146,30.66796875,0.7513427337246849
2025-04-21,11619.240234375,11642.983254011016,11463.921314256067,11569.775610133302,318493,49.46484375,0.7582476080122006
2025-04-22,11608.3583984375,11661.78019437372,11490.632588874343,11643.972929061649,516753,-10.8818359375,0.756728595649692
2025-04-23,11779.505859375,11842.820579707575,11603.41179345002,11672.662268813776,493839,171.1474609375,0.7806193352702114
2025-04-24,11766.6455078125,11911.082219107324,11731.030976260352,11812.1529647958,387863,-12.8603515625,0.7788241388417921
2025-04-25,11572.744140625,11917.017944774214,11473.814886559134,11774.559818919366,906266,-193.9013671875,0.7517571461434255
2025-04-28,11719.1591796875,11768.623805635869,11168.123246622672,11305.634906759138,457303,146.4150390625,0.7721954486201873
2025-04-29,11714.212890625,11812.152851453637,11615.28363726274,11685.523407149944,455596,-4.9462890625,0.7715049884554105
2025-04-30,12125.7578125,12193.029700502777,11673.651153422536,11698.38346518826,967250,411.544921875,0.8289531826430719
2025-05-02,12272.173828125,12590.726022615629,12118.833486056528,12125.758533762846,707908,146.416015625,0.8493916214397083
2025-05-05,12324.6064453125,12356.263806546243,12229.634361611264,12356.263806546243,270014,52.4326171875,0.8567107718260899
2025-05-06,12446.2890625,12464.096327671688,12238.53763549698,12304.820233636035,414921,121.6826171875,0.8736966371590938
2025-05-07,12497.732421875,12533.346952642632,12222.709100947171,12222.709100947171,303619,51.443359375,0.88087769551252
2025-05-08,12259.3125,12462.11745985313,12197.976365800518,12425.51363783086,485326,-238.419921875,0.8475962886914145
2025-05-09,12118.8330078125,12227.655181760205,11985.278521603954,12005.064371412627,278112,-140.4794921875,0.8279865384123847
2025-05-12,12480.9140625,12494.76415736961,12292.948489269578,12292.948489269578,185165,362.0810546875,0.8785299946324049
2025-05-13,12348.3486328125,12564.014391661492,12296.905424279714,12465.085144483057,378269,-132.5654296875,0.8600249806170178
2025-05-14,12534.3359375,12581.821977357931,12278.109180766574,12351.316825547554,306050,185.9873046875,0.885987237051742
2025-05-15,12813.31640625,12883.556173455354,12413.642237926577,12465.08544771078,561496,278.98046875,0.9249305535438906
2025-05-16,12855.8564453125,12945.882065668286,12773.745165207773,12811.338281400298,425275,42.5400390625,0.9308687836007191
2025-05-19,12849.919921875,12906.30959279246,12791.551666013069,12850.909214347235,244277,-5.9365234375,0.9300400950831126
2025-05-20,12502.6787109375,12870.695523761424,12474.978520724946,12865.749061223469,361111,-347.2412109375,0.8815681556772968
2025-05-21,12479.9248046875,12670.858255920532,12459.149662325355,12539.282354293624,209104,-22.75390625,0.8783919025994497
2025-05-22,12311.7451171875,12475.96767158309,12262.280492369551,12475.96767158309,434848,-168.1796875,0.8549154390777961
2025-05-23,12319.6591796875,12361.209463598756,12289.980405465174,12316.691302265268,169465,7.9140625,0.8560201753414386
2025-05-26,12288.001953125,12404.73846632593,12258.323178582392,12321.637897606624,214703,-31.6572265625,0.8516010939669935
2025-05-27,12281.0771484375,12345.3811612173,12158.404877903728,12288.002195967632,344679,-6.9248046875,0.8506344497363062
2025-05-28,12198.9658203125,12282.066390331658,12173.24421530657,12281.07709783143,178181,-82.111328125,0.8391724020413901
2025-05-29,12259.3125,12294.927029535183,12134.661646626855,12207.869290671402,191097,60.3466796875,0.8475962886914145
2025-05-30,12187.0947265625,12356.263749879505,12119.822834249304,12259.313081545784,351353,-72.2177734375,0.837515297645926
2025-06-02,12158.4052734375,12187.094756995652,12002.097052672398,12030.78653623055,264972,-28.689453125,0.833510492370347
2025-06-03,11998.1396484375,12217.762587252895,11930.86775726882,12141.58706342954,369114,-160.265625,0.811138765112336
2025-06-04,12032.7646484375,12113.886633241567,11998.13941102113,11998.13941102113,205846,34.625,0.8159721225856472
2025-06-05,11996.1611328125,12125.758453313774,11887.338955292347,12069.368779507877,319783,-36.603515625,0.8108625810464255
2025-06-06,12328.5634765625,12400.781831063308,11970.439581640689,12009.021990209612,456129,332.40234375,0.8572631399579113
2025-06-09,12501.689453125,12524.443180862743,12332.520433857422,12371.102841760554,323443,173.1259765625,0.8814300636443414
2025-06-10,12385.9423828125,12607.543907872405,12327.574123979755,12524.44333597494,325292,-115.7470703125,0.8652727505090695
2025-06-11,12318.669921875,12425.513509376004,12293.937609953471,12336.477186458502,306061,-67.2724609375,0.8558820833084834
2025-06-12,12257.333984375,12356.263233643564,12175.222707482091,12325.595166370307,347339,-61.3359375,0.8473201046255038
2025-06-13,12275.1416015625,12291.959574420862,12045.625736671906,12069.368757177828,385493,17.8076171875,0.8498058975385742
2025-06-16,12395.8349609375,12432.43878324833,12203.91221692937,12271.184106581704,184242,120.693359375,0.8666536708386229
2025-06-17,12460.138671875,12479.924521294412,12336.477113003672,12394.84536879094,226597,64.3037109375,0.8756299256204684
2025-06-18,12611.5009765625,12742.087588494274,12415.62105866484,12484.871534689266,467738,151.3623046875,0.8967588245818813
2025-06-19,12668.8798828125,12687.676440502131,12577.864971894278,12613.479502253582,339117,57.37890625,0.9047684351330397
2025-06-20,12654.0400390625,12751.979994020454,12591.714613180166,12671.84730360031,652128,-14.83984375,0.902696918318835
2025-06-23,12563.025390625,12649.093837666844,12530.378738298785,12634.254450245837,192037,-91.0146484375,0.889992042327321
2025-06-24,12475.9677734375,12717.35514451979,12418.588808180237,12692.6228319089,332717,-87.0576171875,0.8778395344676283
2025-06-25,12630.2978515625,12669.869553141769,12481.90397064025,12548.18657078552,316536,154.330078125,0.8993827095279071
2025-06-26,12578.8544921875,12710.430398397562,12553.132886462225,12643.158506500688,354735,-51.443359375,0.8922016511744809
2025-06-27,12506.6357421875,12661.954664155815,12485.860599758616,12613.479331821754,346403,-72.21875,0.882120523809118
2025-06-30,12267.2265625,12539.28199029738,12199.954674899192,12531.367650579636,448956,-239.4091796875,0.848701024955057
