Date,Close,High,Low,Open,Volume,Close_diff,Close_scaled
2021-01-01,901.1947021484376,905.5022677403856,898.7008105101149,901.4213814086116,10015175,,0.08753609878955482
2021-01-04,902.713623046875,906.363698565092,892.3527025549105,904.6406964491767,24513534,1.5189208984373863,0.08955074174497102
2021-01-05,891.4911499023438,899.4261822629604,886.9114498823324,892.806069337439,24123091,-11.22247314453125,0.07466565030522831
2021-01-06,867.9807739257812,891.4457932255564,863.854552119663,891.4004573776713,46401468,-23.5103759765625,0.04348231917251821
2021-01-07,866.5751953125,881.9238397966232,863.8546244352824,870.814757093236,32325918,-1.40557861328125,0.04161800941521365
2021-01-08,876.7999877929688,878.9311324815067,867.005885344283,869.6811201830574,27540187,10.22479248046875,0.055179812510134596
2021-01-11,860.2724609375,879.1125050229124,858.1186482532938,879.1125050229124,33307825,-16.52752685546875,0.03325828546809051
2021-01-12,887.3876953125,888.7252828199374,861.4740587259083,862.87970997784,41161546,27.115234375,0.06922297327655391
2021-01-13,879.112548828125,895.5040980209848,869.8852636562669,890.3349713085404,26619458,-8.275146484375,0.058247111671822616
2021-01-14,888.9972534179688,891.8538914370755,879.2258195153461,881.923722106697,21553242,9.88470458984375,0.07135783421753605
2021-01-15,878.5003662109375,894.9825854452455,870.6106693815333,888.9972940596249,20593268,-10.49688720703125,0.057435134301299984
2021-01-18,899.5849609375,905.5022489944744,872.1070575050039,883.7828981720585,35100458,21.0845947265625,0.08540099498395515
2021-01-19,914.298828125,920.9188817318542,904.4366615381476,904.4366615381476,32006615,14.7138671875,0.10491694799159479
2021-01-20,931.6651611328124,933.1614839760484,907.4972564349496,916.5659251576316,30924537,17.366333007812386,0.1279510378455122
2021-01-21,951.9335327148438,961.2742166156672,940.869846715687,944.0438358240184,39087742,20.268371582031364,0.15483428901909502
2021-01-22,929.3527221679688,959.165840987856,922.8006124178714,957.1933717044934,30532660,-22.580810546875,0.12488390059356935
2021-01-25,880.1100463867188,922.7099125187834,876.0291603627637,922.7099125187834,54207104,-49.24267578125,0.05957015715202707
2021-01-27,859.2523193359375,872.8552946623277,856.0783297395525,872.8552946623277,42370131,-20.85772705078125,0.031905205730212716
2021-01-28,850.886474609375,872.0844035148573,847.9164965706553,852.5188051471522,34067814,-8.3658447265625,0.020809045185043118
2021-01-29,835.1976928710938,867.4593064405973,829.7791594362084,858.9347876285253,43712383,-15.68878173828125,0.0
2021-02-01,859.3883056640625,863.7865428347654,837.9409701152957,843.110096652801,34180952,24.19061279296875,0.032085573185997696
2021-02-02,873.2178955078125,879.6566053024357,841.092290337818,867.9807655747403,41470034,13.82958984375,0.05042865200179958
2021-02-03,875.4170532226562,885.0977559571905,861.5193370458762,874.3514808921253,30301696,2.19915771484375,0.053345537010503374
2021-02-04,872.5377807617188,879.656648554206,863.7865225405493,872.4017132446297,25626981,-2.8792724609375,0.04952657185825693
2021-02-05,872.288330078125,881.7650813571979,870.5879959278572,875.1449682096818,20248046,-0.24945068359375,0.04919570929461514
2021-02-08,884.8484497070312,892.8061507159327,874.691600163488,876.5052740367894,21183400,12.56011962890625,0.06585500771864239
2021-02-09,886.9796142578125,902.1469161459931,885.233944002577,889.6095735403137,19604141,2.13116455078125,0.0686817089994538
2021-02-10,895.2092895507812,899.9476653520371,873.8980223594517,885.8913333557456,21234156,8.22967529296875,0.0795972592242209
2021-02-11,932.11865234375,935.9728593397924,894.2798277886045,897.7938959649373,42539278,36.90936279296875,0.12855253254770416
2021-02-12,925.7252197265624,942.2301071014969,913.8453084946966,932.0279220969352,30497029,-6.393432617187614,0.12007250966014249
2021-02-15,921.6443481445312,934.6578356915304,918.1982839074868,928.6498762091928,15791099,-4.080871582031136,0.11465978593426907
2021-02-16,933.8416748046876,942.864948032298,922.7325927047402,924.8864053509031,21421660,12.197326660156364,0.1308378885965431
2021-02-17,944.6106567382812,950.3692089797069,929.8061035808392,934.0683329596526,23742994,10.768981933593636,0.14512148533409408
2021-02-18,937.559814453125,956.014443525895,933.6602717704308,945.4041756996926,18646877,-7.05084228515625,0.13576949751553546
2021-02-19,943.2730102539062,954.4500958860806,931.0303522839878,932.7080785090463,23403483,5.71319580078125,0.14334727834980954
2021-02-22,910.5352783203124,947.6260001116776,904.5727145749872,943.1370313830364,23804335,-32.737731933593864,0.09992510864751036
2021-02-23,917.4955444335938,930.8491120696508,913.0292432704872,928.6272954514131,25644108,6.960266113281364,0.1091569594353754
2021-02-24,934.5219116210938,936.4489852163128,918.7197882041788,920.46551838717,10807663,17.0263671875,0.13174013064983048
2021-02-25,972.3153076171876,975.7840397521636,939.9629623775808,941.3232777095964,34855693,37.793395996093864,0.18186795434566183
2021-02-26,945.7669677734376,967.57699044691,938.9201148180856,959.914032198198,37481215,-26.54833984375,0.14665517539237438
2021-03-01,952.9765014648438,957.646873714604,935.2019693603648,956.8306484903324,17680764,7.209533691406136,0.15621764587926346
2021-03-02,954.9262084960938,965.8085514456496,947.263250572338,962.1811437745008,17150760,1.94970703125,0.1588036683243257
2021-03-03,998.5009765625,1006.572077071357,955.4703590572256,961.750393670414,31924461,43.57476806640625,0.2165996994469408
2021-03-04,986.5984497070312,992.9918242849484,978.3686732860034,988.4801874020636,21435754,-11.90252685546875,0.2008126088185278
2021-03-05,987.890625,1002.9672532884404,976.260120871694,977.5977682721734,25511666,1.29217529296875,0.20252650442284814
2021-03-08,993.5132446289062,1012.0132094952947,983.0389843818928,983.2656636273796,19506841,5.62261962890625,0.20998414822642864
2021-03-09,993.490478515625,1003.8060628939456,973.3355160603488,997.548696502313,15154484,-0.02276611328125,0.20995395205901035
2021-03-10,989.3643188476562,1004.3956118787132,984.0591848216624,1000.7228083320848,11519358,-4.12615966796875,0.20448115981779003
2021-03-12,969.2546997070312,1000.4507422731192,963.0426687169552,995.2816157511662,16864952,-20.109619140625,0.17780847226741092
2021-03-15,956.2412109375,974.3784296324052,943.3637304935054,970.3656071763525,16698099,-13.01348876953125,0.1605478410509369
2021-03-16,952.4777221679688,963.9948870594852,950.165234013291,958.553685547253,13873801,-3.76348876953125,0.15555608266172505
2021-03-17,931.9600219726562,953.566034236816,922.778012469734,951.3215496881083,19210236,-20.5177001953125,0.12834213083424584
2021-03-18,910.9887084960938,945.313461898209,907.315905191204,939.9175965589106,20647480,-20.9713134765625,0.10052652239482973
2021-03-19,944.0438842773438,950.3239190123004,899.0635245309819,902.7816639429236,41787429,33.05517578125,0.14436973838866307
2021-03-22,935.1565551757812,940.416353017528,921.9163888767762,939.0560976937982,18572478,-8.8873291015625,0.13258189941340914
2021-03-23,946.5377197265624,956.6038970524452,932.2546489163942,934.9525516306612,17421165,11.381164550781136,0.14767747352148275
2021-03-24,928.309814453125,943.0236364808284,925.1811610696236,943.0236364808284,16822814,-18.227905273437386,0.12350062468827327
2021-03-25,902.985595703125,931.3477251906348,900.0609538666973,931.3477251906348,22001648,-25.32421875,0.0899114766565412
2021-03-26,904.4366455078124,913.0745041101142,894.937285828174,912.303674731854,20180202,1.4510498046873863,0.09183609779380975
2021-03-30,920.1480712890624,929.035337372419,903.0310289019576,910.4899757979094,20441701,15.71142578125,0.11267517723652598
2021-03-31,908.26806640625,929.4886608125948,906.4089968537622,915.0242469485528,16250796,-11.880004882812386,0.0969179589560416
2021-04-01,916.77001953125,920.4654911265428,908.2908359953476,915.0243493680184,11723312,8.501953125,0.10819464886674113
2021-04-05,903.5071411132812,918.198295125252,889.677488179083,918.1756272004716,14875099,-13.26287841796875,0.09060323604149789
2021-04-06,899.7437133789062,909.107066008566,892.8061886370579,908.6763154469584,14009194,-3.763427734375,0.08561155860715863
2021-04-07,908.15478515625,928.128465159544,903.8245518752842,906.8625335398098,24266353,8.41107177734375,0.09676770671280233
2021-04-08,909.2884521484376,916.8380712144984,903.688574648256,911.8503476805612,15369188,1.1336669921876137,0.09827136251340951
2021-04-09,898.7234497070312,909.7418004729616,897.7938848658578,906.1597285641936,14037885,-10.565002441406364,0.0842583169595359
2021-04-12,866.5751953125,889.3601188333347,861.632807894605,888.271878488836,20901482,-32.14825439453125,0.04161800941521365
2021-04-13,875.9385375976562,879.9287521472845,869.6131669055775,872.4017415275625,19411189,9.36334228515625,0.054037215440587705
2021-04-15,881.6064453125,889.1787320455074,867.4140446856474,873.4446725605377,19723716,5.66790771484375,0.06155492775951488
2021-04-16,876.0745239257812,884.1456245317884,873.5126286216039,878.1149969863354,15656948,-5.53192138671875,0.054217582896372685
2021-04-19,862.2901611328125,868.9556101628922,856.9850274045621,863.3330655330114,18478808,-13.78436279296875,0.03593449164104512
2021-04-20,862.0408325195312,870.1345408290238,857.1891171314771,866.2803940149797,17203668,-0.24932861328125,0.0356037909871485
2021-04-22,864.4213256835938,868.0714611843059,850.9544197704057,858.0052836359382,14490954,2.3804931640625,0.038761192921856535
2021-04-23,863.4918212890625,870.0892067348701,859.4109352555885,864.2399827290652,11828857,-0.92950439453125,0.03752833116954468
2021-04-26,878.6818237304688,889.6322314145979,866.7339073312086,870.5881145351398,20846778,15.19000244140625,0.05767581313704917
2021-04-27,901.716064453125,905.592879224886,878.8631384956852,879.6566357896455,19992524,23.03424072265625,0.0882276153098942
2021-04-28,905.63818359375,910.4898988549594,897.8618863960234,905.8875907227454,17122437,3.922119140625,0.09342977541256436
2021-04-29,917.767578125,927.0402589004968,910.1726236848529,917.2460958998796,17412606,12.12939453125,0.10951777530181817
2021-04-30,904.3687133789062,923.18609083077,901.2173918419056,910.7167522740972,19828769,-13.39886474609375,0.09174599502078973
2021-05-03,888.2944946289062,897.3404357451366,881.0622873144365,891.4458158814281,23640186,-16.07421875,0.07042571981632006
2021-05-04,869.0463256835938,892.2620588404909,866.5071582786076,884.190958253908,21849830,-19.2481689453125,0.04489562933548763
2021-05-05,870.6333618164062,878.9764773257763,865.1694924935965,872.1070167804479,12393609,1.5870361328125,0.04700061792854138
2021-05-06,875.5757446289062,877.3894784194164,864.5119984908221,871.4268548191382,14624666,4.9423828125,0.05355601967883428
2021-05-07,875.915771484375,886.7527777675398,873.3085405592442,878.6363420246701,12288548,0.34002685546875,0.05400701927316942
2021-05-10,873.3993530273438,882.740038023686,871.0188609169002,879.2033017480504,13941237,-2.51641845703125,0.050669330837548765
2021-05-11,876.5506591796875,878.9991548596583,866.0536709526697,868.320883202796,13478264,3.15130615234375,0.05484911185623775
2021-05-12,867.48193359375,876.4372025151902,864.6933592562523,875.167618908404,13177961,-9.0687255859375,0.042820675000107444
2021-05-14,878.4324340820312,880.563518938135,864.2400338075389,874.2381482108096,13291616,10.95050048828125,0.057345031528279966
2021-05-17,888.884033203125,890.2896245106193,875.3037267948372,878.4324402760395,11873078,10.45159912109375,0.07120766292916914
2021-05-18,901.3987426757812,908.0415246390668,894.3932139164108,898.2474211128352,12064918,12.51470947265625,0.08780673092810476
2021-05-19,905.52490234375,914.3214965481936,894.1664727852633,897.7938805270868,16317002,4.12615966796875,0.09327952316932508
2021-05-20,900.2424926757812,911.8049942540358,898.247415294268,905.9103738478552,11422532,-5.28240966796875,0.08627312182469704
2021-05-21,908.018798828125,911.2154560407944,900.5145161905418,903.235087003718,10785605,7.77630615234375,0.09658733925701735
2021-05-24,900.355712890625,911.3061190300916,898.700714595752,910.4898938764024,8551760,-7.6630859375,0.08642329311306396
2021-05-25,890.153564453125,905.5022080454436,888.7252453359569,905.2301329831128,14780102,-10.2021484375,0.07289152427581636
2021-05-26,893.2822265625,897.5671839561246,891.1284738713696,895.5267109206686,7480204,3.128662109375,0.077041271036832
2021-05-27,896.0255737304688,903.6885320706948,889.7455387788042,893.3956745411289,26819294,2.74334716796875,0.08067994968816605
2021-05-28,949.8478393554688,954.472815743996,902.3282518740784,902.3282518740784,56469931,53.822265625,0.1520678991182478
2021-05-31,979.5475463867188,993.7852821100848,945.4268620793822,953.1124880356036,59124142,29.69970703125,0.19146054004509683
2021-06-01,983.4470825195312,998.4556475299046,973.2901730558312,982.1321030027278,28013832,3.8995361328125,0.196632746844966
2021-06-02,998.1155395507812,1001.8563467317178,978.0511883191928,978.0511883191928,24630162,14.66845703125,0.21608846942751403
2021-06-03,1001.92431640625,1020.2202690838112,995.7803496561332,1007.0707146193824,23974257,3.80877685546875,0.22114029633207255
2021-06-04,993.2411499023438,1005.0076615198448,990.4071796454298,1004.2595000884417,14468646,-8.68316650390625,0.2096232514051135
2021-06-07,1009.9727172851562,1016.5928305525484,990.747259262441,998.4556127916534,16336573,16.7315673828125,0.23181541058570776
2021-06-08,1004.1688232421876,1009.8593716828784,996.7098768905072,1009.6100245190582,9674735,-5.803894042968636,0.2241173308109956
2021-06-09,986.2129516601562,1007.0707400246994,978.4819302316135,1006.1639031267836,11409161,-17.955871582031364,0.20030129784422845
2021-06-10,989.8405151367188,1011.1517839840508,987.3692913998711,994.556163411871,14155653,3.6275634765625,0.20511276973252768
2021-06-11,1007.0098266601562,1013.7668141971928,991.9716855769274,993.2457554895082,13762778,17.1693115234375,0.22788553725822536
2021-06-14,1021.4564208984376,1027.530819009634,998.7740423359074,1007.851579256908,20332436,14.446594238281364,0.2470469888794724
2021-06-15,1023.777099609375,1035.1068867541692,1019.363468899092,1028.7822714120728,15174215,2.3206787109373863,0.250125055039194
2021-06-16,1006.3045043945312,1022.434678867938,1003.6881840170562,1021.4564397057088,10797349,-17.47259521484375,0.2269500227523671
2021-06-17,1008.1473999023438,1016.9519142263862,991.8807422543712,1001.0264608448158,15745975,1.8428955078125,0.2293943741706681
2021-06-18,1012.6974487304688,1016.951850443548,993.9054594499104,1012.6292078814683,29369026,4.550048828125,0.23542939800094898
2021-06-21,1017.9756469726562,1022.6394940703872,1001.0947614747922,1002.6190479059233,12186448,5.2781982421875,0.2424302134593792
2021-06-22,1012.7430419921876,1028.782290874014,1009.8309507322008,1025.5971158370016,12871913,-5.232604980468636,0.23548987129065813
2021-06-23,1003.460693359375,1024.04993135528,1001.79986523014,1023.7769679727584,16653951,-9.282348632812614,0.22317809238100517
2021-06-24,979.8683471679688,1007.669572262773,973.7257080355693,1004.1432535343796,91461975,-23.59234619140625,0.19188603885461486
2021-06-25,957.550048828125,979.8684182931346,946.9255377961272,979.8684182931346,55355022,-22.31829833984375,0.16228383733543206
2021-06-28,949.1550903320312,967.5830690553375,946.880034202098,965.535542609245,20277042,-8.39495849609375,0.15114906131611106
2021-06-29,949.9740600585938,959.6203313338768,948.2905450727716,950.7475767024226,27144063,0.8189697265625,0.15223531379444322
2021-06-30,960.37109375,965.831204114812,951.4528452867432,953.8188890996876,19762858,10.39703369140625,0.1660255715393757
2021-07-01,954.592529296875,966.0587979305756,953.2502184775108,963.715500911565,12534407,-5.778564453125,0.15836108803672388
2021-07-02,968.7432861328124,970.4951021153942,952.3173409366495,954.1601447164786,14086620,14.150756835937386,0.1771301513912782
2021-07-05,978.3668823242188,979.891168748786,969.8581385815544,972.1104477919256,11702287,9.623596191406364,0.18989454899271507
2021-07-06,966.8095703125,977.775345876362,964.7165499262376,975.9780960314432,10070124,-11.55731201171875,0.17456533912279415
2021-07-07,960.09814453125,968.1518891821572,954.6152867923088,968.1518891821572,10454892,-6.71142578125,0.1656635413498464
2021-07-08,952.1581420898438,963.2377120648708,946.880007204719,963.2377120648708,11185460,-7.94000244140625,0.15513220294965557
2021-07-09,942.4208984375,951.7486525291566,940.1003484340648,950.0650773140198,9037675,-9.73724365234375,0.14221706737574502
2021-07-12,948.2905883789062,956.2077909534228,943.9224517127792,946.3112426024384,8585292,5.86968994140625,0.15000241650294233
2021-07-13,955.3887329101562,956.9130192420056,950.087790995972,955.525214607773,6717133,7.09814453125,0.15941714434763776
2021-07-14,949.1550903320312,958.6420731903104,946.9937689554592,955.6844881859736,8532544,-6.233642578125,0.15114906131611106
2021-07-15,947.4943237304688,953.2502049164672,945.7425076403308,953.2502049164672,9448356,-1.6607666015625,0.14894627923715587
2021-07-16,961.1674194335938,962.2367066615388,949.8831264283724,949.951367281346,8828185,13.673095703125,0.16708178976003452
2021-07-19,955.0474853515624,966.4455126172754,951.9989126340372,955.525231478772,8354449,-6.119934082031364,0.15896452565585384
2021-07-20,952.7041015625,959.1653183707836,948.2450375383124,955.2976750301372,6741464,-2.3433837890623863,0.1558563442835863
2021-07-22,964.9439697265624,966.4000152300578,954.683470529445,964.1704530749702,7972397,12.239868164062386,0.1720908724919472
2021-07-23,958.1188354492188,971.2004383163172,956.4580071605648,971.2004383163172,9937030,-6.825134277343636,0.16303825579165343
2021-07-26,944.9917602539062,965.0805075916204,942.3754396207584,959.1653976108204,12389668,-13.1270751953125,0.14562696755757787
2021-07-27,935.0496826171876,948.1085383406383,929.1345728588084,944.9689777697636,10824523,-9.942077636718636,0.1324401474317758
2021-07-28,927.018798828125,936.41479430891,917.4180206049048,936.41479430891,12897848,-8.030883789062614,0.12178826722652913
2021-07-29,934.25341796875,943.8769425785124,929.7715466212894,934.5946824013536,13765738,7.234619140625,0.1313840101659891
2021-07-30,926.0860595703124,940.94216603729,924.1749545520308,936.4148004933196,11350608,-8.167358398437614,0.12055111486597792
2021-08-02,943.012451171875,946.1520117827724,928.7478263645152,934.7312372274596,10925104,16.926391601562614,0.14300168199938468
2021-08-03,949.9512939453124,951.4300863540562,939.235795896344,950.9750871922384,11817299,6.938842773437386,0.15220511762702493
2021-08-04,957.2315673828124,961.8954143261994,949.6100753022612,952.9771655453944,13169800,7.2802734375,0.1618614148110662
2021-08-05,971.1094360351562,980.4598768953388,957.4590392491626,962.0318984025092,21252078,13.877868652343864,0.18026852893096423
2021-08-06,950.5429077148438,976.8880893431024,945.8562535112904,969.1528622918456,16620987,-20.5665283203125,0.15298981320553695
2021-08-09,945.1282348632812,950.8841763192498,940.282351981684,946.8800509816786,7494143,-5.4146728515625,0.1458079826523424
2021-08-10,950.0877685546876,961.4403616289128,943.5811181110124,947.3349664779624,11919198,4.959533691406364,0.1523861327217897
2021-08-11,963.3969116210938,964.6254274166216,947.972012709084,954.1373988131746,9184963,13.309143066406136,0.1700389093403385
2021-08-12,960.3029174804688,967.4466034758628,957.800331624984,966.8550623942888,8137612,-3.093994140625,0.1659351449468658
2021-08-13,976.2965698242188,978.2304217625798,959.597659645994,963.397002314041,12780901,15.99365234375,0.18714855971972133
2021-08-16,988.9686279296876,1002.3914951366928,968.3338340297282,977.980105672493,21935444,12.672058105468864,0.20395632937979435
2021-08-17,984.7598266601562,994.2923038234344,977.297622981309,986.8529072733436,12658169,-4.208801269531364,0.19837392424129718
2021-08-18,988.5819091796876,995.020319457164,979.4589373887336,989.1961972236584,10075860,3.8220825195313637,0.20344339930804667
2021-08-20,977.4796752929688,988.2861624618477,972.3607686087786,975.0908240910233,9426282,-11.102233886718864,0.18871778896700064
2021-08-23,983.895263671875,989.1961455676026,970.2221199980744,989.1961455676026,9854395,6.41558837890625,0.19722719847325587
2021-08-24,993.6098022460938,997.3863978639248,980.8239096504692,985.123805492856,11864472,9.71453857421875,0.21011221883462072
2021-08-25,1002.20947265625,1010.1267354530132,991.9717199859176,994.383318017174,13380559,8.59967041015625,0.22151851749608853
2021-08-26,1014.8815307617188,1021.4564824929126,1003.3014677332652,1004.666525440298,18589616,12.67205810546875,0.23832628715616155
2021-08-27,1013.4937133789062,1020.4782304762028,1008.3293734966592,1017.8618498448702,10480636,-1.3878173828125,0.23648553526673544
2021-08-30,1032.990966796875,1035.5391065503322,1017.7708505413505,1023.7770080256,14027062,19.49725341796875,0.2623460025819748
2021-08-31,1027.4854736328125,1039.1337183154053,1020.2507393885752,1036.016904489164,26485463,-5.5054931640625,0.25504371117859703
2021-09-01,1031.5577392578125,1043.2970916409213,1029.6922485674477,1034.242360892605,11145486,4.072265625,0.2604450202674573
2021-09-02,1043.9796142578125,1050.0767599227504,1026.052128476792,1026.052128476792,9956770,12.421875,0.2769209559054193
2021-09-03,1086.796142578125,1089.753727352986,1047.6651320377116,1051.0776557907193,30664428,42.8165283203125,0.3337112846477748
2021-09-06,1103.67724609375,1128.4299004209945,1097.4889922462603,1097.944051619568,33641710,16.881103515625,0.35610178326583464
2021-09-07,1110.6387939453125,1118.4194539969155,1097.4888911294768,1105.6791166147452,17349882,6.9615478515625,0.3653353341060208
2021-09-08,1106.2933349609375,1116.599387104017,1095.0545376191697,1115.689388852755,14301651,-4.345458984375,0.3595716710081416
2021-09-09,1103.67724609375,1109.2510915570197,1099.35460328716,1104.7237261918483,8963249,-2.6160888671875,0.35610178326583464
2021-09-13,1079.083740234375,1107.0441939852174,1077.4912130774987,1107.0441939852174,16311160,-24.593505859375,0.32348182696689376
2021-09-14,1077.6732177734375,1089.2987144742633,1076.5583765209813,1080.6535496243034,8908356,-1.4105224609375,0.32161095986492216
2021-09-15,1082.155029296875,1090.0949179081745,1077.695905241629,1077.695905241629,9071075,4.4818115234375,0.32755547614782077
2021-09-16,1104.860107421875,1108.750437452325,1077.013388880378,1083.6338341939222,13448882,22.705078125,0.35767068869362406
2021-09-17,1087.72900390625,1117.441336518829,1080.9265822690463,1112.9594649804742,34882133,-17.131103515625,0.3349485989180707
2021-09-20,1089.4581298828125,1100.3783514488218,1078.3785593037169,1079.3340516110384,11779819,1.7291259765625,0.3372420504541529
2021-09-21,1094.16748046875,1099.5820973964808,1084.7486779581968,1094.3039621775245,9915736,4.7093505859375,0.3434883665014892
2021-09-22,1105.9068603515625,1111.139381442334,1091.2326692117997,1095.6690469817631,10995912,11.7393798828125,0.35905906475588356
2021-09-23,1132.9344482421875,1136.1649964932392,1112.731907489886,1113.596411926489,15748397,27.027587890625,0.3949075013675303
2021-09-24,1129.6583251953125,1140.009872555042,1124.7897556991463,1139.1453680882423,15192163,-3.276123046875,0.39056216763471174
2021-09-27,1148.6551513671875,1151.1350506158344,1126.2914067039237,1131.6150360883155,15373834,18.996826171875,0.41575888595085675
2021-09-28,1159.3934326171875,1167.0603586138618,1143.354184437372,1153.0004562253168,18035258,10.73828125,0.43000176238757293
2021-09-29,1150.2022705078125,1169.380959813766,1146.6531442405346,1169.380959813766,9719875,-9.191162109375,0.41781093005733805
2021-09-30,1146.2889404296875,1153.273457399079,1137.6892697076169,1148.9053210131074,13590654,-3.913330078125,0.41262042745629834
2021-10-01,1148.3138427734375,1155.6395643825465,1135.2550471541776,1138.417354693103,8958928,2.02490234375,0.41530618630420046
2021-10-04,1163.0789794921875,1171.587662580675,1154.38820045178,1161.645680951927,10918552,14.76513671875,0.4348901414046853
2021-10-05,1187.2174072265625,1188.4914771861918,1159.0748554855732,1162.6012346483487,13533634,24.138427734375,0.46690649817475105
2021-10-06,1164.7625732421875,1192.1087413964174,1160.78125500237,1192.1087413964174,10258881,-22.454833984375,0.43712320060593113
2021-10-07,1170.472900390625,1182.4624681330135,1168.334326130549,1180.7560859021985,6336665,5.7103271484375,0.44469717656120067
2021-10-08,1215.450927734375,1221.4343385648035,1174.613532001241,1176.3197940015025,15772493,44.97802734375,0.5043544411559677
2021-10-11,1206.9876708984375,1237.632749168865,1203.666134554231,1229.1695592932124,14768666,-8.4632568359375,0.49312907663439187
2021-10-12,1213.8809814453125,1220.7972576970285,1201.800425485858,1203.5068077762007,6682011,6.893310546875,0.5022721199271958
2021-10-13,1226.234619140625,1237.4051767394146,1214.563508294983,1218.9771386553036,9959762,12.3536376953125,0.5186575480177755
2021-10-14,1228.714599609375,1236.4726346162877,1222.7084410771852,1228.6918526559728,8623469,2.47998046875,0.5219469063945525
2021-10-18,1231.9906005859375,1249.0079672854492,1211.3784935963072,1214.24509076485,13594479,3.2760009765625,0.5262920782176264
2021-10-19,1243.0245361328125,1251.897290898018,1232.1725560059265,1239.3616754056989,8833409,11.033935546875,0.5409271000564175
2021-10-20,1228.714599609375,1247.9843983515675,1224.6650401325276,1247.9843983515675,12710570,-14.3099365234375,0.5219469063945525
2021-10-21,1193.2691650390625,1241.272938403372,1184.4873969552518,1240.9999749681544,20831669,-35.4454345703125,0.4749333356864218
2021-10-22,1195.4986572265625,1212.56163907253,1188.2639230760203,1192.1315066188683,11027475,2.2294921875,0.4778904552667258
2021-10-25,1183.8502197265625,1219.4322268467454,1169.3808726672285,1219.4322268467454,17198417,-11.6484375,0.4624403797722596
2021-10-26,1210.809814453125,1214.3816877777629,1184.464630979062,1190.81211393416,9750178,26.9595947265625,0.4981986326560137
2021-10-27,1195.4986572265625,1217.976256032517,1192.1087596672703,1206.691962726344,9896298,-15.3111572265625,0.4778904552667258
2021-10-28,1182.39404296875,1200.298779292571,1178.708556028044,1192.1313011797697,9886181,-13.1046142578125,0.46050895842570627
2021-10-29,1154.0244140625,1181.2795964610077,1138.3037421282204,1181.2795964610077,14233025,-28.36962890625,0.42288048607895967
2021-11-01,1154.7296142578125,1163.0108284889366,1134.845529109983,1154.0243384080532,15481114,0.7052001953125,0.4238158386750732
2021-11-02,1137.8939208984375,1159.3705299389735,1135.3686486246918,1158.0054723596763,10569130,-16.835693359375,0.401485570482105
2021-11-03,1130.06787109375,1146.6302984409235,1119.7845647630193,1140.2828162204378,11989430,-7.8260498046875,0.3911053748287503
2021-11-04,1137.0067138671875,1139.7595760808606,1132.9799021702054,1134.3220924997154,1705656,6.9388427734375,0.40030881045639055
2021-11-08,1138.417236328125,1146.6302085077364,1117.6913966426866,1146.3571247756795,20337183,1.4105224609375,0.40217967755836237
2021-11-09,1147.40380859375,1150.6798507830365,1131.637644937905,1139.805123815544,15682497,8.986572265625,0.4140991491561954
2021-11-10,1160.235107421875,1163.920714976533,1139.1908094185892,1145.1287260147478,10253470,12.831298828125,0.431118130078451
2021-11-11,1162.35107421875,1169.6084350981216,1153.7057882040397,1155.7533749476677,10722478,2.115966796875,0.43392467359602604
2021-11-12,1179.8916015625,1182.462488249801,1163.4656563781518,1166.1502778119302,8712341,17.54052734375,0.4571898086558732
2021-11-15,1172.929931640625,1184.0322480185664,1169.3808058406628,1183.031141558392,4803269,-6.961669921875,0.4479560959059423
2021-11-16,1145.6748046875,1171.6559135252794,1135.255016670807,1170.3136027722971,11337581,-27.255126953125,0.41180585952985793
2021-11-17,1121.149658203125,1137.0523041547756,1119.7846004549367,1137.0523041547756,10202029,-24.525146484375,0.37927657268804427
2021-11-18,1125.3812255859375,1132.5249718442826,1114.8022082606076,1119.3295736996563,8505625,4.2315673828125,0.3848891739939597
2021-11-22,1075.5347900390625,1114.3246032878988,1069.7333541956211,1108.4549265855226,24124307,-49.846435546875,0.3187746249542909
2021-11-23,1085.5904541015625,1092.597718814344,1050.6228528101806,1061.5658216102945,25326999,10.0556640625,0.3321121020976947
2021-11-24,1069.9151611328125,1096.5333013250884,1066.3432887089373,1082.9284607430122,16820296,-15.67529296875,0.31132094793945986
2021-11-25,1134.3221435546875,1138.4400635861748,1072.5315589664726,1079.7435455818988,42401936,64.406982421875,0.39674809134721145
2021-11-26,1097.761962890625,1127.33768989774,1092.7112978197426,1122.8785658449294,15763138,-36.5601806640625,0.3482559608489286
2021-11-29,1110.9117431640625,1137.530005740277,1091.6192015688714,1109.8197692785918,24325354,13.1497802734375,0.3656973642955499
2021-11-30,1094.48583984375,1126.56421376736,1086.9553960411952,1122.9695939867834,32172299,-16.4259033203125,0.34391062711610987
2021-12-01,1122.5147705078125,1125.699825172228,1103.4496957163708,1107.044315866843,10104610,28.0289306640625,0.38108720936492446
2021-12-02,1129.7266845703125,1135.8010837797613,1120.057665060323,1123.7432731717324,12720411,7.2119140625,0.39065283709183873
2021-12-03,1095.7825927734375,1136.8474535768446,1092.028744565764,1136.801959680644,19222481,-33.944091796875,0.34563059433586285
2021-12-06,1075.0113525390625,1103.404119692969,1072.5315739182363,1099.309066908383,10332254,-20.771240234375,0.31808035596828876
2021-12-07,1083.7703857421875,1093.8488493527543,1073.8284038337267,1081.1768723394634,11235122,8.759033203125,0.32969802780168433
2021-12-08,1100.2646484375,1106.4982760975693,1094.8955253046402,1102.9947640848918,8744178,16.4942626953125,0.35157543443825134
2021-12-09,1117.71435546875,1126.1093048249602,1103.404235637729,1107.9543482561612,13213547,17.44970703125,0.3747201086479153
2021-12-10,1118.851806640625,1122.0596079618992,1105.8383850496557,1110.343003210938,8364414,1.137451171875,0.3762287836506131
2021-12-13,1096.419677734375,1125.7451889893634,1093.8487910647625,1125.4722255996962,12901733,-22.43212890625,0.3464756012943391
2021-12-14,1082.996826171875,1094.758924705155,1079.925506579218,1082.928585323525,12991523,-13.4228515625,0.3286720057484438
2021-12-15,1079.8345947265625,1094.3039423247055,1074.3288697386265,1084.7486582787296,9366969,-3.1622314453125,0.3244777338075886
2021-12-16,1093.8033447265625,1099.0814796358936,1077.764217447417,1094.6223552854042,9761279,13.96875,0.34300538973254224
2021-12-17,1064.932861328125,1095.6689246022736,1055.6277943848347,1091.1415595298963,21049821,-28.8704833984375,0.3047126017025945
2021-12-20,1036.2215576171875,1054.6494737766875,1022.4573675126572,1054.6494737766875,14325846,-28.7113037109375,0.266630943979957
2021-12-21,1051.646484375,1067.458141823185,1042.9785726603925,1051.6919782743073,12836561,15.4249267578125,0.28709002125146377
2021-12-22,1076.60400390625,1079.243131836174,1056.5380624164334,1057.8575060271485,17658543,24.95751953125,0.3201927924096064
2021-12-23,1076.217041015625,1082.9284735990054,1072.9409992159044,1080.19835852976,9072401,-0.386962890625,0.31967953851836883
2021-12-24,1079.652587890625,1088.3887407376528,1063.6133400712515,1078.3785179602155,7886494,3.435546875,0.3242363263779877
2021-12-27,1078.4921875,1082.0185663686743,1068.413724480792,1074.5336166000147,4017223,-1.160400390625,0.3226972123432543
2021-12-28,1091.30078125,1094.2356191315223,1079.766272622182,1080.9264873926504,6374613,12.80859375,0.33968607805296425
2021-12-29,1093.16650390625,1100.674201497558,1083.8841830224792,1087.9338625439975,15425312,1.86572265625,0.3421607065935559
2021-12-30,1073.4189453125,1094.2812707813944,1067.276305271878,1092.02896140955,29333171,-19.74755859375,0.3159682433464608
2021-12-31,1077.5367431640625,1084.703115610681,1073.828388538488,1079.7435583793856,9477290,4.1177978515625,0.3214299447701574
2022-01-03,1093.7806396484375,1095.6462506930534,1075.4437086416906,1076.1034905748938,5421611,16.243896484375,0.3429752745199963
2022-01-04,1118.465087890625,1119.7846517979926,1093.848914455948,1099.2636517956478,10847728,24.6844482421875,0.37571585357886517
2022-01-05,1123.69775390625,1127.0649046036283,1107.0215901475167,1120.239735754301,11643813,5.232666015625,0.38265627670245883
2022-01-06,1099.5364990234375,1116.5994791465537,1096.1238548571223,1115.3254092772324,14447422,-24.1612548828125,0.35060964281010243
2022-01-07,1108.4093017578125,1118.4422714413886,1097.2842377517782,1106.111498715673,13112115,8.872802734375,0.3623782145257166
2022-01-10,1109.3193359375,1117.9646215781718,1099.3318598320666,1115.6895654128748,9246731,0.9100341796875,0.3635852516737219
2022-01-11,1117.304931640625,1126.1320732620725,1107.9543693940095,1108.4094288062329,16205164,7.985595703125,0.37417706336362166
2022-01-12,1147.1307373046875,1148.8826135216357,1121.6045672988505,1124.4711644227357,14800442,29.8258056640625,0.4137369570569214
2022-01-13,1153.592041015625,1156.1856749337926,1141.3522552982324,1147.19918473575,11856712,6.4613037109375,0.4223070017626305
2022-01-14,1155.275390625,1168.1522095010407,1149.2919803342058,1153.4553940360954,19930176,1.683349609375,0.42453973714438664
2022-01-17,1161.3043212890625,1167.1057561240766,1154.3654186486065,1154.82047798332,8036453,6.0289306640625,0.43253629753376654
2022-01-18,1147.4493408203125,1165.9000062324892,1144.6964783846606,1162.4419883292344,6215029,-13.85498046875,0.41415954149103174
2022-01-19,1147.3583984375,1156.6405988874542,1141.625203833563,1151.1804880553775,9755485,-0.0909423828125,0.41403891873110377
2022-01-20,1127.2696533203125,1142.0575796806486,1117.0545865844654,1137.5529609143537,16494486,-20.0887451171875,0.3873939177470973
2022-01-21,1127.4515380859375,1138.5538554378695,1115.6895591579548,1115.6895591579548,13338594,0.181884765625,0.38763516326695346
2022-01-24,1081.97314453125,1139.6914253053906,1071.5988501296624,1126.1547030087693,21868937,-45.4783935546875,0.3273142306279646
2022-01-25,1079.8572998046875,1086.8644436444313,1048.802657948011,1069.0734401117095,24510205,-2.1158447265625,0.3245078490201345
2022-01-27,1063.863525390625,1072.0537511885557,1051.5554999211186,1062.9080331478983,20020431,-15.9937744140625,0.30329427233753403
2022-01-28,1062.83984375,1081.0630398643073,1059.4500666597933,1076.103482458547,14667727,-1.023681640625,0.30193649721705484
2022-01-31,1085.931640625,1094.9408766634326,1072.0992089277,1073.9193259070898,12143683,23.091796875,0.33256463983460605
2022-02-01,1082.3370361328125,1101.4019884840088,1067.958677458383,1095.668914786197,13200509,-3.5946044921875,0.32779688357742187
2022-02-02,1084.5438232421875,1095.2138271372608,1080.6989871423398,1095.2138271372608,10017691,2.206787109375,0.33072388794518015
2022-02-03,1070.529541015625,1092.6886822523618,1068.0042683536662,1088.3887863228124,9572839,-14.0142822265625,0.31213583968539016
2022-02-04,1060.76953125,1068.573059435484,1056.1284310635565,1065.183161923649,11061241,-9.760009765625,0.2991905079440613
2022-02-07,1054.308349609375,1072.372315976767,1048.8026250078512,1065.638135750538,10714467,-6.461181640625,0.29062062514809694
2022-02-08,1072.031005859375,1073.8283759531455,1051.077695211511,1060.4737500675897,12060849,17.72265625,0.31412732954728995
2022-02-09,1084.521240234375,1086.2047554004216,1072.918489334838,1078.9017802245178,11486225,12.490234375,0.3306939346423792
2022-02-10,1083.4063720703125,1090.0721909727154,1076.1488917844267,1090.0721909727154,12464491,-1.1148681640625,0.32921521294248235
2022-02-11,1081.2906494140625,1084.976257286365,1066.5937118273357,1079.857350777376,15943370,-2.11572265625,0.326408993244397
2022-02-14,1064.0684814453125,1071.5306852913077,1052.442863231321,1064.841998172486,10719633,-17.22216796875,0.3035661187991705
2022-02-15,1100.1964111328125,1102.9037798370225,1062.7716573911962,1069.824295697398,11212671,36.1279296875,0.3514849268908691
2022-02-16,1097.9212646484375,1107.0442358991004,1090.1860980638264,1105.6791781831728,10392840,-2.275146484375,0.3484672530659838
2022-02-17,1111.8218994140625,1117.0090469039765,1096.5790346237516,1101.174641012644,12853252,13.900634765625,0.3669045633532999
2022-02-18,1103.1312255859375,1117.6915612787002,1101.1973736454247,1112.2314504381943,6775458,-8.690673828125,0.35537756097703155
2022-02-21,1091.9832763671875,1109.0917498883975,1085.0216268966433,1097.488880416598,11107193,-11.14794921875,0.34059131543653187
2022-02-22,1087.023681640625,1090.1633625619224,1067.9814753307442,1070.5977356852184,13494914,-4.9595947265625,0.3340130844122122
2022-02-23,1080.2213134765625,1095.0092390254035,1077.468571284383,1092.5294602510214,7310110,-6.8023681640625,0.3249906638793365
2022-02-24,1026.393310546875,1064.6826864402094,1020.7739713257804,1048.8026672886117,24846650,-53.8280029296875,0.2535951046912459
2022-02-25,1039.224853515625,1050.1450756675365,1035.7212210618118,1037.4729771115954,14570089,12.83154296875,0.2706144094329914
2022-02-28,1073.62353515625,1077.1726610969984,1020.5919703644312,1020.5919703644312,21297446,34.398681640625,0.31623960407886287
2022-03-02,1091.369140625,1092.483981972098,1059.8140635885236,1062.2028545911362,21471786,17.74560546875,0.33977674751009124
2022-03-03,1082.155029296875,1098.7856965324477,1078.4011810031334,1092.0287696037128,10186748,-9.214111328125,0.32755547614782077
2022-03-04,1058.1531982421875,1075.7848524224223,1055.787154408625,1070.643199306108,10805667,-24.0018310546875,0.2957202963822645
2022-03-07,1019.0222778320312,1052.0334004268125,1011.0367738665514,1036.835909210037,17983310,-39.13092041015625,0.24381842761189376
2022-03-08,1017.1793823242188,1021.9570845268836,991.9262347785384,1006.2591006780564,21289374,-1.8428955078125,0.24137407619359275
2022-03-09,1071.143798828125,1077.01347494328,1016.565078233395,1017.406956117863,20414228,53.96441650390625,0.3129505695215755
2022-03-10,1088.50244140625,1094.3038764083778,1073.8283721325647,1092.028820377732,17980493,17.358642578125,0.3359744590615663
2022-03-11,1091.64208984375,1097.0340801861346,1081.1313132856126,1081.1313132856126,12257423,3.1396484375,0.34013877769962053
2022-03-14,1100.6058349609375,1103.1312280003071,1080.1985698532058,1086.0682461878607,8340678,8.9637451171875,0.3520279721751629
2022-03-15,1075.3980712890625,1104.7463279779463,1065.114765849993,1104.7463279779463,15925769,-25.207763671875,0.31859328604003667
2022-03-16,1093.55322265625,1095.6235563592827,1081.6091471404573,1083.8387095081289,11149828,18.1551513671875,0.3426736366653038
2022-03-17,1129.203369140625,1136.3469946247096,1098.8994972340938,1106.9304944761457,21422098,35.650146484375,0.38995873001558157
2022-03-21,1122.69677734375,1130.2499690830257,1109.7744623583417,1112.0495186610842,11999466,-6.506591796875,0.38132861679452557
2022-03-22,1151.703857421875,1153.4328665457272,1116.417676927256,1119.3751418583722,22557065,29.007080078125,0.4198025818289828
2022-03-23,1155.3665771484375,1167.0376894069475,1147.9954813767026,1147.9954813767026,15462187,3.6627197265625,0.4246606837238045
2022-03-24,1173.3165283203125,1175.8191739001288,1142.0800356544312,1142.0800356544312,13168266,17.949951171875,0.4484688640679453
2022-03-25,1181.1429443359375,1190.3114093068612,1172.5659000566366,1175.0685459381182,14222488,7.826416015625,0.4588495454505346
2022-03-28,1193.0189208984375,1196.5679268909803,1176.88868384816,1187.581436439095,9891424,11.8759765625,0.47460142070943845
2022-03-29,1193.2918701171875,1200.321761515582,1186.3984604316122,1200.321761515582,8684065,0.27294921875,0.4749634508989675
2022-03-30,1216.224609375,1223.0725256096823,1190.812170111679,1201.18646593222,15811550,22.9327392578125,0.5053806251189532
2022-03-31,1198.8428955078125,1214.7456618708436,1196.0446595036312,1212.584340487485,13223718,-17.3817138671875,0.4823261346371819
2022-04-01,1208.4437255859375,1212.675380732678,1193.041632181676,1199.4117414992725,7922880,9.600830078125,0.49506033607120026
2022-04-04,1212.0155029296875,1217.157156093152,1201.9825334062043,1208.2616544203254,7929162,3.57177734375,0.4997978152060938
2022-04-05,1194.8843994140625,1214.836726034793,1192.450114468768,1206.282427766636,13149870,-17.131103515625,0.47707572543054044
2022-04-06,1191.69921875,1198.7291094168588,1177.1616311168914,1177.1616311168914,12257215,-3.1851806640625,0.4728510144576499
2022-04-07,1170.6778564453125,1185.7614936648845,1168.015981475152,1180.8018153339476,15496499,-21.0213623046875,0.44496902302283714
2022-04-08,1190.1522216796875,1194.4066235414564,1164.8307737717014,1164.8307737717014,15152495,19.474365234375,0.4707991322609135
2022-04-11,1187.6724853515625,1200.572052745213,1175.296097837182,1183.03126481227,9254209,-2.479736328125,0.46751009770362617
2022-04-12,1165.30859375,1184.2143186613282,1162.737706900729,1177.116066491659,13217742,-22.3638916015625,0.4378474228947342
2022-04-13,1161.0313720703125,1179.664132404293,1158.2330158892628,1171.4284128604863,10354235,-4.2772216796875,0.4321742673442375
2022-04-18,1157.482177734375,1164.7396576746369,1147.4492090807853,1152.545367902538,9974224,-3.5491943359375,0.4274667415121449
2022-04-19,1201.5958251953125,1213.9722131143635,1160.7585471967582,1163.920854944009,26141820,44.1136474609375,0.48597752320348797
2022-04-20,1236.9273681640625,1244.0028730390352,1205.3722941596611,1209.0124078704498,25072240,35.33154296875,0.5328400321196554
2022-04-21,1265.88916015625,1269.028721194779,1243.0929814877395,1251.692774267279,21708633,28.9617919921875,0.5712539286387659
2022-04-22,1255.2872314453125,1274.9437261640835,1248.6440386176955,1255.3327253469529,15054154,-10.6019287109375,0.5571919053870693
2022-04-25,1226.2574462890625,1255.1051538112451,1211.9928211860372,1247.825046254362,17063215,-29.02978515625,0.5186878251400662
2022-04-26,1262.9542236328125,1271.7587383126895,1232.0361813234292,1233.0826614702617,12227666,36.69677734375,0.5673611326428585
2022-04-27,1264.1826171875,1286.773947901071,1253.580733766915,1253.9448053007873,19338945,1.2283935546875,0.5689904304054845
2022-04-28,1283.0657958984375,1297.2394339221792,1267.7090756457555,1278.56117721433,25614076,18.8831787109375,0.5940364107491558
2022-04-29,1269.597412109375,1299.5827089210004,1263.7049887259216,1299.5827089210004,18214862,-13.4683837890625,0.576172422868424
2022-05-02,1265.13818359375,1276.5362108883514,1254.9458650066724,1256.7432351242765,9467006,-4.459228515625,0.5702578598883261
2022-05-04,1225.64306640625,1269.4835388914837,1217.748671405608,1267.2084828840266,19247660,-39.4951171875,0.5178729333941359
2022-05-05,1201.6412353515625,1242.18280014838,1197.591676403661,1239.2252151754035,17210669,-24.0018310546875,0.4860377536285796
2022-05-06,1192.42724609375,1209.8769247815503,1180.0963532492094,1188.582409796725,19649948,-9.2139892578125,0.47381664417605407
2022-05-09,1145.8568115234375,1181.711782557566,1140.715158224648,1171.6331985147317,18083752,-46.5704345703125,0.41204726695945904
2022-05-10,1125.9954833984375,1149.633416525882,1118.419545268301,1135.255056944122,19511677,-19.861328125,0.3857039038301451
2022-05-11,1114.4609375,1130.6821606199796,1102.0163098457965,1125.0854480941018,16643899,-11.5345458984375,0.37040489012764244
2022-05-12,1091.7559814453125,1107.8860980458353,1078.3786071325271,1104.5418146447614,20490321,-22.7049560546875,0.3402898394915841
2022-05-13,1104.1322021484375,1127.5197990708434,1099.0132956252585,1103.8592387327842,19308778,12.376220703125,0.3567052208849648
2022-05-16,1104.4051513671875,1128.8847193240686,1099.6047027471154,1107.7039403213955,13437911,0.27294921875,0.3570672510744939
2022-05-17,1150.7935791015625,1155.685015762583,1106.5891549718588,1107.9997065605392,16551828,46.388427734375,0.4185952208614878
2022-05-18,1154.979736328125,1169.3808421611643,1141.2839062872033,1155.5712773721964,17276788,4.1861572265625,0.42414759174231165
2022-05-19,1128.3614501953125,1143.2176150806663,1122.0823293936187,1130.2498080381897,14699118,-26.6182861328125,0.3888420385052138
2022-05-20,1194.1563720703125,1203.2338502041005,1138.440180194292,1143.2177622581032,21793091,65.794921875,0.47611009571213625
2022-05-23,1186.1708984375,1207.3971730449673,1179.8461630484092,1197.364082975496,15252755,-7.9854736328125,0.46551844593198144
2022-05-24,1190.2432861328125,1200.3217504414995,1181.9848186867473,1186.2164738705717,13527818,4.0723876953125,0.47091991693058644
2022-05-25,1188.491455078125,1208.8304783808387,1183.713752995507,1198.956737262974,12714544,-1.7518310546875,0.46859635018195833
2022-05-26,1177.16162109375,1198.9111951609143,1159.37061802393,1194.1334932703796,17882023,-11.329833984375,0.4535688591216025
2022-05-27,1171.701416015625,1185.3744993862058,1155.7760235250337,1179.868894988702,16521973,-5.460205078125,0.4463266362335714
2022-05-30,1212.51611328125,1216.7021540363792,1180.392243237482,1189.8564191042008,13853398,40.814697265625,0.5004618070698053
2022-05-31,1197.8873291015625,1218.886133257268,1190.1749097343077,1201.8686470065388,70620653,-14.6287841796875,0.48105870515434024
2022-06-01,1198.274169921875,1208.1479107227306,1190.4024014083636,1198.638121118035,9776989,0.3868408203125,0.48157179713583287
2022-06-02,1239.58935546875,1243.2977103658052,1198.501741229144,1198.501741229144,22126569,41.315185546875,0.5363707979260335
2022-06-03,1264.705810546875,1281.9280190654465,1247.6428306711036,1248.552949338414,23939791,25.116455078125,0.5696843755719969
2022-06-06,1259.2685546875,1280.403842003274,1252.102061607887,1264.9335082984549,11093152,-5.437255859375,0.5624725917160014
2022-06-07,1261.634521484375,1269.9839758549958,1252.215840132052,1260.337704653236,12358255,2.365966796875,0.5656107263910699
2022-06-08,1239.4755859375,1265.3884552322884,1235.949206752914,1261.6346065371608,12479250,-22.158935546875,0.5362198980438146
2022-06-09,1273.4649658203125,1275.3986973973456,1233.082627965682,1233.082627965682,17278305,33.9893798828125,0.5813022093151372
2022-06-10,1235.0164794921875,1269.4381532361936,1229.215044054509,1261.24792684013,18093057,-38.448486328125,0.5303054969734617
2022-06-13,1211.6513671875,1216.1559851600953,1190.4478410589338,1205.7818119372728,17620803,-23.3651123046875,0.49931483843714686
2022-06-14,1195.8170166015625,1215.7238471836963,1189.151077141205,1205.804612494347,14714312,-15.8343505859375,0.4783127158813465
2022-06-15,1181.3477783203125,1200.0032876716657,1175.933161306616,1191.0167974504632,11195535,-14.46923828125,0.45912123000242633
2022-06-16,1164.830810546875,1209.8997420887065,1162.1006949883244,1193.4965424947006,17111475,-16.5169677734375,0.4372137081533134
2022-06-17,1178.48095703125,1194.3381068780648,1163.056119541174,1164.8306221546918,24457187,13.650146484375,0.45531877964415646
2022-06-20,1157.118408203125,1190.8120593552974,1147.1308115234451,1185.3063342518617,12066797,-21.362548828125,0.4269842504724326
2022-06-21,1175.796630859375,1180.0281654943678,1150.4069416324685,1164.830795221328,11720049,18.67822265625,0.45175838435446725
2022-06-22,1140.0782470703125,1164.0573868656688,1137.9851663317936,1163.9663990536787,10617206,-35.7183837890625,0.4043827834568072
2022-06-23,1121.581787109375,1148.905326422505,1112.5043100555831,1144.377961370299,19446323,-18.4964599609375,0.3798497331848838
2022-06-24,1137.5528564453125,1142.5351607614082,1122.9696539988313,1128.429884986889,14240234,15.9710693359375,0.4010331946549386
2022-06-27,1134.1856689453125,1157.9828298757552,1129.135003587969,1157.9828298757552,15474529,-3.3671875,0.3965670762524469
2022-06-28,1150.1339111328125,1152.9777615415514,1129.38544140432,1129.38544140432,13572847,15.9482421875,0.41772026060021084
2022-06-29,1173.9991455078125,1181.6661910990751,1137.9849487932977,1140.806051842701,19205146,23.865234375,0.44937426336125785
2022-06-30,1181.0518798828125,1190.2658381550734,1167.560773223342,1173.9308815535303,23112959,7.052734375,0.45872876078086167
2022-07-01,1095.9874267578125,1179.391106293829,1076.103462886294,1171.610445710058,81997149,-85.064453125,0.3459022788877546
2022-07-04,1098.2625732421875,1111.1393942579136,1076.6039843933402,1082.450913964659,41857728,2.275146484375,0.3489199527126401
2022-07-05,1107.157958984375,1121.5590649917854,1099.8094906293034,1102.4941121326235,17647327,8.8953857421875,0.36071847773105525
2022-07-06,1097.420654296875,1111.11648393539,1086.568674692882,1101.1745026432604,23943726,-9.7373046875,0.34780326120227234
2022-07-07,1086.6141357421875,1107.1578795789185,1080.6534724660446,1103.8135967687947,23301033,-10.8065185546875,0.33346987721817367
2022-07-08,1088.1158447265625,1100.2191487523794,1084.0889121323955,1100.2191487523794,19010108,1.501708984375,0.33546169089956335
2022-07-11,1102.9036865234375,1105.1331283386687,1078.3785026593284,1081.336087585235,13847467,14.787841796875,0.3550757612125941
2022-07-12,1101.3338623046875,1110.092882939669,1093.8489116704193,1093.8489116704193,10778989,-1.56982421875,0.3529936018935669
2022-07-13,1081.8138427734375,1107.499363443423,1079.7436294761944,1104.4507905221294,14224132,-19.52001953125,0.3271029384109094
2022-07-14,1090.7320556640625,1107.4765795757364,1081.540843303509,1086.5687619025882,16970315,8.918212890625,0.33893174055161523
2022-07-15,1092.847900390625,1098.8540583216684,1084.33921677306,1098.8540583216684,9603210,2.1158447265625,0.3417381221594453
2022-07-18,1102.1529541015625,1103.4041567519191,1088.5252438187729,1101.584159976362,15160908,9.3050537109375,0.354080016281644
2022-07-19,1108.909912109375,1113.4145306244031,1092.1653876854057,1092.1653876854057,16439888,6.7569580078125,0.3630422063894281
2022-07-20,1138.89501953125,1156.8679986086788,1131.2735877067614,1155.730530749646,23924246,29.985107421875,0.4028133922997832
2022-07-21,1131.2962646484375,1137.5300117770723,1122.651100250388,1134.7998965175696,16523230,-7.5987548828125,0.39273467259137607
2022-07-22,1138.940673828125,1144.9468316984942,1135.255066011831,1137.5301221641157,10969995,7.6444091796875,0.4028739465443645
2022-07-25,1101.31103515625,1122.7194053701078,1093.3938930172108,1122.7194053701078,23110452,-37.629638671875,0.35296332477127623
2022-07-26,1101.8116455078125,1112.003964591019,1097.193292295004,1101.629669898458,11303288,0.5006103515625,0.3536273166349877
2022-07-27,1100.7650146484375,1104.3140199617678,1092.938740621378,1101.106218869249,8655086,-1.046630859375,0.35223910248247314
2022-07-28,1118.0101318359375,1122.9469424061926,1101.5841851617515,1108.4093537574902,12496073,17.2451171875,0.3751124159597352
2022-07-29,1141.829833984375,1145.3107190485075,1121.149607208918,1126.0181765545474,15130683,23.8197021484375,0.40670602638594544
2022-08-01,1171.587646484375,1177.4573222630406,1140.9880650198957,1146.2434528105707,15700044,29.7578125,0.44617573635135277
2022-08-02,1176.046875,1186.5803984650074,1165.5360984864087,1170.5185233262116,13917913,4.459228515625,0.4520902993314504
2022-08-03,1185.9205322265625,1187.581300270372,1168.220637135406,1183.0311881851292,14250977,9.8736572265625,0.4651863690452531
2022-08-04,1170.245361328125,1191.107684300821,1153.455464512121,1187.5813052958538,14467127,-15.6751708984375,0.4443953767967632
2022-08-05,1153.0003662109375,1173.384882192994,1149.7925649671015,1172.1109326876474,13942438,-17.2449951171875,0.4215222252292461
2022-08-08,1168.083984375,1175.546187127536,1151.6352925910844,1151.6352925910844,10165178,15.0836181640625,0.44152860285409656
2022-08-10,1175.0684814453125,1178.435511229753,1163.4883590271854,1172.5203418043282,10724688,6.9844970703125,0.4507925927263181
2022-08-11,1178.981689453125,1187.5358669102814,1174.0220116644236,1184.4418001629217,8198226,3.9132080078125,0.45598293341761287
2022-08-12,1198.046630859375,1201.845973401522,1174.9321182963515,1178.617605730641,12650587,19.06494140625,0.4812699973713954
2022-08-16,1206.373291015625,1209.1034064115306,1195.4530701404665,1204.052741070798,6607378,8.32666015625,0.4923141848884618
2022-08-17,1212.6754150390625,1218.0217913259337,1208.307278058384,1212.60717418195,6595965,6.3021240234375,0.5006730992868607
2022-08-18,1214.8746337890625,1218.3895770524823,1205.242530076721,1214.281162605974,7410035,2.19921875,0.5035900652504368
2022-08-19,1193.213623046875,1215.0569809988342,1189.1507309375147,1209.7159828214287,9460724,-21.6610107421875,0.474859666752506
2022-08-22,1189.904052734375,1201.1795211355932,1180.500282384016,1194.6517009933089,9471680,-3.3095703125,0.4704699697495929
2022-08-23,1208.2552490234375,1211.1768414672938,1182.9424687305054,1184.1522321085429,9678484,18.3511962890625,0.4948103474251211
2022-08-24,1205.0369873046875,1218.846089361482,1203.0284828486283,1205.1968562417935,10369622,-3.21826171875,0.49054175891137075
2022-08-25,1201.5220947265625,1215.6049306697223,1197.2081689286076,1209.2368579891631,7871946,-3.514892578125,0.48587972971758653
2022-08-26,1195.1080322265625,1209.715993824914,1190.0866510806784,1201.9554689456972,10742038,-6.4140625,0.4773723440831421
2022-08-29,1185.818359375,1211.9984634718255,1176.8710131510943,1180.0436382797463,19838975,-9.2896728515625,0.46505085058879714
2022-08-30,1204.215087890625,1207.5475818496643,1176.2090496696885,1193.282058957648,23139054,18.396728515625,0.4894516205991617
2022-09-01,1168.81396484375,1189.150886984996,1164.385933490136,1178.9710757031155,19909939,-35.401123046875,0.44249682312841854
2022-09-02,1155.1646728515625,1175.638520959865,1152.973478456532,1168.8139049237643,12999345,-13.6492919921875,0.42439288500578964
2022-09-05,1173.10498046875,1178.445978943139,1155.3928563937116,1155.3928563937116,11327815,17.9403076171875,0.4481882744800856
2022-09-06,1185.4532470703125,1189.6302455363334,1174.1093147173583,1174.5658588505653,10899618,12.3482666015625,0.4645665785418911
2022-09-07,1178.5601806640625,1184.563114237557,1173.1963605855797,1175.478839783805,7488501,-6.89306640625,0.4554238590685771
2022-09-08,1180.2261962890625,1185.978096162653,1173.6527344300007,1181.5272442598816,7057077,1.666015625,0.45763360326656155
2022-09-09,1172.8768310546875,1191.4561604892992,1170.4573041604865,1191.4561604892992,8314850,-7.349365234375,0.44788566516692385
2022-09-12,1186.0009765625,1192.3691689901582,1173.447281793324,1173.447281793324,7435419,13.1241455078125,0.4652930675671225
2022-09-13,1195.906982421875,1200.449119404543,1187.3477160754526,1195.1081207827935,8888657,9.906005859375,0.4784320433633156
2022-09-14,1181.5728759765625,1191.4560105895346,1174.4515854442564,1175.478658663779,8678219,-14.3341064453125,0.45941979157196644
2022-09-15,1169.8638916015625,1188.5116835520153,1167.1476896556203,1179.1307346574977,10365600,-11.708984375,0.4438894088440446
2022-09-16,1140.8763427734375,1165.4359048168926,1137.133067391258,1161.213264147553,20217708,-28.987548828125,0.40544134936876675
2022-09-19,1142.3599853515625,1151.6040077939597,1132.7278822878002,1140.876367867208,7580254,1.483642578125,0.4074092004079155
2022-09-20,1142.54248046875,1158.4514907194557,1138.822026415054,1151.4898271317024,8411448,0.1824951171875,0.40765125547649594
2022-09-21,1145.6925048828125,1156.3060391967588,1138.95917313293,1139.7580348153278,9207309,3.1500244140625,0.411829336442864
2022-09-22,1134.8961181640625,1142.6108798497348,1128.5052256188412,1134.8504758314202,10308170,-10.79638671875,0.39750939096758975
2022-09-23,1113.6234130859375,1139.3926153234097,1112.071332278307,1134.3940554048254,9528051,-21.272705078125,0.36929402736809
2022-09-26,1085.2523193359375,1103.7176650883043,1084.2480670791438,1092.8757978119418,12479523,-28.37109375,0.331663612104405
2022-09-27,1093.8800048828125,1107.4607728213189,1077.3776445528867,1092.8528108642224,16154822,8.627685546875,0.3431070690523206
2022-09-28,1064.7554931640625,1085.5489575446488,1062.3132660155625,1077.491757249726,16997059,-29.12451171875,0.3044773468432984
2022-09-29,1061.4915771484375,1080.7556609643932,1055.8766040342564,1077.3320028920632,14671827,-3.263916015625,0.3001482040849668
2022-09-30,1085.4349365234375,1096.5048940159172,1054.96372509037,1054.96372509037,18613024,23.943359375,0.33190582908273036
2022-10-03,1081.6688232421875,1103.3294933419215,1078.7015883112226,1091.7117072217247,11852723,-3.76611328125,0.3269105896340039
2022-10-04,1101.6175537109375,1103.808747936222,1091.0953054950355,1094.58754770497,8948850,19.94873046875,0.35336988014064463
2022-10-06,1105.6802978515625,1118.4165611455717,1103.8771842481965,1108.8302224863316,13352162,4.062744140625,0.358758560269405
2022-10-07,1110.3594970703125,1115.6320317027526,1102.2794760013117,1102.2794760013117,7714340,4.67919921875,0.3649648846097584
2022-10-10,1098.2396240234375,1103.6262649687026,1090.1139598954956,1097.8743645838504,6329527,-12.119873046875,0.3488895136806045
2022-10-11,1076.373291015625,1101.982746487589,1073.2691292307711,1101.982746487589,9215177,-21.8663330078125,0.3198867829918024
2022-10-12,1084.2935791015625,1087.2379927529598,1069.6171531804475,1073.6800455545388,7417103,7.9202880859375,0.3303919729681968
2022-10-13,1087.7401123046875,1092.852778089425,1077.3776122421918,1082.5360411069073,7328492,3.446533203125,0.3349633327048538
2022-10-14,1082.216552734375,1103.0556611703817,1081.48615457156,1102.4393688537991,9106089,-5.5235595703125,0.3276370786592353
2022-10-17,1099.586181640625,1101.9827665257233,1069.845490552908,1075.0495620947684,16729355,17.36962890625,0.35067554007626445
2022-10-18,1118.9874267578125,1124.3512470169624,1104.7903646127031,1105.6348686623294,12415820,19.4012451171875,0.37640866537716366
2022-10-19,1138.4569091796875,1153.955017958595,1114.6277458530562,1120.4709308445554,19247142,19.469482421875,0.40223229822544493
2022-10-20,1141.5155029296875,1149.9150215278255,1134.3942113183082,1134.3942113183082,8717053,3.05859375,0.4062891087929055
2022-10-21,1128.2769775390625,1148.9106943491454,1126.177188586748,1144.7565172867282,8243452,-13.238525390625,0.3887299969617637
2022-10-24,1132.0430908203125,1142.382770547029,1120.836206695688,1122.9816380159375,3370033,3.76611328125,0.3937252364104902
2022-10-25,1114.559326171875,1140.785075413764,1112.9387816840604,1140.785075413764,12233241,-17.4837646484375,0.3705353893820076
2022-10-27,1118.941650390625,1126.8391025996318,1110.5649536618178,1122.0686333408069,12513059,4.38232421875,0.37634794922283743
2022-10-28,1153.178955078125,1157.218905475806,1122.730566891981,1125.2640787350124,17609592,34.2373046875,0.42175909918599075
2022-10-31,1163.8837890625,1169.065039404331,1155.9406944170405,1159.957944449031,12419943,10.704833984375,0.43595761235261277
2022-11-01,1154.867919921875,1186.8910882247426,1144.8935003477782,1186.8910882247426,13963166,-9.015869140625,0.4239992824160108
2022-11-02,1162.08056640625,1164.157654947125,1148.0890168960857,1155.986348539346,8981896,7.212646484375,0.4335658816013943
2022-11-03,1166.4173583984375,1168.4259835133787,1152.676841200972,1154.8680356681098,6693449,4.3367919921875,0.4393180491073876
2022-11-04,1183.5816650390625,1186.8912175642852,1164.568612402097,1165.8467186255812,12575815,17.164306640625,0.46208417833354565
2022-11-07,1189.904052734375,1191.5931814379082,1175.0223567357784,1182.7827614663586,11789748,6.3223876953125,0.4704699697495929
2022-11-09,1188.7171630859375,1196.9112902936065,1182.348970740701,1191.5931131291466,11254205,-1.1868896484375,0.4688957213002227
2022-11-10,1174.337646484375,1185.316319375086,1170.0008998356418,1182.3262632089595,5966242,-14.3795166015625,0.44982323908378197
2022-11-11,1201.4078369140625,1203.325056528256,1181.413233492101,1186.8911590644095,12310132,27.0701904296875,0.48572818219638836
2022-11-14,1195.5875244140625,1206.0641314784764,1189.242152687652,1200.9285232071268,9043112,-5.8203125,0.47800832556099104
2022-11-15,1190.2236328125,1198.942647092225,1182.3261805701843,1197.0710698465111,7086433,-5.3638916015625,0.47089384946166235
2022-11-16,1183.3990478515625,1194.1723297469184,1178.3775455967132,1191.4561277313169,9716161,-6.8245849609375,0.46184196135522027
2022-11-17,1186.45751953125,1192.825591205946,1177.7612057960014,1180.020863607493,6661451,3.0584716796875,0.46589861001293587
2022-11-18,1185.818359375,1190.9996093948082,1173.698388022442,1189.972415409292,5303197,-0.63916015625,0.46505085058879714
2022-11-21,1164.477294921875,1181.413258441568,1160.916588888564,1181.413258441568,6390268,-21.341064453125,0.4367448175321702
2022-11-22,1170.9365234375,1172.511425391076,1157.903584906397,1161.7837868751285,6611488,6.459228515625,0.4453121097722166
2022-11-23,1167.28466796875,1176.80266503484,1165.0934735308952,1175.4787957552544,6413408,-3.65185546875,0.44046841784468826
2022-11-24,1177.3504638671875,1184.1522586948402,1163.2446877659072,1171.3703518394527,9389439,10.0657958984375,0.4538193334969163
2022-11-25,1194.9254150390625,1198.257788225093,1178.719730929941,1181.8696555369409,7349922,17.574951171875,0.4771301271048167
2022-11-28,1235.9874267578125,1242.1501079495758,1142.1545139312134,1190.954018527936,31527484,41.06201171875,0.5315933270841571
2022-11-29,1238.110107421875,1246.9889910362924,1229.8018737736188,1234.34401084029,11058913,2.1226806640625,0.5344087756376998
2022-11-30,1246.85205078125,1253.288707028199,1231.7192011093234,1238.247142030381,26164986,8.741943359375,0.5460037801068136
2022-12-01,1243.1773681640625,1257.648284706288,1239.844994224955,1251.622529613266,9485801,-3.6746826171875,0.5411298110569946
2022-12-02,1242.6522216796875,1254.4526976676975,1232.8147284105949,1246.235748845341,11589592,-0.525146484375,0.5404332753345644
2022-12-05,1224.529296875,1240.1871538032583,1222.4979714298172,1238.0187806031995,14828536,-18.1229248046875,0.5163956688819429
2022-12-06,1228.0672607421875,1231.1714227767875,1214.737524331434,1216.609222468136,8594245,3.5379638671875,0.5210882990175074
2022-12-07,1209.9443359375,1230.258436618436,1206.132596960368,1225.693478313524,8462111,-18.1229248046875,0.4970506925648861
2022-12-08,1209.373779296875,1216.5636555928045,1205.1969012915213,1214.2811762641966,7757008,-0.570556640625,0.49629392641736403
2022-12-09,1191.0452880859375,1214.2809794282305,1187.7356151104486,1207.8899658959556,12655763,-18.3284912109375,0.47198366395438174
2022-12-12,1192.871337890625,1197.3906539089487,1180.0437880026634,1180.272120443367,9479842,1.8260498046875,0.4744056718278906
2022-12-13,1198.3037109375,1201.9555809304147,1189.9497141999725,1192.8713067918438,8333348,5.432373046875,0.48161097929409147
2022-12-14,1193.9669189453125,1204.6717371538757,1191.9126515922892,1204.0782660411908,7268947,-4.3367919921875,0.4758588117880982
2022-12-15,1177.008056640625,1193.7386297598832,1173.6528618480468,1188.0324923462415,8688551,-16.9588623046875,0.45336517666255616
2022-12-16,1171.1876220703125,1195.4733287956508,1167.7867851451592,1173.6527911334736,15837349,-5.8204345703125,0.4456451581174139
2022-12-19,1186.5716552734375,1188.7172073020977,1171.689838827475,1178.2177795852808,7729933,15.384033203125,0.4660499956243893
2022-12-20,1196.843017578125,1198.7602374146063,1171.3704856304953,1179.541792973625,7467588,10.2713623046875,0.4796735672869781
2022-12-21,1179.8155517578125,1201.9555872542346,1175.9809916475376,1196.477661489117,8527550,-17.0274658203125,0.45708893888481916
2022-12-22,1176.7569580078125,1189.013856887232,1171.7126347696108,1185.9781586267084,7451122,-3.05859375,0.45303212831735884
2022-12-23,1142.245849609375,1182.554553491853,1137.703712598857,1170.137785137051,10257115,-34.5111083984375,0.40725781479646206
2022-12-26,1152.2203369140625,1160.414465093403,1137.772242230335,1147.9749955940688,5990242,9.9744873046875,0.42048762195952727
2022-12-27,1161.64697265625,1163.518549950611,1148.2031310835505,1154.9364624540497,5763271,9.4266357421875,0.43299077818761633
2022-12-28,1161.532958984375,1163.9751864269276,1151.056351446895,1158.5885450524734,7459393,-0.114013671875,0.43283955448590805
2022-12-29,1161.0078125,1163.5641454874342,1152.882148696241,1153.566904464591,6930648,-0.525146484375,0.4321430187634776
2022-12-30,1162.7882080078125,1176.3917984159748,1160.003663100012,1161.82959814601,7289476,1.7803955078125,0.4345044723924052
2023-01-02,1175.8896484375,1177.3048023328713,1163.244668797144,1164.066351583663,5316175,13.1014404296875,0.45188175958005816
2023-01-03,1167.28466796875,1174.565828259546,1163.0621480210025,1170.9366586985077,7658932,-8.60498046875,0.44046841784468826
2023-01-04,1149.7095947265625,1169.1107276232435,1147.6325061253483,1167.26185070999,9264891,-17.5750732421875,0.4171574623270431
2023-01-05,1147.6553955078125,1157.858149023016,1143.0676158255733,1151.969321148222,13637099,-2.05419921875,0.41443284514037226
2023-01-06,1158.0863037109375,1163.1306272948216,1149.5955006159752,1153.4072395784428,6349597,10.430908203125,0.4282680328395061
2023-01-09,1185.4302978515625,1187.8041821914996,1161.0306065888913,1161.9207528429104,10722753,27.343994140625,0.4645361395098555
2023-01-10,1167.9010009765625,1189.6302560157692,1162.240505708343,1189.6302560157692,8047142,-17.529296875,0.44128590014653657
2023-01-11,1153.178955078125,1167.7183330231771,1150.873534164056,1165.207642347734,11509553,-14.7220458984375,0.42175909918599075
2023-01-12,1128.2769775390625,1156.077627831873,1125.2641003718309,1152.5855061360771,17688773,-24.9019775390625,0.3887299969617637
2023-01-13,1126.451171875,1128.8705782042637,1111.386784310048,1122.2513519945564,20618583,-1.8258056640625,0.3863083129077445
2023-01-16,1115.723388671875,1131.951774613395,1107.917221092014,1128.7791493112115,13623855,-10.727783203125,0.3720793607090871
2023-01-17,1131.563720703125,1133.4809401269406,1118.6905304756872,1122.0685460066525,10751000,15.84033203125,0.3930894168423862
2023-01-18,1129.6922607421875,1137.1788121810373,1123.1416187933949,1129.144552646858,13448286,-1.8714599609375,0.39060717854378546
2023-01-19,1128.4825439453125,1132.6366004638107,1121.4524163802744,1128.8705038207283,11940054,-1.209716796875,0.38900265297212466
2023-01-20,1115.0615234375,1129.8291140692525,1112.596474928504,1129.8291140692525,14930286,-13.4210205078125,0.37120148607240244
2023-01-23,1109.4237060546875,1125.811961602633,1107.004299933337,1117.960272105855,10954118,-5.6378173828125,0.36372368450558556
2023-01-24,1102.873046875,1115.51790607312,1089.8171651533376,1113.851719292168,16488755,-6.5506591796875,0.35503512186663166
2023-01-25,1087.6259765625,1102.302402806859,1086.461976225218,1101.2753294802071,12385018,-15.2470703125,0.33481194709340034
2023-01-27,1066.9923095703125,1089.817098907081,1055.260297818003,1088.470529311336,25830975,-20.6336669921875,0.3074441810082946
2023-01-30,1077.218017578125,1082.764407064242,1050.3987961919847,1064.4132886312711,21772103,10.2257080078125,0.3210071984263021
2023-01-31,1074.5245361328125,1089.9541811505658,1068.6585300710096,1087.3749062182635,22691594,-2.6934814453125,0.3174346599057476
2023-02-01,1068.156494140625,1086.43914786492,1052.2246622437708,1086.43914786492,19347800,-6.3680419921875,0.3089883142451191
2023-02-02,1062.2447509765625,1071.85391093282,1054.963591472129,1058.1590377354637,13662663,-5.9117431640625,0.30114718721081424
2023-02-03,1063.1806640625,1072.3105805967243,1046.7467660021257,1072.3105805967243,24699575,0.9359130859375,0.3023885492247318
2023-02-06,1055.1690673828125,1059.528634971871,1052.5899131464937,1056.7896118119152,14837879,-8.0115966796875,0.2917622507591746
2023-02-07,1052.635498046875,1062.4501695052957,1046.7466710224398,1055.4201633910932,15135435,-2.5335693359375,0.2884018140043998
2023-02-08,1073.6572265625,1077.2863960062462,1053.137736379797,1055.8766387784026,21160332,21.021728515625,0.3162842911684469
2023-02-09,1075.52880859375,1082.284961068636,1065.463103759131,1074.341987106508,13172763,1.87158203125,0.31876669137679237
2023-02-10,1066.6729736328125,1075.00402903085,1059.6656668626474,1075.00402903085,10790445,-8.8558349609375,0.30702062511571504
2023-02-13,1060.6014404296875,1072.7670546240695,1056.127767130611,1068.293381324993,10352493,-6.071533203125,0.29896755822537546
2023-02-14,1085.5946044921875,1087.329254712915,1060.738368480938,1063.6143185684562,14321920,24.9931640625,0.33211760702902016
2023-02-15,1110.1768798828125,1112.5735854842064,1083.2664969637603,1084.6358877756606,33503591,24.582275390625,0.364722667631433
2023-02-16,1109.3096923828125,1124.716518210531,1107.027213083921,1118.165755531408,17264487,-0.8671875,0.36357246080387706
2023-02-17,1113.9429931640625,1117.2754874405753,1100.4306882070916,1104.7217922905263,11809520,4.63330078125,0.3697179070801595
2023-02-20,1102.1654052734375,1118.3025060122343,1100.202422672568,1116.1341329085612,8836937,-11.777587890625,0.3540965310756208
2023-02-21,1111.158447265625,1116.9558691842672,1101.22954869757,1106.547846833629,13311592,8.9930419921875,0.36602458388993186
2023-02-22,1085.9598388671875,1109.2868172204337,1084.2023673241313,1107.4380609994969,11024335,-25.1986083984375,0.3326020409856709
2023-02-23,1080.7557373046875,1093.1953270218976,1077.9483712962124,1085.5490279902117,9851910,-5.2041015625,0.32569950474237697
2023-02-24,1088.1510009765625,1093.8344379808216,1080.9840672539892,1082.810002251087,9434053,7.395263671875,0.33550832090608584
2023-02-27,1080.91552734375,1090.8672478016565,1073.543202799622,1087.3750050988056,11199715,-7.2354736328125,0.3259114445984117
2023-02-28,1060.2362060546875,1080.5274845520237,1056.1734344203933,1075.5516247048563,21994038,-20.6793212890625,0.2984831242687247
2023-03-01,1069.9822998046875,1070.712697848546,1060.5555887311154,1070.0279421357468,11551145,9.74609375,0.3114099982991383
2023-03-02,1061.833984375,1073.5203549354069,1059.802538079039,1066.8326656493814,9333535,-8.1483154296875,0.3006023609193269
2023-03-03,1088.927001953125,1092.6018137297042,1068.909698230002,1072.3789987479977,14643807,27.093017578125,0.33653758115422394
2023-03-06,1099.5633544921875,1106.8216933590495,1095.5918675399987,1095.5918675399987,10171916,10.6363525390625,0.3506452629539738
2023-03-08,1103.5120849609375,1104.265304210858,1088.7443751303776,1099.5632986303583,15782657,3.94873046875,0.35588271938102567
2023-03-09,1076.9896240234375,1103.3066574341256,1075.095225544964,1102.8958764013148,16235128,-26.5224609375,0.3207042652936505
2023-03-10,1060.3048095703125,1070.0281981219273,1056.8125666742676,1068.887018825526,13334091,-16.684814453125,0.2985741175453416
2023-03-13,1042.866455078125,1070.027990166369,1038.5297089513683,1063.1805534779228,12771592,-17.4383544921875,0.2754445009419506
2023-03-14,1038.9635009765625,1052.2018311560978,1035.8136967949142,1040.812257084253,16027522,-3.9029541015625,0.270267760669225
2023-03-15,1021.205810546875,1049.1662111592916,1016.800600298463,1042.6840329673732,21728555,-17.7576904296875,0.2467145881732542
2023-03-16,1016.1157836914062,1028.943333036388,1005.2968594074098,1023.921951504309,18363159,-5.09002685546875,0.2399633565865411
2023-03-17,1014.837646484375,1028.007512952856,1010.0900587449328,1024.720781814394,34014213,-1.27813720703125,0.23826808060288074
2023-03-20,1004.8632202148438,1013.422547157944,995.1626537042278,1011.140068022912,19524589,-9.97442626953125,0.2250383543946879
2023-03-21,1036.1102294921875,1038.0732119172071,1012.0528577510236,1012.943003930346,21400360,31.24700927734375,0.2664832822926355
2023-03-22,1039.2601318359375,1046.0391051865406,1036.247254791225,1043.0946916431246,10920094,3.14990234375,0.27066120134925886
2023-03-23,1026.1131591796875,1036.2016854580306,1023.9447859117854,1035.3343603002547,16249370,-13.14697265625,0.25322352182676955
2023-03-24,1005.7989501953124,1027.117362031003,1003.3795441878092,1024.9489888672188,12375945,-20.314208984375114,0.22627947354398814
2023-03-27,1021.4338989257812,1028.9432703448797,1004.3838307288752,1012.28122236079,14054323,15.634948730468864,0.24701711653154357
2023-03-28,1026.2044677734375,1030.0846702786253,1021.1829653124684,1024.8349561252708,12576424,4.77056884765625,0.25334463031593213
2023-03-29,1020.133056640625,1024.7436572444662,1009.359714078918,1022.0959186617868,18804065,-6.0714111328125,0.2452917253353375
2023-03-31,1064.116455078125,1069.7770709600843,1029.2629756900762,1029.3999027039445,28171201,43.9833984375,0.3036297493289044
2023-04-03,1064.299072265625,1072.3106311531849,1056.7896998650788,1070.4846960590223,10293043,0.1826171875,0.3038719663072298
2023-04-05,1061.74267578125,1071.8540232011114,1053.8453439607506,1071.8540232011114,16262928,-2.556396484375,0.3004812524301641
2023-04-06,1068.864013671875,1074.5930932267388,1058.2276581630158,1058.2276581630158,18435046,7.121337890625,0.309926743126385
2023-04-10,1061.2861328125,1072.9496819536614,1059.779694186431,1072.7671126043012,12961408,-7.577880859375,0.29987570998435076
2023-04-11,1066.535888671875,1068.6586196822263,1060.9210357303307,1065.4631729553812,10542367,5.249755859375,0.306838800472226
2023-04-12,1071.23779296875,1080.8925957399235,1063.6599579243734,1066.535787256919,18179087,4.701904296875,0.3130752400251253
2023-04-13,1075.27783203125,1079.9797173840186,1069.1151503508545,1074.1365320735108,12378208,4.0400390625,0.31843380494133977
2023-04-17,1080.73291015625,1106.9814803229494,1072.333391852291,1106.9814803229494,17929479,5.455078125,0.3256692276200863
2023-04-18,1068.36181640625,1085.0923881243807,1061.8110548039576,1085.0923881243807,10405576,-12.37109375,0.30926064643599016
2023-04-19,1073.6800537109375,1076.3733137885806,1064.64142217666,1067.768405195298,12273475,5.3182373046875,0.31631456829073756
2023-04-20,1070.9638671875,1076.8755157885284,1064.595795217696,1074.638679040759,7007330,-2.7161865234375,0.31271191455763714
2023-04-21,1072.310546875,1077.7884724738817,1066.558646510675,1073.0637661728558,7647317,1.3466796875,0.31449810286304203
2023-04-24,1076.4190673828125,1086.8727319946267,1071.8539885727766,1084.1794719407253,12936186,4.1085205078125,0.31994749914612863
2023-04-25,1084.65869140625,1086.735779878646,1072.9952636709509,1080.0709122812248,9236126,8.2396240234375,0.3308762450151026
2023-04-26,1078.2906494140625,1089.2466212621475,1074.6158376300252,1086.0054116702795,8617834,-6.3680419921875,0.3224298993544741
2023-04-27,1085.115234375,1088.2878596252956,1079.1579437194785,1084.1794457664448,9167125,6.8245849609375,0.33148178746091617
2023-04-28,1104.949951171875,1106.5021527689444,1087.2607695641375,1087.3748753991613,15565210,19.834716796875,0.3577898542658484
2023-05-02,1114.3310546875,1116.4994278601828,1108.4194062766874,1112.1170391794085,12981805,9.381103515625,0.3702326181591009
2023-05-03,1104.7674560546875,1116.1342091904096,1101.549188303151,1116.1342091904096,7061872,-9.5635986328125,0.35754779919726776
2023-05-04,1117.503662109375,1119.717677582049,1102.2567073883076,1105.2467632974383,8635233,12.7362060546875,0.37444065242826996
2023-05-05,1114.650634765625,1123.5979821409155,1112.0258380416835,1114.3083172243437,8746585,-2.85302734375,0.3706564978711704
2023-05-08,1128.4140625,1133.7778823916174,1115.746261129747,1118.4167001177036,9153782,13.763427734375,0.3889118216052527
2023-05-09,1131.9061279296875,1135.2158009724574,1124.4652198090143,1129.8290394334551,6464721,3.4920654296875,0.3935435736767461
2023-05-10,1139.6895751953125,1141.173192717246,1132.659447469911,1136.6766978121202,10872255,7.783447265625,0.4038672628291413
2023-05-11,1132.24853515625,1145.5781493917782,1130.5365853892238,1140.762158669685,10557860,-7.4410400390625,0.3939977305111062
2023-05-12,1134.097412109375,1135.4897449397138,1121.3839680276494,1127.4553650769165,6955341,1.848876953125,0.39645001550690595
2023-05-15,1136.334228515625,1143.318592964205,1128.9846046154787,1136.631024460071,6833343,2.23681640625,0.39941684967190216
2023-05-16,1120.1514892578125,1141.0589403639667,1118.485181669263,1138.5026071786638,8717229,-16.1827392578125,0.3779526367042432
2023-05-17,1113.5321044921875,1125.2639949628326,1108.8302198375738,1124.3510275803587,8798967,-6.619384765625,0.3691729188789272
2023-05-18,1111.1357421875,1121.6123498838558,1107.9858169299096,1118.21139175125,10525531,-2.3963623046875,0.36599446867738616
2023-05-19,1114.741943359375,1116.5679991928369,1104.1968724046772,1111.1357155261294,8050447,3.606201171875,0.37077760636033297
2023-05-22,1120.69921875,1125.7207212869755,1110.3596592183865,1111.5693019532655,7434906,5.957275390625,0.3786791257294744
2023-05-23,1120.4937744140625,1126.6336347127256,1119.0786204739588,1123.2784399572938,6092034,-0.2054443359375,0.37840663162885835
2023-05-24,1113.9658203125,1124.8076864197674,1110.861658447196,1116.545095308795,8112254,-6.5279541015625,0.36974818420245015
2023-05-25,1113.8289794921875,1117.9603357408223,1102.9187697829475,1111.0672556833676,11487863,-0.1368408203125,0.369566683378451
2023-05-26,1144.2088623046875,1145.3500415058625,1118.7591533794464,1122.0687058844728,12626260,30.3798828125,0.40986148540371525
2023-05-29,1150.6453857421875,1154.9364899661489,1144.5283465169668,1150.8279550929285,10010304,6.4365234375,0.4183986624312157
2023-05-30,1150.3486328125,1158.451475420254,1147.7921790871794,1150.645307987406,11342504,-0.2967529296875,0.4180050598414371
2023-05-31,1127.5008544921875,1145.7379850828545,1123.438083146388,1141.241490829393,27107927,-22.8477783203125,0.38770057480388087
2023-06-01,1124.4652099609375,1134.3484659204855,1122.068625138698,1132.1800927726736,14592692,-3.03564453125,0.3836742032684559
2023-06-02,1120.7904052734375,1133.412563645759,1118.8731857024295,1128.003101699598,15800644,-3.6748046875,0.37880007230889223
2023-06-05,1130.8563232421875,1133.8235582589482,1122.274114564264,1126.268543700321,10908682,10.06591796875,0.39215114987086497
2023-06-06,1131.8148193359375,1135.6265579862757,1123.8946668621782,1133.6865172838243,7493309,0.95849609375,0.3934224651875835
2023-06-07,1140.3970947265625,1141.241598708449,1128.733545665894,1135.3071289198083,10312545,8.582275390625,0.4048056917104075
2023-06-08,1141.081787109375,1148.9335976883085,1137.133121023714,1143.9805586437908,12071109,0.6846923828125,0.4057138434693828
2023-06-09,1133.001708984375,1145.144501301207,1131.1984746215855,1144.4369244051345,5877018,-8.080078125,0.39499671363695366
2023-06-12,1134.006103515625,1136.311403822295,1125.2641468372988,1130.0574375493186,6391969,1.00439453125,0.39632890701774315
2023-06-13,1150.759521484375,1151.946463788879,1134.9647365494957,1138.959165682283,11248016,16.75341796875,0.41855004804266915
2023-06-14,1164.9107666015625,1166.3487415549168,1149.0018781974788,1150.8278129732469,13277380,14.1512451171875,0.43731975903620324
2023-06-15,1165.23046875,1169.7954267696327,1157.4471223513988,1164.888030487722,11813494,0.3197021484375,0.43774380065801743
2023-06-16,1176.574462890625,1178.856942021871,1168.72265257123,1168.72265257123,24171579,11.343994140625,0.4527900732487782
2023-06-19,1164.8880615234375,1179.5873088461865,1160.7111839901809,1179.5873088461865,6798554,-11.6864013671875,0.4372896438236573
2023-06-20,1167.3074951171875,1170.457299404325,1157.2189687814275,1162.9480481347905,6921096,2.41943359375,0.44049869496697913
2023-06-21,1170.59423828125,1173.127750027222,1163.1533304634168,1167.2617442064677,6961603,3.2867431640625,0.4448581148476014
2023-06-22,1157.4471435546875,1174.702723824018,1155.8494202932393,1166.8053921892115,7619166,-13.1470947265625,0.42742027341536715
2023-06-23,1147.9749755859375,1156.4885999942844,1146.719569774206,1154.4343325060674,6628570,-9.47216796875,0.41485672485244174
2023-06-26,1139.2100830078125,1148.2715353178476,1136.0831001245697,1144.436975506937,12641159,-8.764892578125,0.4032312813512924
2023-06-27,1139.62109375,1145.578264166708,1135.1474200849475,1139.666736088607,9689466,0.4110107421875,0.4037764314622694
2023-06-28,1154.708251953125,1158.519990797568,1140.2600374666351,1147.1760589375283,11354006,15.087158203125,0.423787504469721
2023-06-30,1164.1805419921875,1167.1021346662303,1156.511421596289,1162.423070452648,11151555,9.4722900390625,0.4363512149423914
2023-07-03,1194.058349609375,1196.934300105854,1166.5087289327182,1167.7413136446191,12154387,29.8778076171875,0.4759800821870057
2023-07-04,1181.755615234375,1198.3036177471888,1174.6798459927943,1198.3036177471888,8061643,-12.302734375,0.45966217046003677
2023-07-05,1179.8155517578125,1190.9997357239995,1175.8440646341217,1190.9997357239995,10248062,-1.9400634765625,0.45708893888481916
2023-07-06,1204.5804443359375,1207.1824197013011,1175.958111582341,1175.958111582341,19117987,24.764892578125,0.4899362164655574
2023-07-07,1202.2294921875,1216.5406584496827,1199.6730384312104,1202.8686056265724,13375267,-2.3509521484375,0.48681799668910775
2023-07-10,1248.541015625,1258.1046546175523,1221.1284462814797,1227.4736968882496,33240016,46.3115234375,0.5482439633368337
2023-07-11,1262.0760498046875,1264.495455649915,1249.7050458386786,1256.6894093813987,20069348,13.5350341796875,0.5661963539382644
2023-07-12,1263.468505859375,1279.103541836806,1260.683840337917,1262.806571231475,18733835,1.3924560546875,0.5680432583979955
2023-07-13,1252.170166015625,1277.733978890264,1249.545369524751,1270.8408996155135,14682934,-11.29833984375,0.5530575400518161
2023-07-14,1251.120361328125,1260.341562579208,1243.9989491216202,1255.3657025022662,15124144,-1.0498046875,0.551665116245935
2023-07-17,1276.68408203125,1285.0607786645128,1245.3227267228626,1253.9962192785829,22220040,25.563720703125,0.5855719311971017
2023-07-18,1287.52587890625,1295.286283587151,1274.995004828538,1285.9509768018002,25867313,10.841796875,0.5999521070974676
2023-07-19,1297.294921875,1303.7543992835303,1276.8210735612868,1291.8854597114334,39122156,9.76904296875,0.6129094201599168
2023-07-20,1295.723876953125,1301.213635792283,1276.014839753512,1276.014839753512,38717624,-1.571044921875,0.610825641743441
2023-07-21,1255.6134033203125,1293.2755748788927,1248.1205739980844,1290.3576048302098,30249238,-40.1104736328125,0.5576245282253616
2023-07-24,1230.216796875,1243.8424839995955,1221.2649818512405,1227.0515368964086,23727866,-25.3966064453125,0.5239393677149218
2023-07-25,1229.425537109375,1239.0203294862108,1226.556952345633,1233.4810641733905,12026020,-0.791259765625,0.5228898687486749
2023-07-26,1249.406494140625,1259.693770122974,1229.0298463901022,1229.0298463901022,12911012,19.98095703125,0.5493919034279613
2023-07-27,1237.7838134765625,1255.06933898356,1231.6758304667376,1253.2889256301971,17226898,-11.6226806640625,0.5339759908896626
2023-07-28,1250.2225341796875,1257.6412248805652,1236.7204929547063,1242.4081558253793,20827852,12.438720703125,0.5504742700724168
2023-07-31,1260.8065185546875,1263.1062644351005,1245.3261593927457,1250.222567835286,8551174,10.583984375,0.5645124925916174
2023-08-01,1242.976806640625,1265.628565172541,1239.0696780480796,1263.650247759219,9536632,-17.8297119140625,0.5408637933461735
2023-08-02,1229.697509765625,1242.383422770223,1218.4458286875906,1240.998576334311,12748214,-13.279296875,0.5232506036602451
2023-08-03,1224.529052734375,1236.893537376658,1215.700883147937,1224.2323775511124,10168350,-5.16845703125,0.5163953450624532
2023-08-04,1241.1717529296875,1244.3617658987637,1222.4024889169664,1235.8550243989196,22885610,16.6427001953125,0.538469633948782
2023-08-07,1248.2442626953125,1250.4945023600335,1238.92139273861,1246.8346631113916,5982870,7.072509765625,0.5478503607470548
2023-08-08,1240.7265625,1253.4867351589849,1236.2259624118224,1250.2967221809697,9844072,-7.5177001953125,0.5378791491092416
2023-08-09,1248.911865234375,1250.7912910864598,1227.1009863432985,1238.8472469851745,11486586,8.185302734375,0.5487358451417486
2023-08-10,1254.475830078125,1261.177404750792,1240.6276075945868,1248.788167272386,15470598,5.56396484375,0.556115691312919
2023-08-11,1259.767822265625,1265.55449762201,1242.5565564009414,1252.4975295128647,22179330,5.2919921875,0.5631348025725194
2023-08-14,1274.65478515625,1277.1524353275731,1248.8130109688743,1255.73712271286,9575812,14.886962890625,0.5828803435983843
2023-08-16,1273.6160888671875,1277.3996937112483,1261.672044700447,1261.672044700447,10203112,-1.0386962890625,0.5815026535792862
2023-08-17,1255.2425537109375,1275.0752365265755,1252.695518025622,1269.6348629683328,13673744,-18.37353515625,0.5571326464204469
2023-08-18,1264.5406494140625,1274.827925208279,1240.6771930744892,1251.9041214413387,18639978,9.298095703125,0.569465311687188
2023-08-21,1250.74267578125,1268.3374245054663,1248.5836072167706,1260.6443643964944,9221746,-13.7979736328125,0.5511641674953074
2023-08-22,1250.44482421875,1259.6517042081298,1240.319812990251,1249.204008079304,7713044,-0.2978515625,0.5507691077178247
2023-08-23,1251.8345947265625,1262.0838090060652,1249.228880766707,1252.8272476636505,9517952,1.3897705078125,0.5526124501631686
2023-08-24,1230.7904052734375,1260.6195534341234,1226.4227081001463,1260.6195534341234,14140020,-21.044189453125,0.5247001816060655
2023-08-25,1225.1075439453125,1243.2978613921046,1212.32713678729,1218.9778633049934,22222400,-5.682861328125,0.5171626353433916
2023-08-28,1212.897705078125,1232.87484375,1206.6192242506277,1226.9189266304347,12580826,-12.2098388671875,0.5009679369322686
2023-08-29,1201.2838134765625,1217.7121468384466,1195.228533637356,1217.0173382536789,16876644,-11.6138916015625,0.4855636818956006
2023-08-30,1200.142333984375,1212.525656094156,1198.628513903965,1207.066064519438,12168946,-1.1414794921875,0.4840496638713221
2023-08-31,1194.6578369140625,1203.5917135507275,1191.133870437995,1202.599060591098,21638600,-5.4844970703125,0.4767752209440619
2023-09-01,1197.4619140625,1203.9141576589248,1192.0023233270636,1194.4343955405525,18112842,2.8040771484375,0.48049444969346844
2023-09-04,1196.494140625,1202.921543874001,1193.8140262826475,1197.4619529612137,9347626,-0.9677734375,0.4792108292361399
2023-09-05,1202.89697265625,1208.033879307401,1197.362859390741,1201.1101487589583,8675876,6.40283203125,0.4877033191740565
2023-09-06,1205.4281005859375,1209.125708635972,1199.745186611218,1201.6560920331103,8200370,2.5311279296875,0.491060517733934
2023-09-07,1207.06591796875,1210.1679582595823,1196.6430625915527,1201.9537313347682,13652572,1.6378173828125,0.4932328607808536
2023-09-08,1215.1064453125,1218.9778160313297,1202.5742018862825,1211.0365924741222,23109288,8.04052734375,0.5038975318559449
2023-09-11,1228.20947265625,1229.326207160582,1216.9924464989117,1216.9924464989117,13271074,13.10302734375,0.521276923870281
2023-09-12,1210.4658203125,1232.3785847782628,1209.026400892418,1232.3785847782628,16255666,-17.74365234375,0.4977423709949702
2023-09-13,1216.52099609375,1222.278310335504,1204.2120756300535,1211.0365644667,12803338,6.05517578125,0.5057737419794974
2023-09-14,1217.6376953125,1223.8417758931353,1213.5181615722684,1220.9630582690309,9209636,1.11669921875,0.5072548923255673
2023-09-15,1219.89599609375,1224.9336610195687,1215.7516218263509,1224.9336610195687,25468592,2.25830078125,0.5102502226056607
2023-09-18,1209.274658203125,1216.4962329024152,1207.0908701058952,1211.061482045193,7516300,-10.621337890625,0.49616245570452966
2023-09-20,1182.3240966796875,1204.882232531632,1168.8488809798134,1202.623922773179,57081884,-26.9505615234375,0.4604161841418959
2023-09-21,1173.7127685546875,1186.269851496792,1171.330377450607,1178.7504333612094,12226182,-8.611328125,0.44899442309979287
2023-09-22,1168.823974609375,1182.4729522811776,1166.367182863141,1179.2716708437545,19176786,-4.8887939453125,0.442510099727498
2023-09-25,1161.6273193359375,1171.6779308453931,1158.9720452955405,1166.5657437194718,14254884,-7.1966552734375,0.43296471071869247
2023-09-26,1162.644775390625,1166.4664650387544,1159.2201711598177,1160.684310036077,10087782,1.0174560546875,0.43431422844218304
2023-09-27,1175.747802734375,1177.1872222950064,1160.6595255350553,1163.1411580463557,11722778,13.10302734375,0.4516936204565192
2023-09-28,1158.4757080078125,1182.7460248832851,1153.959088482433,1182.7460248832851,14518346,-17.2720947265625,0.428784524925641
2023-09-29,1163.8856201171875,1175.847137006539,1158.475709840611,1162.2973995824232,12342014,5.409912109375,0.4359600409987858
2023-10-03,1150.5592041015625,1159.2201982891547,1149.492150617653,1156.4158809171215,8859056,-13.326416015625,0.4182843541513377
2023-10-04,1148.5738525390625,1150.981084388904,1139.1189302205564,1146.0178196869251,10286386,-1.9853515625,0.4156510540607734
2023-10-05,1148.5491943359375,1156.1428927957072,1146.017880733707,1151.1052273242312,10953682,-0.024658203125,0.4156183482923097
2023-10-06,1150.4847412109375,1153.8597853939605,1147.5316229908371,1150.0132553057874,5431026,1.935546875,0.418185589206967
2023-10-09,1140.6822509765625,1147.4818990309532,1139.0691900320726,1145.5711149238573,7576878,-9.802490234375,0.40518391287442346
2023-10-10,1145.719970703125,1150.435072150941,1143.4121010954177,1144.8018394410435,10236032,5.0377197265625,0.4118657661354599
2023-10-11,1163.910400390625,1166.2182699823193,1148.0031129607796,1148.722762099973,9814118,18.1904296875,0.43599290867699425
2023-10-12,1166.0693359375,1171.0078811502246,1160.485663265934,1163.3148210249558,12554450,2.158935546875,0.43885644442476357
2023-10-13,1166.019775390625,1170.0896281233202,1156.0187245288932,1161.4039150831682,10150316,-0.049560546875,0.4387907090683463
2023-10-16,1163.4140625,1168.6254903286665,1159.418610263332,1163.885548402189,5929036,-2.605712890625,0.4353345836543532
2023-10-17,1168.972900390625,1171.18152891328,1162.0491704758838,1169.3451452373686,7928180,5.558837890625,0.4427076296162391
2023-10-18,1153.4627685546875,1174.8048077319042,1151.9737890772074,1168.9729714451066,8918320,-15.5101318359375,0.4221355393428132
2023-10-19,1144.603271484375,1152.37085365543,1142.0472385636656,1147.5068298823098,12032556,-8.8594970703125,0.4103846157893898
2023-10-20,1141.104248046875,1148.846868358942,1139.7145096810816,1141.5508934053469,8913312,-3.4990234375,0.4057436348624388
2023-10-23,1123.2860107421875,1144.6528889030683,1119.340239652529,1136.5875839948085,7853962,-17.8182373046875,0.3821101551330126
2023-10-25,1120.680419921875,1132.2200112886635,1113.2603628260954,1116.7594889591046,11620688,-2.6055908203125,0.37865419162876446
2023-10-26,1105.07080078125,1120.7050833883056,1101.993601137725,1117.2307983645155,15222534,-15.609619140625,0.3579501449132696
2023-10-27,1124.5765380859375,1128.3982276638756,1109.761144511754,1111.7712909465938,11771084,19.5057373046875,0.3838218649557774
2023-10-30,1147.7550048828125,1153.9590859902871,1126.6362885582769,1128.6464350717906,16813304,23.178466796875,0.41456496349218597
2023-10-31,1135.5452880859375,1155.448028104718,1133.0636557231696,1155.448028104718,12808438,-12.209716796875,0.39837042699080794
2023-11-01,1140.2603759765625,1150.236586425296,1129.2419526519689,1136.1656826268284,10309190,4.715087890625,0.40462435279615305
2023-11-02,1151.57666015625,1153.6116471680004,1145.4966608528323,1148.4746196953226,10562104,11.3162841796875,0.41963387187482826
2023-11-03,1151.3284912109375,1158.897469898072,1149.3680258840427,1155.0509397455935,8850156,-0.2481689453125,0.41930470936350783
2023-11-06,1160.9075927734375,1161.4039192346488,1154.256866662586,1157.5822297180116,10647304,9.5791015625,0.4320100908629394
2023-11-07,1153.3634033203125,1160.9572220726066,1151.2540159543112,1158.4507493206686,6960204,-7.544189453125,0.4220037448104892
2023-11-08,1159.3690185546875,1161.9003321646271,1152.3460470752768,1157.4333936812943,7884494,6.005615234375,0.4299693804385991
2023-11-09,1146.787109375,1159.3689122452763,1143.6353879313751,1159.344192861405,14513610,-12.5819091796875,0.4132811811251125
2023-11-10,1148.9461669921875,1149.6659373563402,1140.5831381668131,1144.3055869187945,7734954,2.1590576171875,0.41614487878262674
2023-11-13,1148.79736328125,1153.7606282722284,1147.3579437297892,1152.9167762849927,3854810,-0.1488037109375,0.4159475108036301
2023-11-15,1169.5684814453125,1172.2982770196893,1154.9516911953865,1161.4039352802763,12220648,20.7711181640625,0.4434975872614595
2023-11-16,1171.6778564453125,1178.353423134986,1164.8533675821152,1166.9131951067154,13134910,2.109375,0.4462953876528115
2023-11-17,1169.121826171875,1177.9067803474445,1167.384683548377,1167.8064883385834,7758634,-2.5560302734375,0.44290515950498044
2023-11-20,1166.0445556640625,1170.5362129509904,1159.61703140789,1165.6474702823514,4490186,-3.0772705078125,0.4388235767465549
2023-11-21,1180.7109375,1185.227556641674,1171.4296571663483,1174.3083747965666,8214450,14.6663818359375,0.45827654686344
2023-11-22,1185.3267822265625,1188.4288224829827,1177.3855591701267,1178.7752974396924,8534814,4.6158447265625,0.464398840046206
2023-11-23,1188.9500732421875,1191.1835423841578,1185.3268657327444,1185.3268657327444,8531542,3.623291015625,0.4692046450934346
2023-11-24,1188.1558837890625,1192.474021001291,1186.7414260587238,1187.0144298509326,6749486,-0.794189453125,0.4681512602933109
2023-11-28,1188.404052734375,1191.034607263244,1178.899449291774,1188.155889499075,13792174,0.2481689453125,0.46848042280463154
2023-11-29,1191.5308837890625,1197.1145563492605,1190.2156671664848,1195.1540911072586,12531306,3.1268310546875,0.4726277409194741
2023-11-30,1179.9913330078125,1191.530923348677,1176.2440439527552,1188.5529645510346,28439984,-11.53955078125,0.45732208891743187
2023-12-01,1188.3544921875,1189.3967050711567,1180.0658643673892,1180.2643464861462,14342842,8.3631591796875,0.46841468744821424
2023-12-04,1201.2093505859375,1215.9999042684665,1190.4887710727894,1215.9999042684665,15590990,12.8548583984375,0.48546491695122995
2023-12-05,1209.919921875,1211.458582489934,1201.929016778731,1210.5403299982054,12693624,8.7105712890625,0.49701831061591206
2023-12-06,1221.5091552734375,1227.3905513904704,1208.5549856031337,1214.560584514323,16422442,11.5892333984375,0.5123898598841166
2023-12-07,1219.4989013671875,1221.4345260102064,1212.0291642243994,1220.9630401277734,8142096,-2.01025390625,0.5097235302055987
2023-12-08,1218.8536376953125,1229.2516522307412,1213.5181285411948,1222.8739302715144,10204894,-0.645263671875,0.5088676752942165
2023-12-11,1220.6405029296875,1224.7351961410227,1217.1909371644088,1218.9777608532804,7066138,1.786865234375,0.5112377101396222
2023-12-12,1203.1201171875,1223.4198198791,1201.184371389843,1220.9630282642331,9197124,-17.5203857421875,0.4879992901876786
2023-12-13,1208.03369140625,1210.2176004047435,1194.3103140708777,1202.102614795848,10031182,4.91357421875,0.49451648123818215
2023-12-14,1223.0228271484375,1228.3831772791464,1212.3518080035872,1217.9851619285064,16972354,14.9891357421875,0.5143975407205033
2023-12-15,1238.63232421875,1240.8161121066785,1225.9511593183302,1229.8969303201395,15932152,15.6094970703125,0.5351014255262534
2023-12-18,1251.239013671875,1258.1379030406688,1236.3243792186838,1238.6323699765337,14165188,12.606689453125,0.5518224925179485
2023-12-19,1269.6527099609375,1277.4945707453207,1253.3234974409622,1268.1140495332209,16820604,18.4136962890625,0.5762457679828501
2023-12-20,1254.2913818359375,1289.8780864366483,1250.742696068458,1276.080186427869,17736722,-15.361328125,0.5558710456884206
2023-12-21,1271.8614501953125,1277.2962009364337,1249.8741628164655,1254.2170195322976,13765454,17.570068359375,0.5791753629065262
2023-12-22,1273.102294921875,1280.9689971307214,1264.4661412408368,1270.3973397701047,16541784,1.2408447265625,0.5808211754631287
2023-12-26,1279.554443359375,1286.453332624264,1271.935783794956,1274.5663382448713,7465664,6.4521484375,0.5893790769379728
2023-12-27,1283.9222412109375,1290.3992050276352,1277.0977519092014,1281.5150092423955,9204156,4.3677978515625,0.5951723695191631
2023-12-28,1293.2034912109375,1296.4047727896043,1283.922210219302,1285.38634910855,12302636,9.28125,0.607482691241112
2023-12-29,1282.97900390625,1297.3973111899322,1280.1748079960485,1295.958012986606,10864584,-10.2244873046875,0.5939212929205533
2024-01-01,1285.609619140625,1293.848686885263,1277.1223881648043,1280.7952766903763,4030540,2.630615234375,0.5974104479224998
2024-01-02,1296.255859375,1297.8937610136477,1277.0480485996618,1283.0039664322292,7448800,10.646240234375,0.6115312444115841
2024-01-03,1282.16015625,1307.3238832997818,1279.132516403198,1295.412048372221,9037536,-14.095703125,0.5928352023519659
2024-01-04,1288.7860107421875,1295.337616733607,1280.0755785995668,1284.4928354763,9612778,6.6258544921875,0.6016235013937596
2024-01-05,1294.2705078125,1300.3009471094986,1289.456165302221,1291.888116528752,8086406,5.4844970703125,0.6088979443210198
2024-01-08,1284.1702880859375,1306.3063750382337,1275.0378087074926,1295.4120337021336,7734652,-10.1002197265625,0.5955013701207386
2024-01-09,1280.7705078125,1293.8239187379374,1279.132606160338,1290.448874370277,5403074,-3.3997802734375,0.5909920218163669
2024-01-10,1315.3148193359375,1319.7320764251056,1278.0654937339266,1279.0333061103788,11102740,34.5443115234375,0.636810374787868
2024-01-11,1349.9088134765625,1352.489686993197,1318.7394856296971,1319.7321386109766,23725852,34.593994140625,0.6826946250255312
2024-01-12,1360.6541748046875,1363.2350482099334,1335.8626919019084,1349.9087552154865,15012164,10.745361328125,0.69694689222745
2024-01-15,1383.88232421875,1386.1901939086483,1355.9639593887296,1364.897836134336,8610594,23.2281494140625,0.7277558880300208
2024-01-16,1364.5255126953125,1386.0413130880693,1360.4308194226976,1379.7627106993225,9069024,-19.3568115234375,0.7020816978762543
2024-01-17,1351.5712890625,1376.0898877655304,1345.0694854389078,1349.511582817391,12197382,-12.9542236328125,0.6848996738409145
2024-01-18,1357.8995361328125,1360.92717605878,1341.3222805612156,1341.4712027363942,10279438,6.3282470703125,0.6932932369247156
2024-01-19,1357.4031982421875,1365.890429247957,1349.015329468004,1365.890429247957,10422704,-0.496337890625,0.6926349119020745
2024-01-23,1318.8138427734375,1361.671682300463,1312.8332056966303,1361.671682300463,20055420,-38.58935546875,0.6414513557148191
2024-01-24,1334.00146484375,1339.5851376107455,1314.1980872328545,1325.4149927095905,21919128,15.1876220703125,0.6615956804422987
2024-01-25,1343.1337890625,1354.1274927557365,1325.390118278632,1333.0831783387705,11808872,9.13232421875,0.6737084722755065
2024-01-29,1437.4111328125,1441.8283899094502,1350.1817560391485,1354.474931519067,23893438,94.27734375,0.7987546064334352
2024-01-30,1397.2830810546875,1449.2484377227322,1394.1066401470152,1449.223597164783,14093978,-40.1280517578125,0.7455301779120946
2024-01-31,1416.1435546875,1423.7125336444733,1392.195801594125,1393.684781061071,15130226,18.8604736328125,0.77054604304322
2024-02-01,1416.1683349609375,1432.745590517861,1407.631543948549,1424.4569627393994,13349362,0.0247802734375,0.7705789107214287
2024-02-02,1446.9901123046875,1464.063815224382,1422.6453963923934,1422.6453963923934,19652588,30.82177734375,0.811459826023122
2024-02-05,1428.452392578125,1459.6961190035065,1421.007495677393,1450.0177530325548,8814432,-18.5377197265625,0.7868720502574327
2024-02-06,1417.309814453125,1431.2565145548228,1409.3933108861847,1431.2565145548228,9047984,-11.142578125,0.7720929287457072
2024-02-07,1431.554443359375,1438.8504181404362,1418.7491963623445,1425.3752031215413,9296568,14.24462890625,0.7909865006940668
2024-02-08,1439.4708251953125,1448.752105824393,1417.0368932886952,1439.3467435794869,14694634,7.9163818359375,0.8014865095586252
2024-02-09,1450.0177001953125,1461.160204582695,1440.2896534634558,1443.31729322881,12556798,10.546875,0.8154755115153856
2024-02-12,1441.679443359375,1450.2659153474915,1431.7529141646626,1450.017752117624,6674430,-8.3382568359375,0.8044159425725566
2024-02-13,1454.3358154296875,1468.1337156942295,1443.3173918995335,1444.8063713272154,7715594,12.6563720703125,0.8212029068304136
2024-02-14,1470.4912109375,1472.749520552248,1446.7916226083244,1446.7916226083244,7117888,16.1553955078125,0.8426308520152219
2024-02-15,1459.7952880859375,1473.8165098910026,1455.750276105359,1472.4516121931645,10006782,-10.6959228515625,0.8284441582599755
2024-02-16,1449.843994140625,1466.1483668657747,1447.8339689108675,1465.6271998466532,9767498,-9.9512939453125,0.8152451139484356
2024-02-19,1463.17041015625,1468.630001238923,1442.8458657695369,1451.30825618237,6729828,13.326416015625,0.8329208007958837
2024-02-20,1460.2174072265625,1464.659505178025,1451.0602075132597,1464.1880192365334,7117496,-2.9530029296875,0.8290040421577356
2024-02-21,1456.916748046875,1477.5888193115914,1446.8414171157522,1463.170510366537,12720292,-3.3006591796875,0.8246261645661981
2024-02-22,1470.8634033203125,1474.0398440634356,1447.2878974462733,1457.3633484018678,18493728,13.9466552734375,0.8431245148273303
2024-02-23,1482.6512451171875,1486.5474563697878,1472.4517119404402,1478.556551746289,14438584,11.787841796875,0.8587594912504379
2024-02-26,1476.3974609375,1483.5446346905887,1471.607959051116,1482.5768223248915,7513106,-6.2537841796875,0.8504646931110076
2024-02-27,1474.73486328125,1488.9297276070065,1467.1907251784094,1472.1291493159845,10826044,-1.66259765625,0.8482594823858796
2024-02-28,1444.930419921875,1480.3185210789975,1439.5205099276588,1472.1042938560004,8647950,-29.804443359375,0.808727922897932
2024-02-29,1450.0675048828125,1468.1088998815817,1443.8385832706604,1454.2365988812116,23628976,5.1370849609375,0.8155415706912925
2024-03-01,1481.1622314453125,1488.979373154373,1451.7548888255135,1452.7475417409498,12132926,31.0947265625,0.8567845161825149
2024-03-04,1496.3250732421875,1501.337897909408,1476.2982516112518,1479.524373681886,10024420,15.162841796875,0.8768959732317858
2024-03-05,1489.1778564453125,1496.3250301461744,1475.1319146195472,1494.7119691573153,7107668,-7.147216796875,0.8674161576696526
2024-03-06,1491.9573974609375,1497.9133152152726,1467.6373999640691,1482.4775132325713,7805676,2.779541015625,0.8711028425603404
2024-03-07,1468.059326171875,1492.056638756749,1464.7091224345347,1491.9325571368477,8315726,-23.8980712890625,0.8394052860779235
2024-03-11,1455.82470703125,1478.060156044582,1452.7475073010382,1478.060156044582,11277130,-12.234619140625,0.8231777199885919
2024-03-12,1464.5850830078125,1477.0676458601297,1454.2614676999044,1455.8248476863198,9432678,8.7603759765625,0.834797172829181
2024-03-13,1421.6527099609375,1472.2034859914554,1417.2850129833478,1468.9029635812572,13522134,-42.932373046875,0.777853191738944
2024-03-14,1420.9578857421875,1437.882667347047,1415.0268084821887,1429.1224321842872,18571102,-0.69482421875,0.7769316014711445
2024-03-15,1407.80517578125,1422.694969713975,1402.5193474045138,1415.4733954219128,19223818,-13.1527099609375,0.7594863121906463
2024-03-18,1428.8990478515625,1431.1325169373013,1406.1177116464064,1409.5671563330236,9169392,21.0938720703125,0.7874644780139115
2024-03-19,1414.778564453125,1427.0378036957163,1406.8373411480031,1418.252849649116,8275764,-14.1204833984375,0.7687355682760848
2024-03-20,1433.142578125,1434.3833942099568,1413.5625245390722,1417.458614341769,8488806,18.364013671875,0.7930929464748242
2024-03-21,1440.3145751953125,1447.1887452733042,1434.060934378195,1441.8532357214951,13006936,7.1719970703125,0.802605629715166
2024-03-22,1444.3348388671875,1449.2732629085035,1436.716179238339,1439.321893152815,19527608,4.020263671875,0.8079379652527117
2024-03-26,1430.983642578125,1441.7291835759677,1428.4276096750873,1434.3835274360674,11415906,-13.3511962890625,0.7902294107270551
2024-03-27,1481.8819580078125,1488.9794509587407,1436.368843691532,1437.3614966588375,16326644,50.8983154296875,0.8577391360382678
2024-03-28,1474.933349609375,1494.8856495085238,1467.786296896486,1481.90676076149,21854364,-6.9486083984375,0.848522747631038
2024-04-01,1473.8663330078125,1482.9986918329437,1471.6080232736622,1481.509712382751,5013880,-1.0670166015625,0.8471074945511301
2024-04-02,1476.025146484375,1483.0233977342266,1464.1629930776332,1473.0968689675983,8910166,2.1588134765625,0.8499708683891545
2024-04-03,1460.7880859375,1473.5436523631188,1458.1079713887636,1471.186101560143,7008292,-15.237060546875,0.8297609702150026
2024-04-04,1452.1768798828125,1468.878217464342,1439.3467919062653,1468.878217464342,14490272,-8.6112060546875,0.8183393710826445
2024-04-05,1449.3724365234375,1459.9938949751336,1445.3025839763254,1450.1417667351743,7442298,-2.804443359375,0.8146196566040032
2024-04-08,1475.057373046875,1480.0206375610207,1450.265891033407,1452.226356281804,8357118,25.6849365234375,0.8486872479318257
2024-04-09,1452.896484375,1478.8543827139297,1451.7549092714803,1478.060211901015,7071414,-22.160888671875,0.8192938290286527
2024-04-10,1468.7044677734375,1476.0749645358123,1455.5766564963697,1455.5766564963697,9138330,15.8079833984375,0.840260979079561
2024-04-12,1456.3707275390625,1475.553696376268,1452.3255942645226,1465.031599863232,15551012,-12.333740234375,0.823901942277395
2024-04-15,1454.062744140625,1471.2356878788278,1435.6986653849476,1450.2658952456557,12902062,-2.3079833984375,0.8208407147311396
2024-04-16,1454.9810791015625,1460.366269889981,1440.265047408789,1442.6721581376476,9366184,0.9183349609375,0.822058761741796
2024-04-18,1453.56640625,1475.082206281391,1448.6279823176308,1452.7475160786112,19005692,-1.4146728515625,0.8201823897084985
2024-04-19,1459.323974609375,1463.1705049395248,1432.42310285773,1446.0720814485835,15741778,5.757568359375,0.8278190247350328
2024-04-22,1468.9774169921875,1471.930535229808,1457.0160218672338,1461.6317610616636,10350362,9.6534423828125,0.8406230092690901
2024-04-23,1448.603271484375,1482.527235777458,1444.8561033979945,1468.1337674689391,14605554,-20.3741455078125,0.813599463301578
2024-04-24,1439.5205078125,1457.7605053579202,1438.8504186169605,1452.7475596039474,10462776,-9.082763671875,0.8015524068247872
2024-04-25,1449.2484130859375,1457.189636393573,1430.9091747445573,1431.9018276580116,15943926,9.7279052734375,0.8144551563032154
2024-04-26,1441.878173828125,1454.2366552962403,1439.346860190818,1453.1943211694756,9413848,-7.3702392578125,0.8046795316372048
2024-04-29,1454.2613525390625,1457.1152296530197,1439.3467183436048,1439.3467183436048,7247974,12.3831787109375,0.821104141886043
2024-04-30,1456.2218017578125,1472.178648628076,1452.1271085524606,1457.2144546560796,11474262,1.96044921875,0.8237044123886539
2024-05-02,1455.7752685546875,1466.4710074185996,1453.368036621592,1461.185178797564,14512646,-0.446533203125,0.8231121465419196
2024-05-03,1423.46435546875,1464.1134460205978,1405.745524232649,1460.1925152681529,17226958,-32.3109130859375,0.7802560942625583
2024-05-06,1409.095703125,1429.4202480421582,1407.5818831415145,1424.9533097670264,7394208,-14.36865234375,0.7611980220134109
2024-05-07,1391.17822265625,1410.311631866643,1381.772860502106,1405.571689953147,14517472,-17.91748046875,0.7374329096614056
2024-05-08,1408.1279296875,1422.4220356245855,1387.2325360419566,1387.2325360419566,9439002,16.94970703125,0.7599144015560824
2024-05-09,1383.88232421875,1413.2896685063718,1379.787630710347,1402.6186490602306,11009612,-24.24560546875,0.7277558880300208
2024-05-10,1397.0845947265625,1399.6406275450738,1377.8766636438304,1386.4879762578594,10505096,13.2022705078125,0.7452669126669362
2024-05-13,1392.394287109375,1396.6379028351903,1373.8317248456565,1389.614931468387,8456620,-4.6903076171875,0.7390458545397995
2024-05-14,1409.6414794921875,1416.590049599915,1389.738862101979,1390.6818338615062,7188300,17.2471923828125,0.7619219204827243
2024-05-15,1405.86962890625,1419.468926315315,1402.6435067088078,1410.063563528233,5046534,-3.7718505859375,0.756919071275989
2024-05-16,1414.8778076171875,1417.012035618308,1387.75361519461,1408.1278405018506,14711774,9.0081787109375,0.7688672008986639
2024-05-17,1425.15185546875,1426.6408349602225,1402.8668442157614,1412.5948920294334,10916476,10.2740478515625,0.7824943345756399
2024-05-21,1425.57373046875,1431.231803864575,1415.1260338425998,1415.1260338425998,11176128,0.421875,0.7830538946539103
2024-05-22,1449.9185791015625,1457.9838844507517,1425.722663053995,1425.722663053995,10281604,24.3448486328125,0.8153440408025512
2024-05-23,1475.1319580078125,1481.2615172416956,1444.3100355832012,1447.8340020088174,14608260,25.21337890625,0.8487861747859413
2024-05-24,1469.37451171875,1477.5638984586112,1465.2549777906745,1472.724715385057,7094776,-5.7574462890625,0.841149701669152
2024-05-27,1455.4774169921875,1473.990419113941,1450.8119965034373,1469.3497180106694,6629010,-13.8970947265625,0.8227170867644371
2024-05-28,1445.5010986328125,1467.6373066821805,1442.0764946111178,1457.2144512745626,7820162,-9.976318359375,0.8094848509551988
2024-05-29,1430.1895751953125,1447.287997987601,1427.8815843874524,1435.87248908715,7383556,-15.3115234375,0.7891761878366763
2024-05-30,1414.3814697265625,1429.817270893488,1409.6663684202383,1424.9532474164846,13206858,-15.80810546875,0.7682088758760228
2024-05-31,1419.8907470703125,1431.653659822201,1411.800601617005,1420.7841589242364,31069832,5.50927734375,0.7755161864814917
2024-06-03,1499.228515625,1503.3728901534053,1448.2806515244756,1472.1043222829317,21527942,79.3377685546875,0.8807469965135166
2024-06-04,1387.0091552734375,1487.0437791255476,1349.3131842665357,1487.0437791255476,36709098,-112.2193603515625,0.7319032061448636
2024-06-05,1410.3116455078125,1420.6352601794422,1373.9308915121778,1411.5524616660985,17464890,23.302490234375,0.7628108049820601
2024-06-06,1421.0819091796875,1433.0929853880773,1410.9072166555904,1424.4569533735907,17855722,10.770263671875,0.7770961017719322
2024-06-07,1459.1500244140625,1461.1850112482905,1416.0193060772324,1418.004611799037,18558696,38.068115234375,0.8275883033485931
2024-06-10,1460.5894775390625,1482.3781598703026,1457.2888339961758,1459.150058153404,9251760,1.439453125,0.8294975430600993
2024-06-11,1445.9727783203125,1462.847878399236,1443.9874724286744,1458.20717740815,11774902,-14.61669921875,0.8101104702093762
2024-06-12,1452.5738525390625,1465.1557773484808,1444.48382780751,1446.7916974833406,10081742,6.60107421875,0.8188659015729614
2024-06-13,1454.4847412109375,1461.433311890669,1449.3725542618724,1461.1851486521073,9181160,1.910888671875,0.821400436719155
2024-06-14,1466.6944580078125,1468.8038455887872,1446.518713499826,1459.199879544848,8157998,12.209716796875,0.8375949732205332
2024-06-18,1470.1439208984375,1476.4720837189377,1460.5399547367645,1476.4224025999808,7196766,3.449462890625,0.8421702187910671
2024-06-19,1447.9332275390625,1476.571240472528,1445.3026730272272,1476.571240472528,8725874,-22.210693359375,0.8127107407119869
2024-06-20,1462.8726806640625,1471.9554798675892,1439.446094050177,1448.280730003189,16113776,14.939453125,0.832525902928146
2024-06-21,1443.515869140625,1463.8652545834836,1429.9909727182371,1462.7982011333013,31170360,-19.3568115234375,0.8068517127743795
2024-06-24,1430.88427734375,1438.8503408924523,1426.9385064042085,1434.9045699529108,8878386,-12.631591796875,0.7900976161947308
2024-06-25,1443.46630859375,1445.2282918111714,1430.412898092634,1432.3982039886682,7045386,12.58203125,0.8067859774179622
2024-06-26,1502.9013671875,1507.8149506909176,1434.5075565031482,1435.425808927042,22014882,59.43505859375,0.8856185369171625
2024-06-27,1519.304931640625,1526.2038207675607,1494.9352546835423,1502.6283145931025,28383030,16.403564453125,0.9073756446132912
2024-06-28,1553.89892578125,1569.3842873036351,1519.7764812043604,1519.7764812043604,28957336,34.593994140625,0.9532598948509547
2024-07-01,1548.6875,1567.7960689891884,1544.2454023527885,1551.0450507194453,7724306,-5.21142578125,0.9463476440229681
2024-07-02,1553.6756591796875,1561.9394466769938,1545.5606726889605,1557.968834801107,7749246,4.9881591796875,0.9529637619275872
2024-07-03,1541.019287109375,1563.4283787351976,1531.440162014497,1554.8170660210362,9049620,-12.6563720703125,0.9361767976697304
2024-07-04,1542.6075439453125,1555.983518377374,1539.4062623766438,1545.5606622734106,6837176,1.5882568359375,0.9382834053602327
2024-07-05,1576.9532470703125,1586.755694667964,1536.6267221432645,1542.4088769403463,12269710,34.345703125,0.9838383311768304
2024-07-08,1589.13818359375,1596.9801663885871,1570.898185044045,1577.3255888697254,9500806,12.1849365234375,1.0
2024-07-09,1578.5911865234375,1588.7410386525216,1568.887979750272,1585.8623208770043,6960002,-10.5469970703125,0.9860108361334952
2024-07-10,1572.5855712890625,1585.7630632323037,1551.6654591589945,1583.281430895477,7134578,-6.005615234375,0.978045200505385
2024-07-11,1569.036865234375,1592.463449956501,1558.9614138424097,1575.8365135146928,11940946,-3.5487060546875,0.973338322312272
2024-07-12,1584.9937744140625,1593.3569240772113,1562.9320865975435,1572.8586162043875,12924784,15.9569091796875,0.9945030022519217
2024-07-15,1585.4901123046875,1594.0517441522056,1573.8512804915936,1592.6620057625546,5329688,0.496337890625,0.995161327274563
2024-07-16,1564.669189453125,1588.24469666931,1557.5965372882697,1581.792452589091,9386838,-20.8209228515625,0.9675451916408266
2024-07-18,1575.0177001953125,1582.1895936713806,1546.379565062024,1564.4210812674708,12298374,10.3485107421875,0.9812710902621733
2024-07-19,1543.7242431640625,1578.293333314245,1541.3915329908289,1574.3475621142547,13140390,-31.29345703125,0.9397645557063026
2024-07-22,1489.6495361328125,1526.203933085127,1488.2597977476694,1525.9557698439748,19674376,-54.07470703125,0.86804177692383
2024-07-23,1476.96826171875,1494.6870915999891,1452.2511804820083,1489.9719903646578,18052044,-12.6812744140625,0.8512217830780193
2024-07-24,1484.7109375,1498.4095963901725,1465.552808673545,1474.0895996286229,11913362,7.74267578125,0.8614913943756279
2024-07-25,1481.4351806640625,1489.4508041915794,1466.2227025912728,1470.1189136102262,12519876,-3.2757568359375,0.857146546372044
2024-07-26,1497.9381103515625,1501.3131545447015,1479.4002684339398,1481.4352554076795,9859940,16.5029296875,0.8790354486004968
2024-07-29,1508.9317626953125,1516.2774189432153,1500.6679751498336,1500.8416167163412,7538550,10.99365234375,0.8936170402234809
2024-07-30,1502.03271484375,1513.795627121447,1498.9058340677934,1505.8792447159435,8228208,-6.8990478515625,0.8844663871726681
2024-07-31,1494.364501953125,1499.3524857083617,1490.1208866802615,1492.9499231376883,10057346,-7.668212890625,0.8742955408194302
2024-08-01,1504.1671142578125,1506.8472288436842,1493.2479314401046,1500.8913109431162,10764222,9.8026123046875,0.8872973790617187
2024-08-02,1488.3092041015625,1498.2357327232485,1482.3037269895096,1493.9425575637474,10268248,-15.85791015625,0.8662640079251582
2024-08-05,1436.6912841796875,1472.9976360481728,1422.7197433328895,1469.1262655731218,17046704,-51.617919921875,0.7977998246679374
2024-08-06,1445.3524169921875,1466.6447748995176,1440.6620347326757,1444.4590050773538,10236186,8.6611328125,0.8092876448859472
2024-08-07,1454.062744140625,1461.6814036613468,1450.7622216985117,1458.207118491354,8174568,8.7103271484375,0.8208407147311396
2024-08-08,1438.478271484375,1454.2366377811502,1435.3018303695276,1446.816580877676,12387192,-15.58447265625,0.800170021423088
2024-08-09,1463.46826171875,1465.6520496932055,1445.3026646483625,1449.2732763644294,6249776,24.989990234375,0.8333158605733662
2024-08-12,1449.8936767578125,1462.1777566892652,1447.0397996020206,1459.199797918004,8184584,-13.5745849609375,0.8153110112145976
2024-08-13,1452.8717041015625,1459.2742672925806,1447.28803114191,1450.0178268110735,6265064,2.97802734375,0.819260961350444
2024-08-14,1451.1097412109375,1461.1851932386814,1443.0195951522678,1452.7973239887267,6267466,-1.761962890625,0.8169239560929917
2024-08-16,1467.339599609375,1469.5235088888628,1447.337738823352,1457.8598362701878,9416902,16.2298583984375,0.8384506662221707
2024-08-19,1482.4791259765625,1492.3397678065596,1474.6105280885963,1476.6025720306277,13797742,15.1395263671875,0.8585311985101713
2024-08-20,1489.9990234375,1497.942395948273,1484.0976661921163,1491.268975771349,8411808,7.5198974609375,0.8685053245233925
2024-08-21,1492.7132568359375,1501.8766102174725,1484.072717714687,1487.30978907883,7769996,2.7142333984375,0.8721053877005749
2024-08-22,1492.1654052734375,1500.5070892244864,1484.720165407205,1497.0210123494212,10445782,-0.5478515625,0.8713787367655987
2024-08-23,1494.008056640625,1505.3128818837536,1492.4642955105633,1497.768063961028,9249654,1.8426513671875,0.8738227643644101
2024-08-26,1506.5828857421875,1516.941539085057,1497.021098650585,1500.9802618699923,8816114,12.5748291015625,0.8905015729126942
2024-08-27,1494.481201171875,1507.4544123852302,1493.485179145279,1504.4912711730517,6251156,-12.1016845703125,0.8744503265355259
2024-08-28,1492.33984375,1501.4782728482842,1487.0608784010917,1499.0131426615155,9610286,-2.141357421875,0.8716101057910179
2024-08-29,1514.874755859375,1530.885760314005,1488.0568158159556,1497.1205913811584,38335358,22.534912109375,0.9014996161524724
2024-08-30,1503.6197509765625,1533.599989641746,1497.3447635789732,1527.89778785993,41620730,-11.2550048828125,0.8865713757657219
2024-09-02,1510.2183837890625,1520.7264647058682,1500.6316718721823,1504.8647654458696,11240852,6.5986328125,0.8953235689344097
2024-09-03,1503.1217041015625,1516.941509382377,1501.5031683479538,1515.1984708784903,10923800,-7.0966796875,0.8859107840066527
2024-09-04,1508.525146484375,1511.463362707152,1493.534966971581,1494.7301447200666,11983304,5.4034423828125,0.8930777188633194
2024-09-05,1487.035888671875,1519.7054581926027,1481.1345314015284,1513.0072347057646,16264168,-21.4892578125,0.8645751273764204
2024-09-06,1458.997802734375,1491.0448575756725,1455.8105811316243,1486.5627588054049,19394228,-28.0380859375,0.8273864018967405
2024-09-09,1456.63232421875,1464.07768593117,1449.809597840599,1460.666261949736,9010298,-2.365478515625,0.8242489148606513
2024-09-10,1455.7110595703125,1466.1942153054945,1451.7766997689328,1454.6901127162012,10768260,-0.9212646484375,0.823026982016118
2024-09-11,1445.7259521484375,1462.9073318760024,1441.7917138302157,1457.2300550346945,9760202,-9.985107421875,0.8097830887052493
2024-09-12,1473.913330078125,1480.088617533546,1440.1232367942907,1451.2039809867947,22349376,28.1873779296875,0.8471698298029049
2024-09-13,1466.766845703125,1477.2500011980833,1463.6542770635715,1470.526852936648,8711328,-7.146484375,0.8376909856992409
2024-09-16,1465.4969482421875,1475.0090069946318,1458.9232273463058,1471.6723576050656,5481774,-1.2698974609375,0.8360066386233593
2024-09-17,1466.4432373046875,1471.5975781970765,1460.790763828237,1468.1364260685732,5935328,0.9462890625,0.8372617629655907
2024-09-18,1457.6282958984375,1476.10455198121,1454.7399294679983,1464.1522884024148,8574714,-8.81494140625,0.825569936469045
2024-09-19,1463.82861328125,1470.6264144806405,1449.7598031867433,1460.4171894563085,16955902,6.2003173828125,0.8337938181402222
2024-09-20,1480.0140380859375,1489.0528890965668,1465.5218693608433,1468.136427109257,30897320,16.1854248046875,0.8552615931222685
2024-09-23,1487.434326171875,1495.5270047691104,1483.026880271187,1485.0687739665293,8832314,7.4202880859375,0.8651036007836757
2024-09-24,1483.4501953125,1494.530939532627,1481.9561623839436,1482.5786761041754,17137444,-3.984130859375,0.8598191905306116
2024-09-25,1488.0069580078125,1490.546862638843,1474.3116560624171,1477.9970102640052,7069002,4.5567626953125,0.8658631193968604
2024-09-26,1491.9910888671875,1498.017070530802,1482.1305684499498,1484.7202013028073,18818998,3.984130859375,0.8711475296499245
2024-09-27,1520.1038818359375,1527.3747692811155,1486.06478230705,1493.0369361114394,20597478,28.11279296875,0.9084353438934647
2024-09-30,1470.701171875,1518.9086621673466,1468.5348969230115,1513.3558880158446,27008814,-49.4027099609375,0.8429093367763982
2024-10-01,1458.997802734375,1482.0308103038055,1457.0057588364782,1474.7599230273088,16431642,-11.703369140625,0.8273864018967405
2024-10-03,1401.3780517578125,1443.634334423912,1396.4975195620746,1430.8602791168494,37757294,-57.6197509765625,0.7509616022135006
2024-10-04,1381.0093994140625,1411.711728297617,1376.2782950115372,1398.34020617394,37072876,-20.36865234375,0.7239453421845075
2024-10-07,1365.272216796875,1390.9447078848398,1355.9594355150189,1387.9566419173104,22181340,-15.7371826171875,0.7030720997856235
2024-10-08,1391.791259765625,1395.4267642320656,1359.669551595401,1367.513224520688,17020808,26.51904296875,0.7382460204001422
2024-10-09,1369.1318359375,1395.4019165531051,1367.040214025334,1391.9656892391697,14310610,-22.659423828125,0.7081913620989204
2024-10-10,1365.595947265625,1380.4864268287754,1363.9774115920343,1374.5352199766685,22358646,-3.535888671875,0.7035014844290186
2024-10-11,1366.6417236328125,1377.7723178051706,1363.3797273571677,1364.5501018082973,7980122,1.0457763671875,0.704888565213319
2024-10-14,1367.0650634765625,1374.5849563155427,1362.8070452852592,1373.962442591221,12221432,0.42333984375,0.7054500682085278
2024-10-15,1338.678466796875,1366.243302159234,1335.3666207605413,1353.1207855156183,33762794,-28.3865966796875,0.6677990904072444
2024-10-16,1348.6884765625,1358.574043806933,1332.3039628645522,1334.6695151768993,20034438,10.010009765625,0.6810760133060667
2024-10-17,1351.0291748046875,1363.0062419523483,1346.6715786036464,1360.2671814831224,15543660,2.3406982421875,0.6841806326639472
2024-10-18,1353.8927001953125,1362.9814005892638,1335.98910817891,1346.796043723323,12082452,2.863525390625,0.6879787114591056
2024-10-21,1363.7532958984375,1368.5342502099145,1352.3239675798943,1361.686598848784,14067408,9.860595703125,0.7010574568302073
2024-10-22,1338.006103515625,1370.5262455038624,1334.8935348258,1363.7532474009167,15831960,-25.7471923828125,0.666907291532501
2024-10-23,1333.2003173828125,1352.0748848775756,1329.689315659354,1332.1793705575924,17214742,-4.8057861328125,0.6605330667867175
2024-10-24,1334.4703369140625,1338.3547254831988,1317.8616212723591,1329.9633130042932,22155934,1.27001953125,0.6622175757723441
2024-10-25,1322.5677490234375,1339.002111534351,1316.7410448137834,1338.1555171764887,18597496,-11.902587890625,0.6464304041890585
2024-10-28,1329.0418701171875,1347.6177038778262,1316.8406011796387,1331.6813526124563,10824350,6.47412109375,0.655017449417979
2024-10-29,1334.66943359375,1337.856655249044,1315.0478495098762,1322.8167478889227,12008361,5.6275634765625,0.6624816505662268
2024-10-30,1338.553955078125,1344.62966480214,1320.0776988278842,1329.6893351932274,11984423,3.884521484375,0.6676339424674771
2024-10-31,1326.7510986328125,1337.6574904459744,1320.8745447599274,1334.6694245700712,9331650,-11.8028564453125,0.6519790511457504
2024-11-01,1333.3248291015625,1336.6116286385318,1327.6972806767253,1327.7471304089104,2127335,6.57373046875,0.6606982147264848
2024-11-04,1296.9700927734375,1334.6695017714562,1279.9878687625326,1332.5280301195803,19796890,-36.354736328125,0.612478578328818
2024-11-05,1300.1075439453125,1304.340637375998,1281.0336986406933,1287.8564249120311,16267479,3.137451171875,0.6166399825914644
2024-11-06,1320.0777587890625,1323.0160966964434,1295.0277806900112,1304.7888451117578,21625209,19.97021484375,0.6431277692132022
2024-11-07,1300.4561767578125,1318.7331565363688,1297.4182609581876,1318.7331565363688,9611974,-19.62158203125,0.6171023968228129
2024-11-08,1278.6431884765625,1296.4720058402277,1269.9279963447846,1292.4879180085577,19814406,-21.81298828125,0.5881704206925189
2024-11-11,1267.6370849609375,1280.884225507143,1261.9598084895413,1273.8622221377802,9056552,-11.006103515625,0.573572314275558
2024-11-12,1269.1810302734375,1284.1712099692156,1262.4578817905294,1270.4759075040322,10671091,1.5439453125,0.5756201487286727
2024-11-13,1247.0693359375,1270.3761523895544,1244.5294313213271,1265.196886863478,14633633,-22.1116943359375,0.5462919794526822
2024-11-14,1262.5574951171875,1267.537605244334,1246.1231316976048,1248.613186761178,12612633,15.4881591796875,0.5668349259720313
2024-11-18,1255.7347412109375,1267.8364328732807,1238.951794764919,1262.55746761959,13620611,-6.82275390625,0.5577854665117623
2024-11-19,1236.710693359375,1276.4021442257297,1230.236550606767,1255.734688515481,14183746,-19.0240478515625,0.5325526423225113
2024-11-21,1218.1348876953125,1239.0014996478671,1212.407761281373,1236.7107220331202,19433843,-18.5758056640625,0.5079143507164223
2024-11-22,1260.3662109375,1263.8024380613526,1217.586994857739,1224.509420421979,20471957,42.2313232421875,0.5639284841418717
2024-11-25,1281.8802490234375,1299.260783408558,1277.3483005192684,1284.868314871977,28923341,21.5140380859375,0.5924639433069792
2024-11-26,1290.545654296875,1292.687125909721,1279.0914013187908,1289.7986377983043,9247557,8.6654052734375,0.6039574303660595
2024-11-27,1288.0555419921875,1298.6632001168684,1280.8842325588682,1288.3543972122054,9572746,-2.4901123046875,0.6006546334804581
2024-11-28,1265.7447509765625,1291.442044503892,1264.0017125526565,1284.818474176107,15027412,-22.310791015625,0.5710623894105846
2024-11-29,1287.0595703125,1294.3305794929802,1270.177046170391,1274.9081506356404,13202307,21.3148193359375,0.5993336118720645
2024-12-02,1303.9422607421875,1306.133460567327,1271.9699779978705,1282.876370557777,11024152,16.8826904296875,0.6217262153168077
2024-12-03,1318.035888671875,1321.5219654799555,1301.8006823317874,1311.760901783446,16869482,14.0936279296875,0.6404195049107633
2024-12-04,1303.742919921875,1323.1156203515295,1298.8625094957515,1320.7251432865569,19608540,-14.29296875,0.6214618167034351
2024-12-05,1316.7908935546875,1324.6593698468237,1300.9541199209712,1309.1214514378748,16858723,13.0479736328125,0.638768187422835
2024-12-06,1306.3326416015625,1318.6334884089777,1304.7887589399247,1318.6334884089777,9037514,-10.458251953125,0.6248967319408503
2024-12-09,1289.9979248046875,1309.7689372979064,1287.9560310594236,1297.816673231309,14650002,-16.334716796875,0.6032309413408281
2024-12-10,1279.73876953125,1289.7488386952923,1275.107243177966,1284.121290398709,16043729,-10.2591552734375,0.5896235606527263
2024-12-11,1273.115234375,1284.8683422637005,1270.9738844056644,1279.8882324099652,11724373,-6.62353515625,0.5808383378960851
2024-12-12,1257.876220703125,1273.1152845047754,1255.5853214463157,1264.9479526569407,20906813,-15.239013671875,0.5606258491660152
2024-12-13,1267.78662109375,1270.1272485556606,1234.6688884780408,1254.9877622795104,28630222,9.910400390625,0.5737706537130236
2024-12-16,1263.2547607421875,1275.904191603511,1261.511722229068,1269.9280595585296,9486781,-4.5318603515625,0.5677597544347284
2024-12-17,1240.34619140625,1258.8721754853295,1237.8561365143116,1256.033537225462,17462791,-22.9085693359375,0.5373746383442268
2024-12-18,1248.2645263671875,1254.9378248920182,1235.714673937889,1235.714673937889,12670179,7.9183349609375,0.5478772377647034
2024-12-19,1225.55517578125,1239.947766097918,1224.1109925687356,1234.0712121990753,14244653,-22.7093505859375,0.5177563583778297
2024-12-20,1200.50537109375,1234.5692750261348,1196.7204388413884,1219.1309339507775,20312896,-25.0498046875,0.4845311834525652
2024-12-23,1217.437744140625,1222.3181546925216,1208.3738466363206,1210.166734877433,10052824,16.932373046875,0.5069896841634705
2024-12-24,1217.8858642578125,1228.6429501715868,1216.1428258096823,1217.4377030050357,6734917,0.4481201171875,0.5075840548368877
2024-12-26,1211.7105712890625,1222.8161189414398,1209.419672133533,1219.3798917928575,10016178,-6.17529296875,0.4993933646634088
2024-12-27,1216.1927490234375,1223.0154756156849,1212.1588111658666,1213.4536884394554,7000397,4.482177734375,0.5053383666755422
2024-12-30,1205.8837890625,1218.3340640862093,1203.294156174512,1211.5611874241415,8818766,-10.3089599609375,0.4916649268115334
2024-12-31,1210.6148681640625,1214.2503727116298,1201.3519366916562,1203.1945530395503,6405475,4.7310791015625,0.4979400627934565
2025-01-01,1216.391845703125,1221.4218053468785,1206.7802092584152,1210.0172807004092,5892590,5.7769775390625,0.5056024414694249
2025-01-02,1236.860107421875,1239.4994683243335,1215.1467802555553,1216.3918076943417,15486276,20.46826171875,0.532750819850232
2025-01-03,1246.1729736328125,1257.0296379589822,1230.5852047154665,1238.9518139936486,15521102,9.3128662109375,0.5451030761961022
2025-01-06,1213.15478515625,1256.9797527645217,1210.1667191829588,1248.961727102304,14816766,-33.0181884765625,0.5013089188549646
2025-01-07,1235.913818359375,1239.5493228115215,1216.3918123612464,1217.1388288273845,10070505,22.759033203125,0.5314956955080004
2025-01-08,1260.4658203125,1265.9937909556584,1240.395953024955,1244.0314575822304,19346579,24.552001953125,0.5640606024936854
2025-01-09,1249.758544921875,1264.698874209644,1243.0852464738894,1261.9598138402198,12794704,-10.707275390625,0.5498588511321663
2025-01-10,1236.959716796875,1251.750618829338,1231.0831628192257,1248.8621307808614,8120332,-12.798828125,0.5328829382020459
2025-01-13,1234.9178466796875,1240.2963897717905,1221.5213994754447,1225.1070543419412,13764861,-2.0418701171875,0.5301746738996069
2025-01-14,1233.822265625,1248.3641626627486,1222.3680125031533,1239.1509590647415,13095266,-1.0955810546875,0.5287215339393994
2025-01-15,1247.2186279296875,1251.999581888204,1236.90982514039,1239.9974688456068,9578856,13.3963623046875,0.5464899950706579
2025-01-16,1261.4119873046875,1269.9280238633037,1246.3223515830243,1253.8920943102864,14117603,14.193359375,0.5653155649261721
2025-01-17,1297.169189453125,1320.72513338128,1279.888232575373,1316.9900509904955,29366277,35.7572021484375,0.6127426531227007
2025-01-20,1300.2568359375,1310.764916385877,1295.07757031211,1310.764916385877,14040244,3.087646484375,0.6168379982094403
2025-01-21,1268.6331787109375,1307.776892128252,1265.1471016946018,1305.2868371165837,14562976,-31.6236572265625,0.5748934977936966
2025-01-22,1272.0196533203125,1277.7966294698952,1263.6530443254642,1273.2149526536994,10273590,3.386474609375,0.5793851979358775
2025-01-23,1258.6231689453125,1272.2686211078578,1256.581275301743,1264.947884048613,8720682,-13.396484375,0.561616574894874
2025-01-24,1241.34228515625,1267.9360243063209,1238.5533748820974,1260.9638702056577,14235970,-17.2808837890625,0.5386958218623654
2025-01-27,1224.4595947265625,1235.515414368934,1215.1468135462453,1234.1708090151494,9536019,-16.8826904296875,0.5163032184176222
2025-01-28,1229.4896240234375,1239.7984277662488,1213.652849353825,1233.0752790316255,10568025,5.030029296875,0.5229748713647318
2025-01-29,1230.585205078125,1237.8063647194172,1223.1648896668228,1231.0832160878692,5928156,1.0955810546875,0.5244280113249391
2025-01-30,1248.0654296875,1251.9996679975989,1227.497550840604,1230.635044492625,9269259,17.480224609375,0.5476131629708205
2025-01-31,1260.0673828125,1261.9598488917904,1244.0314532484974,1250.8541794958078,6584612,12.001953125,0.5635321290864301
2025-02-01,1259.5693359375,1265.495739501575,1236.06324219181,1260.0673469134033,7118453,-0.498046875,0.5628715373273607
2025-02-03,1240.94384765625,1251.003645649064,1232.6270881824537,1246.0235355947286,9252345,-18.62548828125,0.5381673484551099
2025-02-04,1280.08740234375,1283.6731787459128,1241.6409781641655,1243.085282988569,16691069,39.1435546875,0.5900859748840748
2025-02-05,1273.115234375,1285.366353249074,1271.6212014188793,1277.5476050956522,10112028,-6.97216796875,0.5808383378960851
2025-02-06,1276.4520263671875,1282.8763195509282,1265.2965071593935,1268.6331564996678,9956001,3.3367919921875,0.585264140772104
2025-02-07,1261.6610107421875,1278.5933846345008,1256.979756005846,1271.073491533156,8764283,-14.791015625,0.5656458608057067
2025-02-10,1248.6629638671875,1261.461821832557,1240.5952102474196,1259.469777897567,6970972,-12.998046875,0.5484057111719587
2025-02-11,1229.937744140625,1259.519670533727,1225.2066396338644,1259.519670533727,8859714,-18.7252197265625,0.523569242038149
2025-02-12,1211.7105712890625,1222.0193743195214,1188.6027887286011,1214.5989377224969,21131654,-18.2271728515625,0.4993933646634088
2025-02-13,1211.2623291015625,1223.1150152108587,1207.1786632211406,1212.2086229517822,8511216,-0.4482421875,0.49879883208024656
2025-02-14,1212.40771484375,1219.1308629852126,1200.6546072366425,1214.1507532507958,10298145,1.1453857421875,0.5003180312163609
2025-02-17,1220.02734375,1222.6169765728448,1199.7084711054922,1206.2821918357026,8166683,7.61962890625,0.5104244374911406
2025-02-18,1220.525390625,1225.0074896525716,1211.2623373341316,1219.9775298877432,6673250,0.498046875,0.5110850292502098
2025-02-19,1222.567138671875,1227.8461038341088,1212.706618273488,1214.6488125132394,6217338,2.041748046875,0.5137931316429041
2025-02-20,1228.0950927734375,1234.4198079853766,1217.1388510698623,1219.0810452834291,7795582,5.5279541015625,0.5211252144393379
2025-02-21,1223.264404296875,1235.0672403005465,1217.2882724889691,1223.8121434284387,6904025,-4.8306884765625,0.5147179601056009
2025-02-24,1209.718505859375,1218.3838481751116,1205.68456833515,1211.7105497558396,7172498,-13.5458984375,0.49675115953687676
2025-02-25,1199.21044921875,1216.142822671174,1196.7203942992758,1206.1826029932777,11552182,-10.508056640625,0.48281364487898504
2025-02-27,1202.298095703125,1210.166693583284,1195.8738026303336,1207.975493883109,11509215,3.087646484375,0.4869089899657246
2025-02-28,1195.325927734375,1212.5073065135475,1188.5530513693543,1197.218393771922,23007298,-6.97216796875,0.47766135297773493
2025-03-03,1166.5906982421875,1201.6506219268736,1151.4013636439431,1199.2104168056296,17944938,-28.7352294921875,0.43954796094510296
2025-03-04,1157.2779541015625,1169.3297956512124,1154.9373267832575,1157.576687742468,11377373,-9.312744140625,0.42719586650897745
2025-03-05,1170.9234619140625,1178.294049175979,1152.3974766666165,1156.38156474498,8664095,13.6455078125,0.4452947854295155
2025-03-06,1204.7882080078125,1209.1208794668382,1180.4355183146993,1192.2383549047067,14468014,33.86474609375,0.4902117868513258
2025-03-07,1244.828369140625,1249.8084792402678,1207.178688153437,1211.1627762331514,16474965,40.0401611328125,0.5433196403563603
2025-03-10,1233.4736328125,1252.9956391209716,1230.4855669004469,1240.0473535020744,11931051,-11.354736328125,0.5282591197080508
2025-03-11,1242.3382568359375,1244.5294565449085,1224.858022557904,1235.0672477916655,10089838,8.8646240234375,0.5400168434707588
2025-03-12,1252.0494384765625,1257.9757204337957,1239.0513034201438,1252.995610693361,11977555,9.711181640625,0.5528974113141398
2025-03-13,1242.9359130859375,1259.1212710412997,1238.901975238559,1255.0376050433522,9505270,-9.113525390625,0.540809553581642
2025-03-17,1233.9217529296875,1252.398008503818,1228.1946267891797,1237.208673957254,16640917,-9.01416015625,0.5288534903814683
2025-03-18,1233.9217529296875,1233.9217529296875,1233.9217529296875,1233.9217529296875,0,0.0,0.5288534903814683
2025-03-19,1242.1888427734375,1248.264552564328,1233.8720835165427,1236.113132982547,16162399,8.26708984375,0.5398186659430382
2025-03-20,1264.101318359375,1267.9359786597456,1245.0773228865291,1246.8700894970418,15971477,21.9124755859375,0.5688825985154011
2025-03-21,1271.2725830078125,1275.9041093610767,1265.0474458622175,1269.927977701306,21780769,7.1712646484375,0.5783943102972737
2025-03-24,1296.920166015625,1300.8046759652354,1279.141198398433,1285.86434660882,20299319,25.6475830078125,0.6124123572431661
2025-03-25,1280.33642578125,1302.497915186312,1277.4977874103538,1302.497915186312,13713899,-16.583740234375,0.5904162707636094
2025-03-26,1267.98583984375,1288.65329608475,1263.7028966635362,1285.8643858858131,12074747,-12.3505859375,0.5740348904166515
2025-03-27,1273.115234375,1279.8882324099652,1266.242780044616,1273.0655062272906,15028056,5.12939453125,0.5808383378960851
2025-03-28,1270.027587890625,1290.5954658598978,1263.9518781988888,1274.9081198538831,18147129,-3.087646484375,0.5767429928093455
2025-04-01,1247.6170654296875,1272.8164693011493,1244.330265958221,1259.5693287834792,12099648,-22.4105224609375,0.5470184684779134
2025-04-02,1246.1729736328125,1250.5554948342144,1238.9518139936486,1242.5873186806543,10142590,-1.444091796875,0.5451030761961022
2025-04-03,1243.732666015625,1246.8204315907722,1228.145018441354,1228.145018441354,7434366,-2.4403076171875,0.541866338486408
2025-04-04,1199.9075927734375,1240.4954871764826,1188.4036122186155,1236.162816017271,17908652,-43.8250732421875,0.48373831143193713
2025-04-07,1161.062744140625,1166.590714623955,1110.415052053189,1127.6960086529814,22156106,-38.8448486328125,0.43221587814866913
2025-04-08,1177.4971923828125,1191.8399338970503,1158.6724733291408,1167.3378163352843,19555040,16.4344482421875,0.45401394901024994
2025-04-09,1180.6346435546875,1185.0670143686195,1163.3536863154889,1164.8477193030517,10223104,3.137451171875,0.45817535327289627
2025-04-11,1214.1009521484375,1217.786306450343,1190.3957018139645,1190.3957018139645,11224242,33.46630859375,0.5025638812874513
2025-04-15,1235.1668701171875,1246.0235343416643,1232.1788040875913,1246.0235343416643,13378535,21.06591796875,0.5305049697791415
2025-04-16,1234.3701171875,1235.9637280756608,1224.111041920754,1229.1907298200806,8248464,-0.7967529296875,0.5294481848743755
2025-04-17,1269.4300537109375,1275.1073305428426,1222.7165970526498,1235.266450081142,15398401,35.0599365234375,0.5759504446082073
2025-04-21,1290.346435546875,1295.7249783909904,1261.9598099867933,1264.947875835223,10429964,20.9163818359375,0.6036931936624317
2025-04-22,1286.0635986328125,1298.713151385602,1281.1831879455033,1294.8286411452225,13051707,-4.2828369140625,0.598012590263671
2025-04-23,1294.82861328125,1300.804745342548,1280.286716249035,1291.840547250601,10480888,8.7650146484375,0.6096381956745651
2025-04-24,1296.4222412109375,1299.3107293954529,1285.167265298474,1287.2588872304611,10468940,1.5936279296875,0.6117519273938419
2025-04-25,1295.22705078125,1319.928323767296,1282.9759313802824,1298.3146947064158,14431012,-1.1951904296875,0.6101666690818206
2025-04-28,1363.35498046875,1369.1318351951852,1314.9482133535364,1334.669497851195,31104496,68.1279296875,0.7005291453326967
2025-04-29,1394.1319580078125,1405.2874774645995,1364.5501529607263,1365.5461749701867,32538970,30.7769775390625,0.7413506397580227
2025-04-30,1399.410888671875,1406.781475676485,1363.5540972183608,1396.4228227174156,25480745,5.2789306640625,0.748352426674922
2025-05-02,1414.152099609375,1421.024554216323,1403.4945911426703,1408.3751233126775,13007841,14.7412109375,0.7679046474654123
2025-05-05,1425.6063232421875,1433.773654928142,1421.2238021682567,1425.3074680112338,12685649,11.4542236328125,0.7830971245557907
2025-05-06,1415.2476806640625,1426.3035005201457,1404.9886054552055,1425.3074785225756,14084117,-10.358642578125,0.7693577874256199
2025-05-07,1400.4068603515625,1418.733688530858,1397.1199392858432,1415.2476117092149,13440169,-14.8408203125,0.7496734482833156
2025-05-08,1401.4029541015625,1415.1481063364454,1392.438756100913,1398.51446598441,16106175,0.99609375,0.7509946318014542
2025-05-09,1371.721435546875,1389.251519832932,1369.032224808638,1379.988466695066,13668904,-29.6815185546875,0.7116261154265906
2025-05-12,1430.7855224609375,1433.275577320772,1394.430721507353,1394.430721507353,10674081,59.0640869140625,0.7899666312111311
2025-05-13,1410.0682373046875,1441.9409399606418,1406.7814377941193,1427.7974767909468,11407896,-20.71728515625,0.7624879569507896
2025-05-14,1418.7337646484375,1424.2118856620737,1409.8691445094285,1414.3512435205853,5570160,8.66552734375,0.7739816059196147
2025-05-15,1448.4151611328125,1455.5865925696291,1407.0802476372012,1419.3313670179805,20177211,29.681396484375,0.8133499603847334
2025-05-16,1450.6064453125,1455.1881221330052,1441.542669553187,1447.419102005185,9036695,2.1912841796875,0.816256402214893
2025-05-19,1435.0684814453125,1448.81351147394,1432.4787270944578,1446.3234565863577,6195791,-15.5379638671875,0.7956473965196369
2025-05-20,1418.932861328125,1439.2517336495314,1416.1440727881434,1432.4787356808251,11270560,-16.1356201171875,0.7742456807134974
2025-05-21,1423.5145263671875,1430.486680037078,1412.458707007589,1418.235682967954,6136364,4.5816650390625,0.7803226391676998
2025-05-22,1403.79345703125,1418.1361984129633,1391.3431818014155,1415.5464438973825,12134466,-19.7210693359375,0.7541653103352415
2025-05-23,1421.124267578125,1428.0964217220903,1401.004549811851,1401.004549811851,6474883,17.330810546875,0.7771522844534022
2025-05-26,1429.0924072265625,1435.2676949623965,1419.430920923106,1426.3034970063509,4842944,7.9681396484375,0.7877209430497856
2025-05-27,1416.44287109375,1431.2836233071982,1408.275539274527,1420.426959119657,12640414,-12.6495361328125,0.7709430457376412
2025-05-28,1407.279541015625,1416.9409060075968,1405.0882196135674,1414.4508509493858,5944611,-9.163330078125,0.7587891288292365
2025-05-29,1412.1600341796875,1414.3512339364067,1402.996558868143,1406.4826358531975,13771917,4.8804931640625,0.7652624423388803
2025-05-30,1415.2476806640625,1424.9090454066045,1404.0921613404494,1412.3591925541664,13788484,3.087646484375,0.7693577874256199
2025-06-02,1408.0762939453125,1411.8612262898896,1390.0483195350275,1406.4826830156508,8098668,-7.17138671875,0.7598459137340023
2025-06-03,1399.908935546875,1420.825397764224,1397.8173136420835,1416.6421539546416,11252626,-8.1673583984375,0.7490130184339914
2025-06-04,1417.8372802734375,1420.0284799827916,1400.506473605418,1409.0722382665938,8126827,17.9283447265625,0.7727925407532901
2025-06-05,1436.662109375,1448.913106617055,1417.9368477633757,1422.3193687346825,13716817,18.8248291015625,0.7977611282389134
2025-06-06,1437.7576904296875,1445.7258660607492,1431.28354772945,1435.2676355449807,8182161,1.0955810546875,0.799214268199121
2025-06-09,1443.0367431640625,1451.70208605586,1439.5506661134996,1451.204075048637,7885125,5.279052734375,0.8062162170257652
2025-06-10,1432.777587890625,1448.1163503747662,1430.2875329933524,1444.2318404180787,7913181,-10.2591552734375,0.7926088363376633
2025-06-11,1443.13623046875,1462.7578142878924,1437.3592545136698,1440.048586734708,8195700,10.358642578125,0.8063481734678342
2025-06-12,1435.865234375,1451.2039968882907,1428.6939248911117,1447.7179200254843,8828114,-7.27099609375,0.7967041814244027
2025-06-13,1422.2198486328125,1429.7895915718395,1408.673973649598,1418.335338487147,9757276,-13.6453857421875,0.7786054244136096
2025-06-16,1432.0804443359375,1436.6621211041454,1418.7337255535565,1421.223780491138,8458093,9.860595703125,0.7916841697847112
2025-06-17,1425.506591796875,1442.2398094911548,1420.12817043809,1442.2398094911548,10366599,-6.5738525390625,0.7829648442942319
2025-06-18,1424.4110107421875,1437.0605628519918,1420.028489708749,1424.3114328610282,6681735,-1.0955810546875,0.7815117043340245
2025-06-19,1427.598388671875,1434.1721095891817,1420.0285241646616,1424.4110453044384,10007230,3.1873779296875,0.7857393296823227
2025-06-20,1460.367431640625,1465.148385952672,1422.4190171371763,1425.3075053013415,29010635,32.76904296875,0.8292030292341808
2025-06-23,1451.0048828125,1457.9770367383994,1436.2637087352834,1447.2199506188397,5989078,-9.362548828125,0.8167848756221485
2025-06-24,1445.0286865234375,1469.1323689599471,1437.359244595668,1459.1721495093714,16402744,-5.9761962890625,0.8088582602425523
2025-06-25,1461.463134765625,1466.5428226679085,1454.690136506102,1458.1762135192969,7525851,16.4344482421875,0.8306563311041331
2025-06-26,1489.3516845703125,1492.8377614283193,1459.2717484446844,1463.2558362824063,14657893,27.8885498046875,0.8676467171463473
2025-06-27,1509.3717041015625,1515.9454247275912,1490.9452978220222,1493.4353527246628,11117052,20.02001953125,0.894200562943992
2025-06-30,1494.630615234375,1518.734421010171,1490.0489382705405,1507.7781788170053,8409527,-14.7410888671875,0.8746485040632466
