Date,Close,High,Low,Open,Volume,Close_diff,Close_scaled
2021-01-01,562.5928955078125,565.8953275988437,552.7799314013818,559.0545754102791,8229768,,0.02172115204365971
2021-01-04,570.2828979492188,575.0478244165437,561.6022073293262,566.1312457775772,11329298,7.69000244140625,0.02727062828494392
2021-01-05,569.3865356445312,574.3401842511506,566.1312693279255,574.104296222264,7790158,-0.8963623046875,0.02662377006203076
2021-01-06,571.1320190429688,576.463110925213,562.4985527218835,569.999745115165,6422080,1.7454833984375,0.027883394974115128
2021-01-07,567.9239501953125,573.6795941400574,564.244074499596,571.8396562921992,4555702,-3.20806884765625,0.025568297939215223
2021-01-08,585.757080078125,587.644184110329,569.9054177255812,572.736073773887,11451416,17.8331298828125,0.03843754360545015
2021-01-11,585.9458618164062,592.5507266033867,579.3881631170769,588.493464037926,7516087,0.18878173828125,0.03857377760269043
2021-01-12,575.2366943359375,588.6823148821934,572.7834237525273,585.9459901210452,6747035,-10.70916748046875,0.03084552641556504
2021-01-13,568.3013916015625,579.8127381984931,563.5364652384865,576.5103060037092,6186661,-6.935302734375,0.025840677841877324
2021-01-14,572.7831420898438,577.1235151769724,562.7343493874673,568.3012707783585,6730284,4.48175048828125,0.029074924910533984
2021-01-15,570.1884155273438,581.9828145643559,564.338382087018,574.623121083228,8389544,-2.5947265625,0.02720244521745996
2021-01-18,548.6282958984375,573.0662569855238,545.7976400326856,569.9997131309593,7414570,-21.56011962890625,0.011643624196074065
2021-01-19,562.8759765625,568.9618989397757,550.4210777045552,553.77073362923,5500391,14.2476806640625,0.021925436970656298
2021-01-20,561.1304321289062,569.5280110665683,559.4792159929232,567.2635206339862,5182972,-1.74554443359375,0.020665768012662677
2021-01-21,549.9964599609375,564.9517354758009,547.8734680530953,564.2440715065202,4546393,-11.13397216796875,0.012630957297314838
2021-01-22,542.7311401367188,553.8178765088855,538.3907662371121,549.9965022985759,5591688,-7.26531982421875,0.0073879524924346796
2021-01-25,553.2990112304688,560.469984630882,534.9940762385692,544.5239300456781,8149590,10.56787109375,0.015014237399698649
2021-01-27,537.6358642578125,552.8270844908835,531.9273867472727,552.8270844908835,8534047,-15.66314697265625,0.003710955944224492
2021-01-28,532.4935302734375,542.0706057876062,519.3310263875441,523.5770102448882,9863454,-5.142333984375,0.0
2021-01-29,553.1102294921875,566.1312364116868,522.8221737902538,535.9375704697302,22539938,20.61669921875,0.014878003402458428
2021-02-01,556.83740234375,565.5652609535903,546.8828796952326,562.3571601583532,12621971,3.7271728515625,0.01756771089533704
2021-02-02,575.0477905273438,582.0772645994515,558.1110202379936,563.2533902687218,15788247,18.21038818359375,0.030709204326506367
2021-02-03,593.6829223632812,611.7991320507191,576.0384886698401,577.9255926458264,23788455,18.6351318359375,0.04415721323998889
2021-02-04,595.8532104492188,604.8169562912893,590.8995614312324,596.7967626431209,7926593,2.1702880859375,0.04572339768029576
2021-02-05,598.9196166992188,607.8833604702193,587.974436814776,597.7401767293502,10981738,3.06640625,0.047936264159878894
2021-02-08,598.8253784179688,608.4495640090463,596.8438844040371,604.7225791918405,6479801,-0.09423828125,0.047868257276031834
2021-02-09,593.5428466796875,608.4385497024488,591.0681882913111,601.4428383440503,5794015,-5.28253173828125,0.04405612787831209
2021-02-10,596.8740844726562,601.1096084167964,584.5006776791151,593.0193039748656,6902162,3.33123779296875,0.046460109558032814
2021-02-11,612.62646484375,617.4806245508775,592.0199591069685,592.0199591069685,11433578,15.75238037109375,0.057827786132797376
2021-02-12,596.9217529296875,622.8583185585117,592.353063702083,622.8583185585117,15471776,-15.7047119140625,0.04649450941313937
2021-02-15,597.2548828125,606.5825171724258,593.2573086315892,601.5379855577689,7310676,0.3331298828125,0.04673491198570234
2021-02-16,600.7288208007812,603.9173287713227,592.9716246249551,600.5860275093847,6137454,3.47393798828125,0.049241873001196645
2021-02-17,591.3060302734375,601.9186285410128,589.9259080006203,598.3969552531208,4700733,-9.42279052734375,0.04244193339694741
2021-02-18,586.356689453125,597.016866727175,584.5006668498224,592.0199140762103,5633766,-4.9493408203125,0.03887025061769983
2021-02-19,578.0284423828125,592.3054501384885,572.2224824661548,586.213961685376,7301975,-8.3282470703125,0.03286018630362503
2021-02-22,566.60693359375,581.4074225597575,561.9431451143703,578.6948138571236,5330343,-11.4215087890625,0.024617875309907056
2021-02-23,574.9351196289062,579.0278504394573,563.4659344401271,566.321336134925,7564187,8.32818603515625,0.030627895578072606
2021-02-24,572.4605102539062,579.97970050262,567.130391779408,577.8381490487513,3296243,-2.474609375,0.02884209823435807
2021-02-25,580.1701049804688,589.0694763801342,573.6502934237556,577.1719676318952,6261754,7.7095947265625,0.03440571321250424
2021-02-26,565.9404907226562,591.4011512481006,561.5622321499876,575.7916596510894,15404415,-14.2296142578125,0.024136938027053356
2021-03-01,575.3157348632812,581.359643866192,568.2723890153133,571.0802116747038,5274758,9.375244140625,0.030902565868014487
2021-03-02,584.5958251953125,586.6421612269825,575.363349571944,579.6464514297996,4776776,9.28009033203125,0.0375995261364902
2021-03-03,594.256591796875,595.2560287508626,582.7398295101839,586.7849814504343,6626297,9.6607666015625,0.044571200740816996
2021-03-04,589.116943359375,606.0589809934585,586.3091202072562,592.019923326158,11530735,-5.1396484375,0.04086218281659848
2021-03-05,581.7406005859375,589.5929563761536,577.6478691866677,589.5929563761536,6127488,-7.3763427734375,0.03553905850283373
2021-03-08,585.1669921875,591.9248112448836,581.835690116385,582.0260618533939,4554461,3.4263916015625,0.038011707755039925
2021-03-09,583.0729370117188,590.972927283391,578.2187779159134,588.2126827193982,4035628,-2.09405517578125,0.03650053665535802
2021-03-10,595.8272094726562,597.6356539527853,585.6905092690675,588.2128042397788,5825924,12.7542724609375,0.04570463412296494
2021-03-12,584.0247802734375,598.8253249465606,582.0260224035637,597.730731102924,4264170,-11.80242919921875,0.037187432609758875
2021-03-15,576.315185546875,584.4054895553778,567.7489813025779,584.4054895553778,4030762,-7.7095947265625,0.031623817631612705
2021-03-16,573.26953125,580.5508296042814,570.3665508285652,576.7912053435302,4189930,-3.045654296875,0.0294259267611669
2021-03-17,556.5653076171875,574.8874660979585,553.9478564056487,574.8874660979585,7667561,-16.7042236328125,0.017371354232001424
2021-03-18,546.85693359375,563.03754114507,544.4298540797097,559.0876041576329,5537584,-9.7083740234375,0.010365323818477323
2021-03-19,550.4262084960938,554.5665754591049,535.0070290305412,543.4780765788058,6186643,3.56927490234375,0.012941084544184744
2021-03-22,562.5140991210938,564.988757199707,550.7117496078012,550.7117496078012,7033955,12.087890625,0.021664288774847218
2021-03-23,559.5159301757812,566.0357988003724,554.8997207448107,562.7044968748032,5341729,-2.9981689453125,0.019500665621780267
2021-03-24,557.0889282226562,568.2250078340445,555.0901700253855,556.8033996363752,7299582,-2.427001953125,0.017749224087263038
2021-03-25,547.9991455078125,559.6111233882085,543.9539933264696,556.2322431848041,4710869,-9.08978271484375,0.011189598963758318
2021-03-26,558.8972778320312,561.8478362113035,546.9045564054003,552.8533096646537,5761818,10.89813232421875,0.019054216285851633
2021-03-30,568.8912353515625,570.1285645240233,558.9449073735103,566.2737836780382,4637718,9.99395751953125,0.02626633750865065
2021-03-31,568.986328125,576.791103855231,566.9875703093533,569.3670715628815,5269919,0.0950927734375,0.026334961035226867
2021-04-01,581.3121948242188,583.1682175438312,568.558044021375,571.0803387548608,6033653,12.32586669921875,0.03522990026596684
2021-04-05,579.4561767578125,582.4543717976703,564.1797891921052,582.2164216546117,5353987,-1.85601806640625,0.033890508212271686
2021-04-06,590.5445556640625,591.9246778296867,574.4115276515469,579.4084796319455,7444994,11.08837890625,0.04189241663342669
2021-04-07,591.11572265625,598.1114915866506,586.4519347959451,591.068144247192,4757224,0.5711669921875,0.042304598251976466
2021-04-08,584.6434326171875,595.8270880233771,583.7392105614333,590.6397638971673,3222479,-6.4722900390625,0.03763388194568751
2021-04-09,606.0589599609375,611.0559125165636,580.122396696021,583.4536983997718,16755446,21.41552734375,0.05308835820811375
2021-04-12,589.4976806640625,614.7203966621034,585.5477430146881,608.2005857640802,15229597,-16.561279296875,0.04113694119835881
2021-04-13,597.112060546875,604.9168367897956,586.404304202614,593.9235518950135,7399207,7.6143798828125,0.046631844558110314
2021-04-15,602.7276611328125,610.5800151862602,596.3030078163554,603.0607680674603,8588761,5.6156005859375,0.05068433248248383
2021-04-16,614.91064453125,618.6702677771686,596.1601647968846,602.727610876757,9804095,12.1829833984375,0.05947616023972252
2021-04-19,609.7710571289062,620.0029132349464,604.3933606823666,612.9595657944002,11340358,-5.13958740234375,0.05576718636141326
2021-04-20,614.0540771484375,627.7123902261258,608.3432745080179,612.76911169837,13831258,4.28302001953125,0.058858019949625584
2021-04-22,609.104736328125,626.2847235859506,607.3438705623719,619.3365916146736,11295290,-4.9493408203125,0.055286337170378064
2021-04-23,607.201171875,614.6727829476,599.7771392111927,605.8210494602414,7668180,-1.903564453125,0.0539126333533948
2021-04-26,604.1077880859375,612.959521104345,600.5861146224249,612.959521104345,6527947,-3.0933837890625,0.05168029858193318
2021-04-27,608.4385375976562,611.484311156578,601.5379832017501,602.2042552448421,5112384,4.33074951171875,0.05480557607116132
2021-04-28,612.3884887695312,616.1004760080147,607.5342711746451,610.0565658351218,6069155,3.949951171875,0.05765605113271988
2021-04-29,613.4354858398438,620.5739903298341,610.1993405670621,617.6710101225643,5676290,1.0469970703125,0.058411614659606204
2021-04-30,622.9058227539062,634.4701634885707,609.2474512949974,611.0558954065694,10874266,9.4703369140625,0.06524586602714355
2021-05-03,627.4268798828125,631.9479321040727,618.7654607713714,622.4299274277355,6567597,4.52105712890625,0.06850847866134263
2021-05-04,614.0540771484375,632.8521358398189,611.0558825249018,630.0918913263006,5604638,-13.372802734375,0.058858019949625584
2021-05-05,650.4606323242188,654.7437355447207,611.2940096371954,611.2940096371954,25296369,36.40655517578125,0.08513074411511418
2021-05-06,646.6532592773438,663.1193957062167,640.8948199884018,656.5995276637925,11153908,-3.807373046875,0.08238316029751075
2021-05-07,646.700927734375,657.694213019294,644.940061772628,648.1762070421696,6466334,0.04766845703125,0.08241756015261736
2021-05-10,664.5471801757812,669.5917116584577,650.6508567765001,654.838802588513,10924222,17.84625244140625,0.09529627568933613
2021-05-11,673.9699096679688,687.0571665207405,662.6435185931815,664.832648120805,14760511,9.4227294921875,0.10209617124767617
2021-05-12,668.972900390625,680.489720301585,666.2602924373023,680.489720301585,7250661,-4.99700927734375,0.09849008861332204
2021-05-14,658.1224975585938,676.7301865692293,653.8869735204789,669.1157822196459,6851035,-10.85040283203125,0.09065991519224459
2021-05-17,654.02978515625,664.8326983924522,647.2719662507568,654.8387924037326,6318234,-4.09271240234375,0.0877064167490032
2021-05-18,657.5037841796875,662.3103651620446,651.7454026822778,657.6941559013567,4080423,3.4739990234375,0.0902134218104067
2021-05-19,669.4965209960938,672.685029557883,657.5037993733264,660.8351012529905,7745431,11.99273681640625,0.09886795846858365
2021-05-20,653.744140625,667.8308342935798,651.9833329630732,666.2603402542354,6226376,-15.75238037109375,0.08750028189381909
2021-05-21,657.123046875,661.0254054408632,654.8387025821654,658.4079542314141,3434231,3.37890625,0.08993866342864637
2021-05-24,657.6466064453125,664.7375322132713,656.3616408374486,657.694184854501,3722957,0.5235595703125,0.09031648923799873
2021-05-25,662.5482788085938,663.7856658846619,657.6941196864296,661.5013215370022,2800233,4.90167236328125,0.09385377216213969
2021-05-26,669.877197265625,672.113963353312,662.6435365195373,665.784466630515,6235460,7.32891845703125,0.09914267280443478
2021-05-27,665.7844848632812,675.5404405028075,661.0254821122928,673.1609391273133,9875654,-4.09271240234375,0.0961891743611934
2021-05-28,637.4683837890625,661.0254461239326,634.1846604509979,660.5495458747433,28316552,-28.31610107421875,0.07575491164742981
2021-05-31,636.0883178710938,643.1316654211827,627.2365840696505,639.6099916461382,13947126,-1.38006591796875,0.07475898959388971
2021-06-01,638.7056884765625,640.8472395162976,632.2810353573572,637.8014664189052,6443084,2.61737060546875,0.07664781031928708
2021-06-02,644.7973022460938,645.4159377553208,637.8491697632248,638.6581770034816,4978457,6.09161376953125,0.08104381228972485
2021-06-03,642.9412231445312,648.0333324665387,641.0376221877747,645.320724340477,3604574,-1.8560791015625,0.0797043761901205
2021-06-04,641.4660034179688,646.5105348018117,640.371409529164,646.1774278408518,3747803,-1.4752197265625,0.07863978656409493
2021-06-07,642.798583984375,645.1305073342763,638.5631173145212,641.4660978510777,2793705,1.33258056640625,0.07960144090025612
2021-06-08,646.0346069335938,647.1767791832954,633.0425065181641,640.561753909847,5695920,3.23602294921875,0.08193671096158212
2021-06-09,640.4188232421875,651.6976919107179,635.421871553078,648.2235974990721,4492551,-5.61578369140625,0.0778840908994809
2021-06-10,643.4647216796875,648.1761458119572,640.5617417495554,640.6093201562868,3099864,3.0458984375,0.08008215795356366
2021-06-11,648.4617919921875,653.2683738099495,641.5612370587094,642.6558310785823,3822099,4.9970703125,0.08368828463382699
2021-06-14,644.4641723632812,650.7460912703078,639.1816905753788,649.1280186081965,3640962,-3.99761962890625,0.08080340971716188
2021-06-15,640.7521362304688,648.5569122903293,639.3720138264754,644.4641234867706,3862284,-3.7120361328125,0.07812462560977157
2021-06-16,636.326171875,647.7001987397114,634.7080995100417,642.4652963252097,4842448,-4.42596435546875,0.07493063650214876
2021-06-17,632.9949340820312,641.0852386282396,629.7588471195246,639.4195876922555,2776147,-3.33123779296875,0.07252665482242804
2021-06-18,636.2786254882812,640.5617276793018,621.2401894140228,634.850924757941,4158743,3.28369140625,0.07489632473886065
2021-06-21,638.9912719726562,642.2749954680925,630.0919601236359,630.0919601236359,2932177,2.712646484375,0.07685390112856194
2021-06-22,634.6605224609375,647.4622500114647,633.7563004233001,645.3206990191445,4577152,-4.33074951171875,0.0737286236393338
2021-06-23,633.1852416992188,639.9430015751155,632.2334412607381,634.6605207602059,2631031,-1.47528076171875,0.07266398996739898
2021-06-24,632.7568359375,638.6580094918484,629.6159065258684,632.1857789874872,3460776,-0.42840576171875,0.07235483173053209
2021-06-25,639.8478393554688,644.7496348094901,632.7569145301198,632.7569145301198,3010243,7.09100341796875,0.07747204141865888
2021-06-28,643.70263671875,647.1291532160288,637.2779836413029,642.4653077447143,3342385,3.85479736328125,0.08025384890773196
2021-06-29,644.9400024414062,648.6520476683146,640.6569001457241,640.799693459564,2937766,1.23736572265625,0.08114679162549843
2021-06-30,642.8937377929688,650.5081427221189,641.7515654349364,645.3683961576229,3768943,-2.0462646484375,0.07967010847274159
2021-07-01,651.1743774414062,652.7448135120336,641.2280499542493,642.4653790656425,4102748,8.2806396484375,0.08564581697761908
2021-07-02,648.4141235351562,656.2664780587013,645.6063002989872,652.4592758654674,5071894,-2.76025390625,0.08365388477872043
2021-07-05,647.4147338867188,651.9357864165237,645.8918181785974,651.0315642919038,1600769,-0.9993896484375,0.08293267706103147
2021-07-06,640.7998046875,650.0798612722799,639.9907973507634,645.3208578954697,2682423,-6.61492919921875,0.07815902546487818
2021-07-07,647.319580078125,649.1280244980641,633.9943713640885,635.8028157840276,2576763,6.519775390625,0.082864009488546
2021-07-08,634.7557983398438,648.0810057943877,633.042510906767,644.3689604804471,2548016,-12.56378173828125,0.07379737930363772
2021-07-09,635.70751953125,639.8954064954505,632.1858463819929,634.3749757147893,1994075,0.95172119140625,0.07448418716622013
2021-07-12,636.326171875,640.4189021440436,634.2798357871225,636.3737502782923,1555035,0.61865234375,0.07493063650214876
2021-07-13,650.079833984375,656.1237447819022,636.7546250886485,637.9919542960201,7744032,13.753662109375,0.08485594168744459
2021-07-14,652.8875732421875,659.0266981671683,648.1761490861188,649.080371191755,2663467,2.8077392578125,0.08688214160372215
2021-07-15,650.079833984375,655.0292089071621,648.4617612855195,652.9352358906021,1905193,-2.8077392578125,0.08485594168744459
2021-07-16,655.4099731445312,662.1202149059795,649.7468051572661,651.8883568445434,3479357,5.33013916015625,0.08870242689436175
2021-07-19,656.0284423828125,658.1699933372721,645.3682660130668,645.3682660130668,1940882,0.61846923828125,0.08914874409256268
2021-07-20,643.845458984375,658.2652016841549,641.4183793312727,655.7905436247745,2724983,-12.1829833984375,0.08035691633532399
2021-07-22,654.1724853515625,655.0291290563223,642.9888292488415,647.2243531787435,2047831,10.3270263671875,0.08780939608477678
2021-07-23,660.549560546875,665.2609847371576,648.7472108675097,653.1255281132777,3956261,6.3770751953125,0.09241140077267096
2021-07-26,669.4965209960938,671.019378618051,661.6917449736504,661.6917449736504,4715053,8.94696044921875,0.09886795846858365
2021-07-27,655.1242065429688,671.6855568121188,641.3706790846551,671.0192849105715,5327355,-14.372314453125,0.08849620394735919
2021-07-28,654.6484375,658.598433205831,640.1334784289626,655.124337797411,3332667,-0.47576904296875,0.08815286608493184
2021-07-29,669.1157836914062,671.9236069201501,647.8906431389154,654.6484037767168,4397443,14.46734619140625,0.09859320008682332
2021-07-30,736.6460571289062,745.9736910248157,662.5959849686427,669.0682171764189,35893710,67.5302734375,0.14732629879053466
2021-08-02,737.6453857421875,763.2488423684912,727.2707370795935,747.1633907195061,18661462,0.99932861328125,0.14804746246231432
2021-08-03,756.4910888671875,765.5807727815425,728.3653933653678,736.6460700245744,14678219,18.845703125,0.1616474297626313
2021-08-04,747.877197265625,759.4415958726858,742.1188162104589,752.8741495858853,5796169,-8.6138916015625,0.15543123059337244
2021-08-05,748.2579956054688,756.1103498279928,745.5453292908029,747.6393020354678,5026619,0.38079833984375,0.15570603302104197
2021-08-06,747.3538818359375,758.0616391461061,743.8797862268734,748.5912110620078,4064324,-0.90411376953125,0.15505358096765692
2021-08-09,750.7803344726562,754.7779087860217,744.3081017284602,751.1134995531955,2873586,3.42645263671875,0.15752627426577231
2021-08-10,755.1109008789062,760.2982252049869,744.4983601958434,751.8748140458474,5656020,4.33056640625,0.16065141961727275
2021-08-11,741.97607421875,756.6814036825601,736.027321045145,755.7296031747834,4275776,-13.13482666015625,0.15117269590563326
2021-08-12,741.1195678710938,743.5942262186298,735.8846645185146,742.40447545668,2821380,-0.85650634765625,0.15055459966144552
2021-08-13,740.7861938476562,750.4945689453779,730.6495550710724,731.934462294224,4319920,-0.3333740234375,0.15031402090524565
2021-08-16,743.1658325195312,745.259805276899,733.8857774729798,737.8357728583164,2310304,2.379638671875,0.15203128281420236
2021-08-17,746.3544311523438,754.9682145877316,740.691206210858,745.2598372727984,5686055,3.1885986328125,0.15433232920405876
2021-08-18,745.1647338867188,753.2550392137335,741.7382167745913,750.0188938456076,4036305,-1.189697265625,0.1534737863413988
2021-08-20,724.4629516601562,746.6398910133856,707.5208568035669,737.645364944756,6238261,-20.7017822265625,0.13853438294147752
2021-08-23,724.65380859375,734.8172128228891,716.4944862564786,730.0456724798834,2375417,0.19085693359375,0.1386721144996314
2021-08-24,736.1055908203125,742.404059751637,719.7869442524718,725.0833429984307,2732537,11.4517822265625,0.1469362722643262
2021-08-25,733.91064453125,740.5430975828396,724.892421191056,734.8172488901887,2254852,-2.1949462890625,0.14535229327669147
2021-08-26,725.7990112304688,735.8669500004771,724.5584223541393,730.1888634226991,1735864,-8.11163330078125,0.13949854789446464
2021-08-27,736.53515625,741.4975712072221,723.4611205009356,725.9900608698767,2432862,10.73614501953125,0.14724626737346852
2021-08-30,751.2312622070312,758.6271491377003,733.0517066267187,733.8628451205797,3617125,14.69610595703125,0.15785168544314415
2021-08-31,757.768310546875,764.400763275752,747.8912453311746,751.4699005899562,7435465,6.53704833984375,0.1625691344591233
2021-09-01,752.4719848632812,767.168353839556,751.0405226219434,758.7226916678538,2811619,-5.29632568359375,0.15874705068591816
2021-09-02,753.855712890625,759.2952808372239,752.2810811902282,754.1896974349054,2679549,1.38372802734375,0.15974561549401195
2021-09-03,753.330810546875,760.7744018118922,748.1775236922944,756.7662962857008,2860730,-0.52490234375,0.15936682067465652
2021-09-06,748.4160766601562,756.8616794737559,744.1216905014433,753.3307863403305,4613445,-4.91473388671875,0.15582011192594086
2021-09-07,734.7218017578125,747.223214097432,731.5725385496004,746.2689060334507,3851664,-13.69427490234375,0.14593766341032327
2021-09-08,741.9268188476562,743.3582809491388,728.6619134087148,732.2405686624211,2548562,7.20501708984375,0.15113715085688678
2021-09-09,740.829345703125,746.5074903889086,736.2009748458471,736.9167059008699,2008287,-1.09747314453125,0.15034516136306936
2021-09-13,744.6466064453125,747.2232499911024,736.3918762431537,740.829374006022,1935832,3.8172607421875,0.1530998806179677
2021-09-14,745.6962890625,751.9946985180502,741.7835913432203,748.8454937902751,1996844,1.0496826171875,0.15385738216485995
2021-09-15,744.9805297851562,749.8474770663721,743.2150251172498,748.8454653609847,1393824,-0.71575927734375,0.15334085578735063
2021-09-16,745.3623657226562,748.7024442333812,742.7380183213724,744.3603538187081,1353677,0.3818359375,0.15361640699547702
2021-09-17,734.7218017578125,751.8993469094776,731.6203005498729,749.1318302253948,4052622,-10.64056396484375,0.14593766341032327
2021-09-20,721.93408203125,739.3502049619443,717.257949014334,731.6680363595918,2206369,-12.7877197265625,0.13670942878445974
2021-09-21,729.5686645507812,731.3341115327094,716.7332068083673,721.9341984730753,2123997,7.63458251953125,0.14221891134016557
2021-09-22,734.9126586914062,738.6344836517555,729.5685565268309,730.0457105860374,1817865,5.343994140625,0.14607539496847727
2021-09-23,734.674072265625,741.6882717940598,731.0954168673453,735.8669573983849,2109768,-0.23858642578125,0.14590321950930746
2021-09-24,735.2466430664062,741.1633645797618,727.1827284572123,733.8628847553757,1777859,0.57257080078125,0.14631641418376945
2021-09-27,728.1847534179688,739.1115923525,725.3695329921479,736.200964419231,2862731,-7.0618896484375,0.14122021439434412
2021-09-28,739.6842041015625,754.8577265817052,720.4549303380912,731.6680508024845,4938824,11.49945068359375,0.14951877201414548
2021-09-29,774.2301635742188,782.2940788111106,736.1055426556555,748.177563632706,18565413,34.54595947265625,0.17444880068274687
2021-09-30,780.8626708984375,794.8910128406582,769.7449572656885,777.5702960171486,10478553,6.63250732421875,0.17923513750075765
2021-10-01,788.8310546875,792.7437528578358,768.5043037416774,774.898179681421,5730355,7.9683837890625,0.1849855071340279
2021-10-04,793.984375,800.5691244854377,788.6879764554592,792.0757587139423,4007435,5.1533203125,0.18870439134191325
2021-10-05,783.0098266601562,796.274733067258,777.7134281473733,790.1671376899566,2987134,-10.97454833984375,0.18078462854146732
2021-10-06,764.01904296875,786.34987584842,760.8698378822181,782.9620937364487,2910453,-18.99078369140625,0.16707996411491682
2021-10-07,785.6341552734375,788.5924871298922,767.3591315819615,771.1286602835597,4089061,21.6151123046875,0.1826784705005166
2021-10-08,783.8687744140625,795.7021610803657,781.1966648718604,787.3996681373229,2753935,-1.765380859375,0.18140448662202407
2021-10-11,794.509033203125,797.9922803485273,780.4329916301591,788.2583280860913,2988841,10.6402587890625,0.18908300997763178
2021-10-12,791.7894287109375,804.243137554202,786.0635802086233,795.4157877798011,2407031,-2.7196044921875,0.1871204123542785
2021-10-13,804.05224609375,808.1080553577792,789.4513443925131,790.1193716852687,4113083,12.2628173828125,0.1959698521607866
2021-10-14,802.8593139648438,811.1618052680312,799.9486861952084,805.3405497287607,2300231,-1.19293212890625,0.19510897486493767
2021-10-18,797.7061157226562,812.1161438604213,794.1274605646344,811.1618358182822,2632795,-5.1531982421875,0.1913901787488707
2021-10-19,789.5467529296875,803.71826261852,787.9244758190339,798.7558490397337,2029762,-8.15936279296875,0.18550198946562807
2021-10-20,777.6657104492188,796.6564070933842,770.6038070612034,787.3519029214378,2089252,-11.88104248046875,0.1769280568213371
2021-10-21,781.0057373046875,791.1213794123889,773.0372300793272,785.4432348228266,3155655,3.34002685546875,0.17933838111198658
2021-10-22,775.4230346679688,789.0696288427557,763.5896491809295,787.3995896684831,1709523,-5.58270263671875,0.17530963393268667
2021-10-25,776.0433959960938,783.7255649223187,759.199833920229,772.9895982795472,2129988,0.620361328125,0.17575731655407362
2021-10-26,776.3296508789062,786.2544785648329,769.458620807599,779.6697292785083,1628608,0.2862548828125,0.17596389186835
2021-10-27,787.3994750976562,800.1395213211686,778.5244227121584,778.5244227121584,3569869,11.06982421875,0.1839524103330999
2021-10-28,770.69921875,791.2646054487926,766.3571284288372,786.3021915476013,1647229,-16.70025634765625,0.17190070078803427
2021-10-29,758.6748657226562,779.2401916285122,743.7399221114674,763.4464057586479,4321416,-12.02435302734375,0.16322334834887747
2021-11-01,774.707275390625,776.6635952742857,751.0404470317765,762.4444400559238,1935341,16.03240966796875,0.17479310755517724
2021-11-02,778.1429443359375,797.8016703302231,746.9847577164858,777.4272131723637,17608860,3.4356689453125,0.17727245178558598
2021-11-03,751.947021484375,784.4411981527483,745.6485535587025,782.5325820988486,9452138,-26.1959228515625,0.15836821182065358
2021-11-04,759.1043701171875,760.5835359845765,752.4719173448415,760.5835359845765,485870,7.1573486328125,0.16353329941211053
2021-11-08,763.4464721679688,766.3093964385987,747.2232346343994,761.5378559875488,4280584,4.34210205078125,0.16666676944045494
2021-11-09,764.7348022460938,774.8982072031464,760.5835851489011,763.4465095597502,3232291,1.288330078125,0.16759649049242625
2021-11-10,774.0392456054688,777.7610703449197,760.5835252330074,763.2078724028829,2900645,9.304443359375,0.17431102507868362
2021-11-11,758.53173828125,773.4189789667975,755.9073911159428,771.9875168766299,2107377,-15.50750732421875,0.1631200606917393
2021-11-12,769.6495361328125,771.605856224488,759.7247079046003,767.2160619579796,2076523,11.1177978515625,0.1711431992411419
2021-11-15,773.6575927734375,782.1986619668796,769.7926565954548,771.3672300217136,2109222,4.008056640625,0.17403560600828488
2021-11-16,761.9673461914062,780.0992008551931,759.2952950481174,775.184490634628,1512946,-11.69024658203125,0.16559936087623878
2021-11-17,755.191650390625,768.2179785427116,751.422180198575,763.446438303316,1662900,-6.77569580078125,0.16070969235518057
2021-11-18,754.5237426757812,758.0546361428239,744.4557453553381,753.9034190957086,3177648,-0.66790771484375,0.16022769797050546
2021-11-22,735.532958984375,757.7206220351524,730.0933912323351,755.6688363469733,2894426,-18.99078369140625,0.14652303354395507
2021-11-23,749.3228149414062,755.5735220409434,726.753402572745,734.8173185620795,2739763,13.78985595703125,0.15647445795342269
2021-11-24,743.3582153320312,760.5357590335394,740.1135448898783,747.7003050073117,2404041,-5.964599609375,0.15217011552008713
2021-11-25,747.1278686523438,751.2790857769614,738.9684874304421,740.16137260951,1861259,3.7696533203125,0.15489047896578795
2021-11-26,732.2406005859375,762.3967717863605,727.1827792561284,739.5887846765085,5432649,-14.88726806640625,0.14414710910841216
2021-11-29,716.733154296875,739.5888470917546,714.8245379172834,737.6802307121629,4664270,-15.5074462890625,0.13295618876737697
2021-11-30,719.1665649414062,726.8487917870639,711.9615503947999,716.6853871658677,5505266,2.43341064453125,0.13471225512236312
2021-12-01,711.2935180664062,728.3756563316474,706.5219775729137,722.172653690107,3687799,-7.873046875,0.129030685199306
2021-12-02,731.2385864257812,735.5329729039751,712.0092547859978,718.5940040177661,4896650,19.945068359375,0.14342400741662636
2021-12-03,717.4488525390625,736.6304812221532,714.6813938633721,736.6304812221532,3135454,-13.78973388671875,0.13347267109897715
2021-12-06,703.4682006835938,718.1645096708498,700.1758262696529,716.8762171049491,2577704,-13.98065185546875,0.12338355917726468
2021-12-07,709.718994140625,716.6854320976306,701.4165014537397,707.237757963184,2583462,6.25079345703125,0.12789443287896746
2021-12-08,722.9360961914062,728.6142410881863,713.2021418321184,715.9219548900775,2530785,13.21710205078125,0.13743253047624554
2021-12-09,725.0355834960938,731.7634439937779,721.6000976132087,723.5564175811389,2604449,2.0994873046875,0.13894762166184865
2021-12-10,726.5624389648438,739.5887676549817,719.7391710884779,719.7391710884779,2950388,1.52685546875,0.14004947412708063
2021-12-13,727.7553100585938,738.0141217994659,724.3198243090245,728.9481951447416,2491218,1.19287109375,0.14091030737702032
2021-12-14,721.504638671875,733.6243633812306,719.1665721409357,722.649820059105,3224172,-6.25067138671875,0.13639952176713604
2021-12-15,739.6842041015625,743.262859568922,711.2458336368811,718.1168637834805,6231786,18.1795654296875,0.14951877201414548
2021-12-16,729.520751953125,750.5632314068729,725.2740697637932,750.5632314068729,6186549,-10.1634521484375,0.142184335301422
2021-12-17,733.815185546875,737.0597979639861,719.0711145482109,727.1827329605,7171030,4.29443359375,0.14528340547465984
2021-12-20,729.0435791015625,739.3023896914076,718.6415990189063,732.9085146977719,7474026,-4.7716064453125,0.14183998438308248
2021-12-21,742.9764404296875,748.1297266416199,729.1389751992658,729.1389751992658,5599344,13.932861328125,0.1518946083578699
2021-12-22,761.060791015625,764.4008697222766,741.9746269776156,749.131938491869,5871235,18.0843505859375,0.1649451469864846
2021-12-23,756.241455078125,767.2159980769665,753.9033886160597,765.2119161467634,4277384,-4.8193359375,0.16146728199389143
2021-12-24,749.5135498046875,758.4840103358215,742.0699005761566,757.1480140420814,3076272,-6.7279052734375,0.1566121014197583
2021-12-27,757.8161010742188,760.2018715199207,745.4578567625618,748.1776117721225,3598487,8.30255126953125,0.16260362240604836
2021-12-28,777.8565063476562,782.4372318090445,757.9115020737653,759.6292449986139,5477769,20.0404052734375,0.17706574433358196
2021-12-29,800.4736328125,805.1020621041786,779.1925735610805,784.9184222339114,8748856,22.61712646484375,0.19338735241096744
2021-12-30,796.3223876953125,803.4796982835386,789.5467653906527,798.4218771171273,5179861,-4.1512451171875,0.19039161394077703
2021-12-31,807.0584106445312,812.0685284105537,795.8929936881264,796.3224440030548,3346523,10.73602294921875,0.1981392453279624
2022-01-03,810.1597900390625,820.7525855639288,802.4776222713588,806.3902617814674,3726756,3.10137939453125,0.2003773501135328
2022-01-04,799.423828125,814.9790369706045,794.3660073434196,813.5475749618739,3027262,-10.7359619140625,0.19262976277225657
2022-01-05,796.942626953125,805.9608496488285,792.6960027399714,801.6187596831463,2436343,-2.481201171875,0.19083920847034547
2022-01-06,791.6939086914062,806.2948679686198,784.4411910507862,799.5192460908157,2423850,-5.24871826171875,0.18705148050633774
2022-01-07,791.0736694335938,797.8015295345873,787.4950142472843,791.6939347180828,1475374,-0.6202392578125,0.1866038859767692
2022-01-10,788.9265747070312,796.8473208579061,780.1946316649593,794.0798038701597,4837873,-2.1470947265625,0.18505443898196866
2022-01-11,794.3661499023438,803.0503310152586,790.4534514284946,792.9346876367193,4950526,5.4395751953125,0.1889798985041305
2022-01-12,797.992431640625,806.3903311321408,789.6899396589899,806.3903311321408,3953446,3.62628173828125,0.19159679810905633
2022-01-13,825.9536743164062,831.2023689538878,796.1315456943523,797.9924581696375,7395140,27.96124267578125,0.21177497790657202
2022-01-14,820.4664306640625,829.1983735212824,817.6512099767483,825.9537025178785,2351963,-5.48724365234375,0.20781511852930362
2022-01-17,814.2156982421875,823.9496526988262,811.6390546733206,820.4664047682392,1750754,-6.250732421875,0.2033042888735101
2022-01-18,808.0126953125,827.5760117351955,806.3903598623245,815.9334410441272,3354708,-6.2030029296875,0.19882790311873227
2022-01-19,800.187255859375,809.2531818351222,795.8928698708631,809.2531818351222,1677779,-7.825439453125,0.19318068900487256
2022-01-20,782.5326538085938,804.2431634112102,778.3814368094885,800.9507887672587,2886894,-17.65460205078125,0.1804402776231277
2022-01-21,771.7966918945312,782.2463774556953,764.4962114794638,779.1925798230415,3218477,-10.7359619140625,0.17269269028185158
2022-01-24,764.2576293945312,787.3041936339915,755.4302793446956,767.2637232505808,5300160,-7.5390625,0.16725213957408663
2022-01-25,771.1286010742188,774.6118487232786,748.940939115403,754.8576606203552,3779497,6.8709716796875,0.17221056375944882
2022-01-27,774.9935913085938,780.0514708787241,755.143994308893,765.3551027150837,3593525,3.864990234375,0.17499972691536286
2022-01-28,789.5467529296875,804.3862899121466,774.9935549633124,778.7153797089877,5073701,14.55316162109375,0.18550198946562807
2022-01-31,796.3700561523438,810.9232537033602,782.580293380965,792.1710774948259,8041517,6.82330322265625,0.1904260137958836
2022-02-01,851.0042724609375,854.105773874448,801.4756573589535,808.680730316647,12337459,54.63421630859375,0.22985269638485278
2022-02-02,849.9545288085938,857.3981203064405,841.6997404815244,849.3342052477966,4404741,-1.04974365234375,0.22909515079205117
2022-02-03,843.1788330078125,850.4793126038146,840.2205014668516,848.713807832441,2292825,-6.77569580078125,0.22420548227099307
2022-02-04,853.1036987304688,861.5970054852454,841.0793822711441,842.5586063557455,4222492,9.92486572265625,0.23136774352454664
2022-02-07,846.5189208984375,860.2609797402763,839.5047802217456,860.2609797402763,3494623,-6.58477783203125,0.22661585060755168
2022-02-08,853.2468872070312,855.0123922190774,841.6997819773097,845.5170145486354,4766558,6.72796630859375,0.23147107522759408
2022-02-09,852.6217041015625,860.4125720491735,851.5636465850242,859.7874122814536,2874380,-0.62518310546875,0.23101991297937813
2022-02-10,860.172119140625,862.0477158703216,846.4178409661176,857.3828228428356,3159839,7.5504150390625,0.2364686562262593
2022-02-11,846.5140380859375,861.6149142364276,841.2720652398372,860.460696298346,2682532,-13.6580810546875,0.22661232693481353
2022-02-14,831.8460083007812,852.8141346930516,829.2971714838606,836.799500088287,5163415,-14.66802978515625,0.2160271699833824
2022-02-15,843.3399658203125,846.4178606912914,826.267332834778,829.5856873252715,3219287,11.49395751953125,0.2243217634713533
2022-02-16,835.693359375,847.524019919958,834.010141995705,842.5705281499332,2136415,-7.6466064453125,0.2188036038715298
2022-02-17,829.6337890625,839.0597946511737,828.4314909336905,839.0597946511737,2275289,-6.0595703125,0.21443072600343632
2022-02-18,829.970458984375,834.7796514487509,823.7185087806863,829.6337802882911,1797851,0.336669921875,0.21467368323873454
2022-02-21,811.6473388671875,831.0284067903413,807.4633651626058,822.8527801031677,2305713,-18.3231201171875,0.20145083701322225
2022-02-22,813.5228271484375,816.6007214675975,793.1318433281976,804.0968234945954,3171552,1.87548828125,0.20280427971196097
2022-02-23,808.1847534179688,820.4481935918207,806.0686970977591,817.4183790076615,1979574,-5.33807373046875,0.19895206853684427
2022-02-24,787.0244140625,805.0108071577648,783.8984386934769,798.9030969824006,3679222,-21.16033935546875,0.18368174822089772
2022-02-25,799.8168334960938,803.135188230575,785.8701745387963,789.1885292732775,2098988,12.79241943359375,0.19291337438177164
2022-02-28,811.6954956054688,814.6771713333957,789.6693715049798,789.6693715049798,4123139,11.878662109375,0.20148558923560272
2022-03-02,789.5733032226562,812.7055090204486,784.5717309324929,812.1283706566026,3807036,-22.1221923828125,0.1855211494361419
2022-03-03,789.5733032226562,801.0191469476802,785.822109328542,801.0191469476802,2657776,0.0,0.1855211494361419
2022-03-04,797.9893798828125,807.5596265312307,778.4640102700207,785.1487999621366,4082674,8.41607666015625,0.1915945958135949
2022-03-07,791.2564086914062,797.3640592454626,778.2234509874642,786.783836505173,3065234,-6.73297119140625,0.18673575942899595
2022-03-08,822.3719482421875,828.8162781742842,794.6710101478542,794.6710101478542,4864275,31.11553955078125,0.20919023181538215
2022-03-09,835.1161499023438,851.9964012544856,827.1809834909479,830.4512573731776,7276355,12.74420166015625,0.21838706170796646
2022-03-10,836.3666381835938,848.2453786300691,833.5292029276201,836.7033168750263,2899758,1.25048828125,0.21928947429621687
2022-03-11,867.5784301757812,872.3876232477091,835.8858360905829,838.7232717442142,7194497,31.2117919921875,0.24181340708145466
2022-03-14,858.2003784179688,877.0043088432896,855.9881616689831,867.5302233568683,3861194,-9.3780517578125,0.2350457531286691
2022-03-15,857.623291015625,873.3493264399511,847.7163078588611,859.5950481281793,4039746,-0.57708740234375,0.23462929905692426
2022-03-16,855.2667846679688,865.6546284683972,846.8506980023037,865.6546284683972,3134307,-2.35650634765625,0.23292873054756474
2022-03-17,876.8118896484375,880.0821637940996,858.1522593227171,858.1522593227171,5484100,21.54510498046875,0.24847671627528062
2022-03-21,878.9279174804688,895.4715496885157,876.5233214823793,877.6775393026537,3878744,2.11602783203125,0.25000374390228436
2022-03-22,879.216552734375,886.8151003958571,868.0592495740359,878.9280129244628,2174495,0.28863525390625,0.2502120370070206
2022-03-23,866.4241333007812,890.6624759201467,861.6149406662232,882.9677677048538,2578669,-12.79241943359375,0.2409804108461467
2022-03-24,874.1668701171875,879.7936603911659,851.7079653214734,852.1888845565504,3141478,7.74273681640625,0.24656794275300326
2022-03-25,867.9149169921875,880.034116896852,862.095806009524,877.0523824263411,1571676,-6.251953125,0.24205623217902522
2022-03-28,871.32958984375,876.1387827257533,864.981420015925,874.215105572952,1545077,3.4146728515625,0.24452042461665974
2022-03-29,884.26611328125,886.8150085343661,866.7125624073321,873.3973510566732,3177777,12.9365234375,0.25385604316921956
2022-03-30,885.468505859375,886.8151032512526,873.7341230414287,886.8151032512526,2084073,1.202392578125,0.25472374758099875
2022-03-31,879.8416137695312,891.6241333308068,876.0423406187865,885.4683445266164,1901705,-5.62689208984375,0.25066311116341816
2022-04-01,874.022705078125,883.9296304353915,869.5982125096019,879.1204376691488,1184766,-5.81890869140625,0.2464639063154082
2022-04-04,890.7105102539062,893.3555660667528,868.1553862177136,873.3493374780514,1876408,16.68780517578125,0.2585066304949915
2022-04-05,893.6441040039062,904.8014655420252,888.8830505154874,892.5861051633602,2911697,2.93359375,0.26062365307609586
2022-04-06,892.6823120117188,902.9739959755028,889.7006360651296,892.393772195269,1881754,-0.9617919921875,0.25992957763849095
2022-04-07,895.4235229492188,911.8228568937208,891.4799500534227,892.6822481242215,2728625,2.7412109375,0.26190776751371064
2022-04-08,889.3157958984375,901.531155796818,884.2180639204878,901.2426160067376,1453271,-6.10772705078125,0.2575001374232368
2022-04-11,890.0853271484375,897.9242753102928,883.544778708708,884.8913760241724,1102625,0.76953125,0.25805546824677555
2022-04-12,886.1417236328125,892.7303520261605,876.6195585088321,884.8913454293756,1420380,-3.943603515625,0.25520957395977667
2022-04-13,901.0021362304688,907.013626330752,886.1417209613767,886.1417209613767,1825531,14.86041259765625,0.26593356361709236
2022-04-18,892.1051635742188,905.1380628480464,884.1699963510519,892.201323936964,1287320,-8.89697265625,0.25951307952083696
2022-04-19,886.8150634765625,901.9640192789008,880.1302744130686,895.4235294673373,2001066,-5.29010009765625,0.255695488430373
2022-04-20,888.2577514648438,895.4715393760363,881.0920437318679,882.9676403299692,1455897,1.44268798828125,0.2567366015867804
2022-04-21,908.0716552734376,909.8991718070196,885.4684517454618,895.4715950870351,2410164,19.813903808593864,0.27103526914517123
2022-04-22,889.5081787109375,906.2922712516424,883.3043090237937,905.0899732001014,1745381,-18.563476562500114,0.25763897012912157
2022-04-25,865.6546630859375,887.1517304035193,862.3843886541162,880.6112402458406,1146270,-23.853515625,0.24042512406851718
2022-04-26,883.015869140625,889.4601991672147,869.5501294397967,870.4638878035461,3142879,17.3612060546875,0.25295380676460605
2022-04-27,871.5217895507812,886.5265044822452,869.117193443748,875.3210631410859,1586283,-11.49407958984375,0.24465912518481664
2022-04-28,885.8532104492188,891.96086111054,874.5996888684439,884.8913720013911,3150038,14.3314208984375,0.2550013689468588
2022-04-29,893.2113037109375,930.1458651177134,884.458538556731,888.7387314178467,4290688,7.35809326171875,0.26031132353376457
2022-05-02,888.1615600585938,889.7004779434656,868.1071951429982,887.2478018805961,2119174,-5.04974365234375,0.2566671852338381
2022-05-04,866.5202026367188,885.7569698507123,860.8453328262088,884.9874521973888,3925917,-21.641357421875,0.2410497391072705
2022-05-05,844.638427734375,884.1218829345308,839.3001775656019,870.463765698403,4462293,-21.88177490234375,0.22525879614425642
2022-05-06,849.5918579101562,851.9002935822408,828.6237922615602,829.1047114677481,2350532,4.95343017578125,0.2288334299994222
2022-05-09,851.6117553710938,857.3827858559958,834.9238236620107,834.9238236620107,2522123,2.0198974609375,0.23029108531939274
2022-05-10,828.96044921875,856.853764422478,814.1962524122645,851.2270329413515,6975331,-22.65130615234375,0.21394481153284
2022-05-11,822.1796264648438,833.914069167799,818.52465151303,820.4483287198761,2768829,-6.78082275390625,0.20905144315540675
2022-05-12,817.5626220703125,823.1893531045317,803.3274258036912,820.351976851523,2700591,-4.61700439453125,0.20571959035190218
2022-05-13,848.8224487304688,855.0743987777754,827.3253824348069,830.0185184063005,4870689,31.25982666015625,0.22827818726770194
2022-05-16,851.8040771484375,860.6049221312408,841.656693607724,848.2934021559978,2739020,2.98162841796875,0.23042987397936826
2022-05-17,857.7194213867188,861.4224758660272,845.1674415954219,846.5621190624458,2317400,5.91534423828125,0.23469867136395745
2022-05-18,864.8370971679688,874.3111827617147,854.1125745791009,856.9980900337599,2878378,7.11767578125,0.23983512911441657
2022-05-19,850.84228515625,865.6546210431507,844.8307947323392,851.2270440257648,2715634,-13.99481201171875,0.22973579854176335
2022-05-20,880.7073974609375,882.6791545360575,855.1224595476554,858.921733154424,2877917,29.8651123046875,0.2512879023858084
2022-05-23,886.8630981445312,895.7601034766097,881.6210670455205,884.8913411364514,2195036,6.15570068359375,0.25573015256093495
2022-05-24,875.1767578125,895.3272247330154,872.3874030524419,892.5860088563022,2911410,-11.68634033203125,0.2472967263670794
2022-05-25,876.4271850585938,887.4402467717831,872.6279115366692,880.0821593343095,2405811,1.25042724609375,0.24819909490942055
2022-05-26,865.6065063476562,887.2478710108546,859.4026367363475,883.7371372608857,4113170,-10.8206787109375,0.24039037184613682
2022-05-27,869.4058227539062,877.9661499747551,861.8072753039975,867.5302259827555,2374509,3.79931640625,0.24313214160372215
2022-05-30,854.401123046875,880.5631418422558,852.6698254977168,870.4638376485434,3541617,-15.00469970703125,0.2323040274169929
2022-05-31,827.7582397460938,849.1110674803991,818.7169925221398,834.1544896408316,24360628,-26.64288330078125,0.21307723925878846
2022-06-01,807.222900390625,841.608624178489,800.826651364485,841.608624178489,5999099,-20.53533935546875,0.1982579490533301
2022-06-02,826.7481689453125,829.9703627463973,801.0189922442898,804.8182655918002,3553217,19.5252685546875,0.21234832350698468
2022-06-03,832.08642578125,841.6086499892266,822.227581595662,829.2490492974833,2618353,5.3382568359375,0.21620066681982902
2022-06-06,826.9886474609375,840.5986843507525,825.2573500760951,831.9902188995597,2095566,-5.0977783203125,0.21252186438934056
2022-06-07,815.8795166015625,824.6803624557774,806.5977514920563,822.371926547994,3031449,-11.109130859375,0.20450498035904824
2022-06-08,814.9176635742188,821.410073404996,805.635898630056,812.8496873309194,3208941,-0.96185302734375,0.20381086087553407
2022-06-09,826.0748901367188,829.2008649510193,803.5679066973287,813.7152901225592,2297715,11.1572265625,0.2118624530822975
2022-06-10,813.4268188476562,821.3619863522422,809.8680047104676,817.5627125937025,2124778,-12.6480712890625,0.20273499549674628
2022-06-13,797.8450317382812,818.5245593843006,788.4671064104352,807.9443359375,2191412,-15.581787109375,0.1914904272382722
2022-06-14,793.5648193359375,803.7603423595477,790.4869244853012,794.478577625246,2461692,-4.28021240234375,0.18840161976188435
2022-06-15,790.9197387695312,798.3739866917715,787.889982902132,793.7571739133824,2008725,-2.64508056640625,0.18649280219369774
2022-06-16,783.5136108398438,794.478593113382,775.7708227328974,791.20831876346,2327414,-7.4061279296875,0.18114818347623002
2022-06-17,763.1226196289062,779.3776535695316,759.7561851866163,774.4723011502922,5719089,-20.3909912109375,0.16643306184609447
2022-06-20,774.5684814453125,782.4555683685847,764.1806380686423,770.4325879080964,2745302,11.44586181640625,0.17469294715759415
2022-06-21,786.2548828125,788.9960990176228,774.6166018981002,775.8189000066562,1342717,11.6864013671875,0.18312641739735896
2022-06-22,778.4158325195312,789.6693539330948,772.59672173783,782.9364848983424,2032073,-7.83905029296875,0.17746938104574156
2022-06-23,793.4205322265625,794.9594502085879,777.6463587339907,778.6081971492462,1778752,15.00469970703125,0.1882974952324708
2022-06-24,793.1318969726562,801.9808217240175,790.1502215059593,796.3060105606337,1404748,-0.28863525390625,0.18808920212773456
2022-06-27,803.76025390625,815.638934242135,796.4021669251034,796.4021669251034,2980249,10.62835693359375,0.19575913653104288
2022-06-28,796.9793701171875,805.5397563838311,793.564855129828,805.0588371262885,2823691,-6.7808837890625,0.19086572410770036
2022-06-29,806.6939086914062,811.5031008754423,792.4105726812435,792.5548719291482,2975927,9.71453857421875,0.19787620315805649
2022-06-30,798.9029541015625,815.78326504008,792.2182241650419,804.0969049604844,3809670,-7.79095458984375,0.1922538749829102
2022-07-01,797.6045532226562,805.0107212011889,793.5167397150334,798.229771712089,2316527,-1.29840087890625,0.19131688635591632
2022-07-04,797.7488403320312,807.6076845238674,790.5350518989804,793.8052674317205,2097164,0.144287109375,0.19142101088532987
2022-07-05,803.9046630859375,814.4848873298935,795.1038754156817,797.7489314766707,2682730,6.15582275390625,0.19586334915227482
2022-07-06,805.7320556640625,810.4931675812338,799.5281861178064,807.9442722874675,2364840,1.827392578125,0.19718208367454232
2022-07-07,817.03369140625,820.3520458337032,810.0122823910057,810.8779017812366,2327906,11.3016357421875,0.2053378885025378
2022-07-08,824.9688720703125,826.7001695847952,817.3222444498891,820.9291387325453,2927832,7.9351806640625,0.2110642971611883
2022-07-11,824.5360107421875,830.0665818261975,818.6206807960363,824.1031716987686,1768048,-0.432861328125,0.21075192357294786
2022-07-12,819.1015625,827.181028587188,816.6008061285147,820.4481597498504,1695338,-5.4344482421875,0.2068301639071612
2022-07-13,827.3253784179688,830.3070541744385,816.9374760404181,821.9871279771871,2663538,8.22381591796875,0.21276486567054792
2022-07-14,846.3217163085938,849.2553119808799,831.2208401767074,834.298735105812,4934156,18.996337890625,0.22647353827483802
2022-07-15,844.8788452148438,851.1788747786933,839.540595312221,851.1307946015253,1413559,-1.44287109375,0.22543229298070305
2022-07-18,849.1109008789062,861.4224202676849,845.0230878084085,854.6895516809827,2866600,4.2320556640625,0.22848634823471053
2022-07-19,841.8971557617188,857.2865704538775,840.1658583500425,846.417808068732,1604458,-7.2137451171875,0.22328056222312748
2022-07-20,834.394775390625,850.9384068859586,829.1527445994296,850.9384068859586,2885666,-7.50238037109375,0.21786648310680817
2022-07-21,836.4628295898438,844.3979967839869,830.739879084391,838.7231264597308,2321107,2.06805419921875,0.2193588906491592
2022-07-22,841.1277465820312,842.7148035485329,833.4330387802516,837.7613119187528,1939758,4.6649169921875,0.22272531949140723
2022-07-25,835.21240234375,844.4941669549673,823.7184797241086,836.7994592833959,2419358,-5.91534423828125,0.21845652210681804
2022-07-26,834.5392456054688,843.9171715153403,829.104834288131,836.0300836243063,1560211,-0.67315673828125,0.21797073977394937
2022-07-27,859.8836059570312,862.769121413263,833.000208548614,834.3948860936517,2797789,25.3443603515625,0.23626045121334155
2022-07-28,860.7011108398438,862.6247877338981,845.215535325091,861.807248536309,3183169,0.8175048828125,0.2368504021215329
2022-07-29,907.2060546875,915.6221412818386,845.4560133055604,862.7691057281999,11315800,46.50494384765625,0.27041061006050854
2022-08-01,883.6410522460938,904.080120615234,875.2730454549471,904.080120615234,4219890,-23.56500244140625,0.253404969012822
2022-08-02,882.2463989257812,891.2395657731373,877.2448267872984,883.6410765469878,2043767,-1.3946533203125,0.25239851998697654
2022-08-03,862.76904296875,882.7752699050949,859.4506887546019,880.0821341320025,2863168,-19.47735595703125,0.23834272157206554
2022-08-04,883.4485473632812,884.89130492566,861.4224250952494,866.6163758021953,3151481,20.67950439453125,0.25326604821511883
2022-08-05,880.9959106445312,893.5478902573312,877.1004767931048,884.4104252869926,3317738,-2.45263671875,0.25149610739872613
2022-08-08,875.6576538085938,884.6988990387412,873.733977116313,884.6988990387412,2677742,-5.3382568359375,0.2476437640858818
2022-08-10,884.6028442382812,891.6242532617175,878.3508942423792,878.3508942423792,3077870,8.9451904296875,0.2540990444504269
2022-08-11,885.9012451171875,891.5280349714782,882.4386503652831,887.7768417352844,1526395,1.29840087890625,0.2550360330774208
2022-08-12,878.5913696289062,887.5845359174451,872.5317989576047,885.9013185806413,1384417,-7.30987548828125,0.24976087475880465
2022-08-16,879.6974487304688,884.362400573587,871.7142011021372,872.3874997781086,1635836,1.1060791015625,0.2505590747258231
2022-08-17,885.660888671875,890.6624606673553,880.0822370525163,883.9295910942759,1828327,5.96343994140625,0.2548625802868834
2022-08-18,881.7654418945312,883.9295785122163,861.0378340307856,875.2730320414763,2989998,-3.89544677734375,0.2520514382222649
2022-08-19,869.79931640625,888.5685046017358,866.5666026396224,883.9365345410848,1708425,-11.96612548828125,0.24341610558051102
2022-08-22,849.7274780273438,871.8259168007038,847.4115222524451,868.9791659431933,2860170,-20.07183837890625,0.22893130000972534
2022-08-23,857.3027954101562,860.7767587694752,842.0558057031238,843.551597189904,2314528,7.5753173828125,0.23439801398757137
2022-08-24,850.1617431640625,868.4484348904075,847.3149922897322,860.7767024998226,3223687,-7.14105224609375,0.22924468665387815
2022-08-25,846.59130859375,859.4740455481399,844.3718287094547,856.916781593138,5016244,-3.5704345703125,0.22666808905589536
2022-08-26,849.3414916992188,859.3291795471658,847.3632022241999,851.416198343185,1542618,2.75018310546875,0.2286527536797715
2022-08-29,848.4730224609375,850.161766037061,834.7218247696457,841.47679907414,2068888,-0.86846923828125,0.22802602443737524
2022-08-30,861.7899169921875,864.1541696604455,851.1267198665695,852.0917161475973,3672052,13.31689453125,0.23763613709624004
2022-09-01,841.33203125,870.3302182405278,839.9328336829793,861.7417272981206,2939235,-20.4578857421875,0.22287274114959127
2022-09-02,839.1126098632812,847.2668412426816,835.6868844147634,842.3453831502989,1963435,-2.21942138671875,0.22127109975235632
2022-09-05,853.6357421875,855.1315336393898,834.1911011986618,838.5818227833219,2808538,14.52313232421875,0.2317516917152817
2022-09-06,856.6754760742188,859.5222269746787,851.657483471515,855.9517288401374,2252661,3.03973388671875,0.23394531013253245
2022-09-07,862.4654541015625,865.0227178885887,848.7142566515515,848.7142566515515,1698682,5.78997802734375,0.23812363721956858
2022-09-08,862.9962158203125,869.2204539983761,855.9517543120285,866.8079631463129,1772605,0.53076171875,0.23850666044620977
2022-09-09,858.8467407226562,870.3302207030356,855.6622645873576,863.1892242431641,1405210,-4.14947509765625,0.23551219930738693
2022-09-12,856.6272583007812,863.8164927757811,854.1182324907312,860.0047454730508,1571387,-2.219482421875,0.23391051386424283
2022-09-13,858.9915161132812,862.0312192468391,852.574266889044,858.7019700921498,2216354,2.3642578125,0.23561667620407428
2022-09-14,852.8155517578125,866.2772630532779,849.245053368166,853.6357751222276,1889322,-6.17596435546875,0.2311598027870842
2022-09-15,843.6962280273438,857.0614617210498,840.6082281801414,852.0917073654977,1780723,-9.11932373046875,0.22457885944351347
2022-09-16,837.6650390625,859.329218103813,835.49379735477,847.9422733719024,5625488,-6.03118896484375,0.22022646292321074
2022-09-19,844.2269897460938,846.2535173159152,826.808818305664,841.862795929352,1920725,6.56195068359375,0.22496188267015466
2022-09-20,880.0283813476562,882.7303591888278,846.1087380828063,846.8324853026934,4408042,35.8013916015625,0.25079789164565386
2022-09-21,873.6112060546875,890.2091554758205,871.0540010014864,886.3974080168064,4153228,-6.41717529296875,0.2461669487953973
2022-09-22,876.2166748046875,879.352912902832,863.9612095337361,868.4002280272543,2317690,2.60546875,0.24804718056849534
2022-09-23,888.8580322265625,894.2620466260371,871.0056014025024,871.0056014025024,4802181,12.641357421875,0.2571697931040316
2022-09-26,869.1721801757812,893.9242999596415,867.5799127194949,885.8183663696657,3760536,-19.68585205078125,0.24296353386319985
2022-09-27,865.7464599609375,878.0018659348809,863.092720117986,873.562906484333,3096645,-3.42572021484375,0.24049136911599517
2022-09-28,885.7218627929688,893.586606485121,860.8249691220439,862.7067237556136,5559336,19.97540283203125,0.2549065821502015
2022-09-29,898.1221313476562,922.0540294908598,892.7181163484141,892.7181163484141,8519098,12.4002685546875,0.2638552133442897
2022-09-30,915.4437255859376,917.6632052041432,897.4465217779016,901.2582687845472,4182345,17.321594238281364,0.2763553102452901
2022-10-03,911.4390258789062,933.9716664319428,909.7502823158696,919.593256577309,4444578,-4.004699707031364,0.2734653260031545
2022-10-04,911.4872436523438,922.8259501806664,910.0397492019196,922.2469759599766,1856830,0.0482177734375,0.2735001222714441
2022-10-06,920.510009765625,928.3264563689182,914.3822478173164,921.2819950389984,3449485,9.02276611328125,0.2800113849866171
2022-10-07,921.7161865234376,927.892127149219,913.079458355144,919.6414210382168,1762328,1.2061767578126137,0.28088182024476854
2022-10-10,912.9346923828124,920.8476734285874,902.512744641432,912.8382163170958,1683827,-8.781494140625227,0.27454467100877106
2022-10-11,911.6802368164062,918.5799837876216,907.0965044799384,917.5184525389044,2426935,-1.2544555664061363,0.2736393954364211
2022-10-12,922.1022338867188,926.3964793467644,908.109787063252,912.886530689624,2875040,10.4219970703125,0.28116041062063163
2022-10-13,934.50244140625,939.66514805689,918.1939803605966,923.3566870112364,4498223,12.40020751953125,0.29010899776881044
2022-10-14,942.1257934570312,945.5998151722108,930.2563517855644,941.8363063721066,3307000,7.62335205078125,0.29561037587721845
2022-10-17,945.6964111328124,950.5213928222656,939.2309238892047,942.1259129028768,2647369,3.5706176757811363,0.29818710561292877
2022-10-18,944.1040649414062,950.5213136130956,938.700109459024,949.3150682912514,2065146,-1.5923461914061363,0.29703799188709595
2022-10-19,942.7049560546876,946.371930397868,931.2697139900404,941.4504136831468,2424533,-1.3991088867186363,0.296028327509877
2022-10-20,946.0341186523438,948.4466094520884,932.7171812174942,936.046430300882,1669666,3.3291625976561363,0.29843081162868385
2022-10-21,943.4769287109376,957.1798884506072,941.5951740775448,946.661404837378,1791608,-2.5571899414061363,0.2965854201697848
2022-10-24,952.451416015625,955.2981670833558,947.7229102489736,951.4864196468149,191840,8.974487304687386,0.3030618425707589
2022-10-25,956.8421020507812,962.4390690015306,951.0038860168212,957.2281241433992,2119595,4.39068603515625,0.30623037314284834
2022-10-27,976.2385864257812,977.927330047603,957.7588826617928,964.0313589714166,4379157,19.396484375,0.32022781072803314
2022-10-28,955.3463134765624,968.3737632057884,952.9820608200372,966.92626879143,3934980,-20.892272949218864,0.30515094004541304
2022-10-31,981.3047485351562,991.3407334868544,956.504332161184,960.123068240109,3546309,25.958435058593864,0.32388379737754186
2022-11-01,1000.3152465820312,1012.28122552426,983.4761064889864,986.1780846343812,5264069,19.010498046875,0.3376026886327728
2022-11-02,1015.1278686523438,1033.4627993996746,996.50350967692,1002.4382608204056,5923662,14.8126220703125,0.34829219034316355
2022-11-03,1007.6490478515624,1018.6500287780824,1003.1619094792384,1008.421091978734,2386317,-7.478820800781364,0.3428951129478059
2022-11-04,1003.4995727539062,1009.7720480589968,995.3452841788558,1008.7105757976128,1576349,-4.149475097656136,0.33990065180898316
2022-11-07,992.3539428710938,1013.1978398395468,985.2612434731524,1008.4211551708564,2853521,-11.1456298828125,0.33185742832497295
2022-11-09,978.0718994140624,1000.363347262358,974.646174639376,984.344374795405,2268760,-14.282043457031364,0.32155081770349564
2022-11-10,975.2734985351562,986.5156696803454,971.5099895431288,974.6462274035856,2419991,-2.7984008789061363,0.31953135681133
2022-11-11,978.0718994140624,995.3452962788504,974.5014016480208,980.1949028613328,2390487,2.7984008789061363,0.32155081770349564
2022-11-14,981.3047485351562,985.6472318298662,966.926280288748,982.9934920386546,1764788,3.2328491210938637,0.32388379737754186
2022-11-15,980.4844970703124,986.2262369418374,969.2905633416076,986.2262369418374,1703050,-0.8202514648438637,0.3232918644034351
2022-11-16,982.9935302734376,986.998229683996,971.847775597861,971.847775597861,1485506,2.5090332031252274,0.32510250363995413
2022-11-17,977.8789672851562,994.4286772244508,975.080513382308,987.48069215406,1758031,-5.114562988281364,0.3214115885844279
2022-11-18,974.2603149414062,982.2215350212718,970.7863515569468,979.7125680101292,1130682,-3.61865234375,0.3188001947181556
2022-11-21,968.0360717773438,977.3482508280974,958.7238338278896,967.8912987713873,1108922,-6.2242431640625,0.3143084809869667
2022-11-22,974.7427368164062,976.9622754202336,961.3775616517936,970.9310485591808,1723123,6.7066650390625,0.3191483335846887
2022-11-23,982.028564453125,983.4277620492372,974.115582560548,979.6643116030856,1311376,7.28582763671875,0.3244061378150693
2022-11-24,998.86767578125,1001.087214455118,978.3132657699,984.9235259574294,1994268,16.839111328125,0.33655805180362725
2022-11-25,997.6614990234376,1001.6179606819172,991.0030003410436,1001.6179606819172,1948596,-1.2061767578123863,0.335687616545476
2022-11-28,998.5299072265624,1005.0436321589416,991.96788536091,996.8411637255754,1427648,0.8684082031247726,0.3363143017419628
2022-11-29,1013.1013793945312,1014.4041008881416,997.8062110343844,998.7712073700076,1179559,14.571472167968864,0.3468297780649963
2022-11-30,1009.4345703125,1021.2557766689082,1002.9690235044228,1016.1412484324752,3060171,-3.66680908203125,0.34418363197634355
2022-12-01,1009.8203735351562,1020.8213553778396,1003.2101721613096,1018.07113936652,1878374,0.38580322265625,0.34446204616856974
2022-12-02,1003.5962524414062,1013.10144338822,998.578318298164,1011.6057696519708,2284133,-6.22412109375,0.3399704205291993
2022-12-05,1003.0171508789062,1009.3378057959484,994.6699095482963,1005.670890632734,2294634,-0.5791015625,0.3395525129424501
2022-12-06,997.3720703125,1003.5962499359266,987.4325603335932,1003.0172756589074,1321211,-5.64508056640625,0.3354787508439197
2022-12-07,982.1249389648438,1000.845889879683,979.8089243923306,1000.2669156859032,2954262,-15.24713134765625,0.32447568630573925
2022-12-08,946.4683837890624,982.3662588591368,940.8714168837508,979.4712698841098,10021644,-35.656555175781364,0.29874419827283655
2022-12-09,958.0965576171876,962.1013158414036,945.6963786605572,946.4683639246216,4231753,11.628173828125227,0.30713564871519855
2022-12-12,952.8374633789062,960.1714124167784,945.841239519588,960.0749363368216,1875104,-5.259094238281364,0.3033404329466221
2022-12-13,959.8336181640624,961.4740647975044,945.5033873994377,945.6963984441666,1863361,6.996154785156136,0.30838919529180947
2022-12-14,965.237548828125,967.8912886524464,959.7370581397918,964.0313034534336,1570685,5.403930664062614,0.3122889320029825
2022-12-15,967.1193237304688,971.7512942869524,963.1628034790568,965.9613163666726,1304660,1.88177490234375,0.31364691143037154
2022-12-16,958.8685913085938,969.9177517584232,953.0303166096188,963.211074632572,2618988,-8.250732421875,0.3076927854210156
2022-12-19,953.3681640625,958.3861569059284,939.6169659552786,953.0303799978374,1547342,-5.50042724609375,0.30372341212735404
2022-12-20,953.7540893554688,955.9736280105296,945.1174194100408,953.368126166672,1352408,0.38592529296875,0.30400191441139873
2022-12-21,970.4003295898438,974.1638390058116,953.8024390853304,957.2764024702972,2043630,16.646240234375,0.31601464332679813
2022-12-22,975.2734985351562,997.8544346899264,971.799476642816,984.2479520176478,5163443,4.8731689453125,0.31953135681133
2022-12-23,966.4920654296876,991.8714572050447,963.5006003571988,976.5762888881644,3612433,-8.781433105468636,0.313194251621242
2022-12-26,965.0444946289062,976.3832006439072,954.0918106760226,974.646219161774,2307374,-1.4475708007813637,0.3121496147920963
2022-12-27,965.14111328125,980.1950326299924,958.2413658888332,965.237589355796,1870105,0.09661865234375,0.3122193394664033
2022-12-28,960.1713256835938,975.2252445167408,958.2413330691544,963.9348348412308,1686511,-4.96978759765625,0.30863290130756454
2022-12-29,965.5269775390624,969.5317355002932,954.477758795453,963.5969850562904,2162872,5.355651855468636,0.3124977977045386
2022-12-30,966.3473510742188,971.5582959313024,958.9651055699728,968.8563179796254,1629162,0.8203735351563637,0.31308981877046377
2023-01-02,962.101318359375,966.3473256708924,952.6443663277591,966.3473256708924,1616012,-4.24603271484375,0.3100256770032433
2023-01-03,973.7777709960938,977.348269189327,953.4163720353856,958.2413536752408,1810117,11.67645263671875,0.31845196775980394
2023-01-04,968.9527587890624,989.9897251941476,965.7200447518214,976.576253099019,2573870,-4.825012207031364,0.31497000649765255
2023-01-05,980.6292724609376,986.1297632663448,972.9575399348722,973.7777632476405,2246533,11.676513671875227,0.3233963413001227
2023-01-06,973.3917846679688,986.0332127044396,968.9527663255902,979.4712496099456,1773153,-7.237487792968864,0.3181734214298501
2023-01-09,981.2565307617188,987.5290071378683,975.1288273998848,979.4713110449115,1567316,7.86474609375,0.32384900110925224
2023-01-10,976.4314575195312,988.1561858229054,974.6944760038792,980.436215621164,1607654,-4.8250732421875,0.3203669958011916
2023-01-11,992.0161743164062,996.8894526418806,973.05397388405,976.5762338601198,3258157,15.584716796875,0.3316136782633086
2023-01-12,996.6964111328124,999.2053779690336,985.4060014711174,995.8278908978972,1641398,4.680236816406136,0.33499116262877265
2023-01-13,995.4901733398438,998.7711843648704,984.44101267042,995.0559721177762,1491367,-1.2062377929686363,0.3341206833247122
2023-01-16,999.2053833007812,1003.1136654800536,990.1826913506526,995.4901710621872,1437532,3.7152099609375,0.3368017578193822
2023-01-17,996.5515747070312,999.7361094332566,990.8581911016482,999.2053143797548,1245848,-2.65380859375,0.33488664168617616
2023-01-18,1003.6925659179688,1005.0435842137884,994.0909004465012,996.5515701806872,1238451,7.1409912109375,0.34003992497396013
2023-01-19,1004.1268920898438,1007.4560820235504,999.7361120463584,1001.7625806058928,824263,0.434326171875,0.3403533556640221
2023-01-20,994.2840576171876,1010.8337701097324,981.2566056873724,1007.504579513302,2963571,-9.842834472656136,0.3332502921124701
2023-01-23,1012.5707397460938,1017.974695867077,986.7087898706192,998.7712445145144,2106604,18.286682128906136,0.3464468429301735
2023-01-24,1004.2716674804688,1014.1628801975288,998.3370340881588,1013.2461807719836,2088556,-8.299072265625,0.34045783256070944
2023-01-25,1003.6443481445312,1009.0483033223676,994.2356351643866,994.2356351643866,1753333,-0.6273193359375,0.3400051287056705
2023-01-27,1006.8773193359376,1014.2112687953356,997.8063291478372,1008.3729931547584,3448013,3.2329711914063637,0.34233819647153524
2023-01-30,1014.8865966796876,1034.6208423754183,1003.7891388460044,1005.477882429391,3320916,8.00927734375,0.3481180768639878
2023-01-31,998.2886352539062,1023.1855859877032,990.1344639408728,1018.0710586687976,5265462,-16.597961425781364,0.3361401882627871
2023-02-01,979.374755859375,1007.4078273361354,969.917745121794,1000.1703551790272,4717887,-18.91387939453125,0.3224910216818631
2023-02-02,972.3302001953124,980.1467051776568,958.2412784721196,974.5979767272896,2117181,-7.044555664062614,0.31740733093065837
2023-02-03,992.1610717773438,996.3104856170472,966.5886671887396,971.7513743669564,2332076,19.830871582031364,0.33171824325181437
2023-02-06,987.5289916992188,990.0379586509728,977.3000539436638,984.2962774846084,1215157,-4.632080078125,0.3283755111087307
2023-02-07,971.1723022460938,992.4986969685832,966.9262949562668,990.3274552882924,2360600,-16.356689453125,0.3165717359867059
2023-02-08,984.8809204101562,988.672687078018,969.7139724205668,976.908525968068,1815142,13.7086181640625,0.326464535290992
2023-02-09,978.8529663085938,992.8532710200792,973.6028965474816,975.1584595861236,1474402,-6.0279541015625,0.32211447320387837
2023-02-10,978.658447265625,986.193320254166,969.0332902783648,978.8529074689976,1530150,-0.19451904296875,0.32197409889117073
2023-02-13,987.0684814453124,989.11016547652,974.1862776736796,980.262788886714,1355766,8.410034179687386,0.3280431847236101
2023-02-14,978.8043823242188,989.790702236777,975.4015361974396,989.742102017437,1832842,-8.264099121093636,0.32207941266013335
2023-02-15,967.7694702148438,978.4641295590905,963.0540620812328,974.1862420850208,2251350,-11.034912109375,0.3141160884554615
2023-02-16,967.5263671875,981.9641329303536,963.6860005420132,971.1722736216472,1678410,-0.24310302734375,0.31394065359900897
2023-02-17,957.1719970703124,968.8388979995595,954.7413927100528,964.658270368098,1847026,-10.354370117187614,0.3064684412822222
2023-02-20,957.0748291015624,964.1235819854488,947.8871324398974,962.6652193198172,2157871,-0.09716796875,0.3063983201947323
2023-02-21,944.630126953125,963.2971817332486,942.2481819709614,962.5194001467707,1771813,-12.444702148437386,0.29741762357872664
2023-02-22,941.6647338867188,950.8524302806218,939.1855292955836,944.5814591329784,2605147,-2.96539306640625,0.2952776530789148
2023-02-23,945.505126953125,950.1232753881146,937.2896720795368,945.9912478410188,2835983,3.84039306640625,0.2980490657334102
2023-02-24,943.5606079101562,956.0538905227248,936.9493759516656,943.6578083477074,1823835,-1.94451904296875,0.2966458071113354
2023-02-27,938.2619018554688,945.553715080615,933.4006930387046,943.5606313339272,1548675,-5.2987060546875,0.2928220055476704
2023-02-28,930.0464477539062,948.9079617128484,927.5186429037471,942.102269364498,3819644,-8.2154541015625,0.2868933380738478
2023-03-01,932.6715698242188,939.2342021357208,924.6019745538176,924.6019745538176,1862513,2.6251220703125,0.28878775262971706
2023-03-02,938.5049438476562,940.1577666810514,924.6990992112488,933.3520744713644,1510195,5.8333740234375,0.2929973963582138
2023-03-03,940.060546875,942.8314120526284,931.5534317881628,940.2063475290762,2215832,1.55560302734375,0.29411999444669185
2023-03-06,938.4563598632812,952.310804958388,937.0465974415584,943.0745082283167,1989152,-1.60418701171875,0.2929623358144688
2023-03-08,930.9215698242188,938.2133836870717,920.7130304162248,933.3521744451696,4734482,-7.5347900390625,0.2875248683203498
2023-03-09,926.2547607421876,932.7687925720148,920.8588307018496,930.9215094435358,2994556,-4.666809082031136,0.2841570740549159
2023-03-10,929.0255737304688,930.9214569731683,919.8378775088668,920.2267979374454,2001392,2.7708129882811363,0.28615662619611076
2023-03-13,927.6157836914062,933.2548330330072,921.2476124145832,928.588025392934,1412106,-1.4097900390625,0.28513925378477695
2023-03-14,930.6298217773438,936.9979934182523,923.9213299168888,927.032515407838,1879695,3.0140380859375,0.28731432887424296
2023-03-15,924.9907836914062,938.1160467347034,922.9976407194991,925.574104979183,2189113,-5.6390380859375,0.2832449273207262
2023-03-16,940.5466918945312,943.0744967060324,925.2824845641968,928.7339309056056,2228093,15.555908203125,0.2944708201136878
2023-03-17,931.115966796875,941.8106264024044,926.3033581062008,941.6647663986848,2218687,-9.43072509765625,0.28766515454123903
2023-03-20,934.5187377929688,935.928500132014,921.053154587438,923.629618839518,1955757,3.40277099609375,0.29012075802657417
2023-03-21,929.6575317382812,938.2132468883528,926.7894068355672,938.2132468883528,1687239,-4.8612060546875,0.28661267754025094
2023-03-22,945.067626953125,947.3524307807476,930.0464793205346,930.4353997757262,1626129,15.41009521484375,0.29773334465606843
2023-03-23,950.51220703125,955.6650766354344,945.019017196974,947.9357425586932,1857923,5.444580078125,0.3016624159427869
2023-03-24,945.8453979492188,951.8247086706,941.1300490226156,950.4635464335756,1534322,-4.66680908203125,0.2982946216773528
2023-03-27,956.1512451171876,963.4430588844024,936.268887710395,952.7969989160822,2473222,10.305847167968864,0.3057318174963038
2023-03-28,956.88037109375,960.3804177629992,949.1996373005994,959.6026362077138,1394675,0.7291259765623863,0.3062579899279339
2023-03-29,964.3665771484376,968.8388652839252,951.824635336641,958.2900664529787,3045795,7.486206054687614,0.311660396878308
2023-03-31,955.8108520507812,967.5750129701834,954.1580885288756,967.5750129701834,1822710,-8.555725097656364,0.3054861734605427
2023-04-03,951.873291015625,960.5748667067104,949.1024257134192,953.769174331258,1671570,-3.93756103515625,0.3026446397185573
2023-04-05,969.4708862304688,971.2695097343468,948.227368355947,957.658125213545,1544121,17.59759521484375,0.31534391222108377
2023-04-06,984.005859375,985.8531424512698,965.8249859761064,969.4708925680118,1423990,14.53497314453125,0.3258330490903992
2023-04-10,980.60302734375,988.72128174319,978.7072033614004,986.825398419912,1110974,-3.40283203125,0.3233774015591548
2023-04-11,981.2349853515624,993.8741280907948,979.5821625097852,980.60300447823,1786844,0.6319580078123863,0.32383345290329485
2023-04-12,988.4781494140624,991.8809953680416,977.3459700678602,987.3114475045134,3246327,7.2431640625,0.3290604690431255
2023-04-13,975.6446533203124,995.4297503563054,974.1862906098188,993.922787423648,1445693,-12.83349609375,0.3197991999853415
2023-04-17,970.977783203125,981.8669019492022,967.4290773145854,971.7069644672696,1768817,-4.666870117187386,0.31643136167399827
2023-04-18,976.9085083007812,978.318270720564,960.8665192653632,971.2695179625774,1217390,5.93072509765625,0.3207112586277127
2023-04-19,967.86669921875,981.3808837980556,965.4360947505965,975.6446335168414,2174563,-9.04180908203125,0.3141862535888607
2023-04-20,960.331787109375,974.2834324643932,956.4428201152596,971.3667072188068,1638094,-7.534912109375,0.3087486980029233
2023-04-21,961.9845581054688,966.6999065953368,957.6094704728772,966.6999065953368,1216575,1.65277099609375,0.3099414171788913
2023-04-24,951.9705200195312,955.2275061003988,932.6228857270304,947.9356930767316,3485350,-10.0140380859375,0.3027148048519565
2023-04-25,945.505126953125,955.6164651576842,940.157797186295,952.7969402715296,2377746,-6.46539306640625,0.2980490657334102
2023-04-26,944.2898559570312,949.6857861228854,936.4633212713392,948.71354431495,2911028,-1.21527099609375,0.29717206763478404
2023-04-27,951.5330200195312,954.3524855119798,936.8035336557024,941.1300213451544,2777173,7.2431640625,0.3023990837746147
2023-04-28,960.234619140625,964.9499680440656,951.970563998686,957.6095544626468,2009995,8.70159912109375,0.3086785769154334
2023-05-02,946.039794921875,961.449861807066,943.3661301886416,960.2345596555962,3152556,-14.19482421875,0.29843490789824206
2023-05-03,936.8521728515624,945.4079481470274,932.8660052159852,943.560664994386,3087472,-9.187622070312614,0.29180467718224573
2023-05-04,946.9634399414062,948.8107229548696,938.3591244134218,940.7897287253865,1197830,10.111267089843864,0.2991014546425798
2023-05-05,943.5120239257812,950.1232559980272,940.9841597557656,946.9634702912032,1062645,-3.451416015625,0.2966107465675904
2023-05-08,935.1506958007812,942.1022479924106,934.3243140564568,935.2965557984512,2676958,-8.361328125,0.29057680937071434
2023-05-09,930.8728637695312,940.0119005007348,923.1435300854644,935.1993513711344,6902170,-4.27783203125,0.28748971968478637
2023-05-10,927.32421875,933.3035295678376,925.1852749177124,930.435404384152,2180917,-3.54864501953125,0.28492884647639777
2023-05-11,934.3729248046876,937.1438494051522,925.5741488086728,927.3241720957978,1296607,7.048706054687614,0.29001553234943006
2023-05-12,929.463134765625,936.366027615902,925.5741676745556,934.324343629462,2014927,-4.909790039062614,0.2864723913193618
2023-05-15,926.5464477539062,929.2201127395548,921.7338389115524,926.5464477539062,1814239,-2.91668701171875,0.2843675694551134
2023-05-16,914.8309326171876,935.8313317387552,911.9628074420144,926.5464344266948,2625163,-11.715515136718636,0.2759130893166472
2023-05-17,909.9696655273438,919.0601020310642,903.0667135907404,915.1225348647716,2956985,-4.861267089843864,0.2724049647844147
2023-05-18,903.8445434570312,916.8239467504796,896.8443911682698,916.8239467504796,3014019,-6.1251220703125,0.26798478160981104
2023-05-19,900.1500854492188,908.46280066894,898.6431224626905,906.1293965123632,1309343,-3.6944580078125,0.26531868272427833
2023-05-22,911.4281005859376,916.5809703329884,897.2333344941218,900.1500599367088,1382485,11.278015136718864,0.2734574417854028
2023-05-23,905.7403564453124,929.6575381989328,903.309752161871,911.4766062906046,3057684,-5.687744140625227,0.2693528915963224
2023-05-24,925.719970703125,928.2963756378358,906.7125977425944,909.5321224464626,2953574,19.979614257812614,0.28377114379826557
2023-05-25,918.7684326171876,925.282464060542,916.532288511807,923.3379806052676,2331464,-6.951538085937386,0.27875457901272344
2023-05-26,942.9773559570312,949.5885884017644,910.990576647858,917.747669100572,4137189,24.208923339843636,0.29622490440275867
2023-05-29,941.567626953125,946.234375942399,920.129706132352,943.0259897210814,5344765,-1.40972900390625,0.2952075760373341
2023-05-30,932.963134765625,940.5952679048204,929.7547489440888,938.2132638124484,2624815,-8.6044921875,0.28899815993809613
2023-05-31,948.2760620117188,952.1164291766756,934.0813547777508,938.2133826287064,5595631,15.31292724609375,0.3000487059664237
2023-06-01,960.283203125,962.9568679786562,947.9357208417476,952.6024694453982,3261906,12.00714111328125,0.3087136374591783
2023-06-02,971.8529052734376,975.8391323635308,953.769231051044,959.1651613157154,3734815,11.569702148437614,0.31706289192050047
2023-06-05,980.7488403320312,989.4504156410804,970.78336264836,977.443194729858,3629780,8.895935058593636,0.323482627236299
2023-06-06,985.65869140625,987.7490349414376,976.1307339589006,980.8947423530394,1632644,4.90985107421875,0.3270258123122764
2023-06-07,986.4365234375,989.2560484421598,981.9642348172788,986.8254439005328,1608613,0.77783203125,0.32758713337947004
2023-06-08,959.6026611328124,987.7976734659954,955.9567543655904,986.825431661403,3395935,-26.833862304687614,0.3082225255712931
2023-06-09,956.63720703125,963.1998383309613,953.7690822246732,956.6858072467672,2306206,-2.9654541015623863,0.3060825110255721
2023-06-12,958.095703125,962.4221910458452,953.817815426448,960.4777074266726,593319,1.45849609375,0.30713503207246934
2023-06-13,960.6720581054688,968.3527917361324,958.1928534887876,962.5193411835052,2413311,2.57635498046875,0.3089942539468659
2023-06-14,959.3109741210938,967.3805690094694,956.9289698970556,964.0749232282412,2139387,-1.361083984375,0.3080120301710955
2023-06-15,960.9638671875,967.1861794158896,958.3388023272878,961.0610676360166,2731724,1.65289306640625,0.309204837438882
2023-06-16,964.4638061523438,967.0402704999076,959.797057668179,962.519322672198,3611214,3.49993896484375,0.31173056201170707
2023-06-19,973.9918823242188,978.75589116894,966.1653472286912,967.52650956745,1327862,9.528076171875,0.31860648080937365
2023-06-20,964.4152221679688,979.7766300515214,962.1304184357804,979.6794296122484,1445688,-9.57666015625,0.31169550146796215
2023-06-21,964.3665771484376,966.2624010126808,956.2969234721286,964.4151773658162,1396686,-0.04864501953113631,0.311660396878308
2023-06-22,962.81103515625,968.5472854678457,959.6998495523494,959.6998495523494,5384143,-1.5555419921876137,0.3105378428357391
2023-06-23,963.9291381835938,968.304226255024,950.1718930670584,966.408342889218,1218237,1.11810302734375,0.31134471984687534
2023-06-26,967.33203125,975.9363478036204,963.9291848076296,966.40838963317,2066932,3.40289306640625,0.313800411424029
2023-06-27,973.9918823242188,975.498845337244,958.6304728226312,972.1932586217264,4647465,6.65985107421875,0.31860648080937365
2023-06-28,993.4366455078124,997.0826115478612,967.3805774996266,967.3805774996266,5296330,19.444763183593636,0.3326387587087572
2023-06-30,1022.4093017578124,1025.714947124725,991.7350893778593,993.3879120613155,4765060,28.97265625,0.35354682326807957
2023-07-03,1004.0339965820312,1024.4025322270368,1001.4089913589772,1023.7705513601968,2338356,-18.375305175781136,0.3402863177901781
2023-07-04,1019.687255859375,1024.6456653445623,1001.3118619489871,1011.1314804749196,1549174,15.65325927734375,0.3515824638083574
2023-07-05,1015.700927734375,1028.340070720584,1013.7079033187404,1025.7150654192678,1840716,-3.986328125,0.34870573738489935
2023-07-06,1013.56201171875,1027.2705964862014,1011.1314073741008,1011.1314073741008,2551103,-2.138916015625,0.3471621925419353
2023-07-07,1006.9507446289062,1022.0204919279076,1000.1937118611288,1004.8118602269516,1721224,-6.61126708984375,0.34239118370033567
2023-07-10,1015.99267578125,1021.8261265512858,1002.4784910942948,1007.242499626196,1221769,9.04193115234375,0.3489162768310062
2023-07-11,1042.486328125,1044.9169327604045,1019.9303645811927,1022.7984305782234,4369937,26.49365234375,0.36803537274114967
2023-07-12,1048.8057861328125,1053.6669948750273,1040.298670833937,1045.1598795761515,5088473,6.3194580078125,0.37259579809073323
2023-07-13,1045.7919921875,1051.8685038807268,1041.9515655882592,1051.8685038807268,1541690,-3.0137939453125,0.3704208991849041
2023-07-14,1043.1668701171875,1050.0212227942868,1035.4375946999216,1049.9725632278912,2641580,-2.6251220703125,0.36852648462903487
2023-07-17,1047.687744140625,1051.0420495731785,1040.7848510693443,1043.8959773690633,1254025,4.5208740234375,0.37178896512550624
2023-07-18,1037.5279541015625,1048.951796281004,1034.8056293435004,1048.5142162224558,2238739,-10.1597900390625,0.3644571711673365
2023-07-19,1051.8197021484375,1055.854529103759,1034.3193508373256,1037.5277960504372,2311282,14.291748046875,0.37477078508838085
2023-07-20,1067.18115234375,1073.8409844183948,1052.2572656131017,1055.9031720789856,5218991,15.3614501953125,0.38585634761454407
2023-07-21,1066.6951904296875,1073.549424397787,1060.0838982469966,1072.771702111621,1879610,-0.4859619140625,0.38550565408527576
2023-07-24,1069.8548583984375,1076.611891170062,1062.1741247440089,1063.632487386678,2130036,3.15966796875,0.38778582271415835
2023-07-25,1064.6534423828125,1079.1884099814397,1060.5214146869378,1079.1884099814397,1702900,-5.201416015625,0.38403223032980177
2023-07-26,1081.1329345703125,1083.46633874101,1063.7297817612696,1066.597966420913,1321572,16.4794921875,0.395924625821192
2023-07-27,1103.44580078125,1123.2795575493697,1085.3135858717355,1096.688767637787,6366612,22.3128662109375,0.41202666504107904
2023-07-28,1110.861083984375,1116.08095085347,1094.3720596684998,1102.4701363798963,2677679,7.415283203125,0.41737789064493086
2023-07-31,1115.593017578125,1117.154082431943,1099.59183484786,1112.2756803252532,1718336,4.73193359375,0.4207926818955105
2023-08-01,1115.6416015625,1124.6179318652712,1108.372830901891,1115.5928890080154,1448567,0.048583984375,0.4208277424392555
2023-08-02,1107.6412353515625,1116.4711911004956,1099.0551997161178,1116.129607660317,1731918,-8.0003662109375,0.41505429274955014
2023-08-03,1113.2513427734375,1141.2533227731062,1095.0548793889393,1102.7627784133897,8460399,5.610107421875,0.4191028165420932
2023-08-04,1111.2510986328125,1117.1540124527908,1093.7865154661458,1101.5431266892583,3527805,-2.000244140625,0.41765934400489374
2023-08-07,1132.56982421875,1138.375074795405,1105.933702404621,1111.2511127949483,3353219,21.3187255859375,0.43304396345528534
2023-08-08,1120.71533203125,1136.2773870032058,1112.226840963409,1133.9357301878838,3073468,-11.8544921875,0.42448919078150843
2023-08-09,1124.764404296875,1131.1063268491523,1112.5683993886491,1123.1545078286672,1306791,4.049072265625,0.42741119639965225
2023-08-10,1122.3250732421875,1129.7402195466807,1115.7879439080396,1122.6177058651035,1443067,-2.4393310546875,0.4256508575914711
2023-08-11,1104.8116455078125,1123.0081082674812,1103.0066606397806,1122.0812595546456,1756630,-17.513427734375,0.4130123243977692
2023-08-14,1106.6656494140625,1114.2271735780114,1093.2500420264114,1103.4946876678905,1824622,1.85400390625,0.41435026293645977
2023-08-16,1115.8370361328125,1117.642021251217,1094.5671534303765,1107.3485442572717,1224080,9.17138671875,0.4209687774406015
2023-08-17,1116.9591064453125,1121.0080853202307,1109.8365910117952,1115.837050027481,1964341,1.1220703125,0.42177851743583755
2023-08-18,1107.2996826171875,1121.349503852854,1101.543144578079,1113.251309090866,1473774,-9.659423828125,0.4148078118415138
2023-08-21,1109.73876953125,1116.0806913240417,1099.7380467041555,1102.4698800154774,941384,2.4390869140625,0.4165679744660579
2023-08-22,1109.88525390625,1119.1053857735053,1102.518819463,1107.3972213190311,1438879,0.146484375,0.4166736846482036
2023-08-23,1096.3719482421875,1102.9577905241213,1083.5905596338662,1100.5674213365053,3050418,-13.5133056640625,0.4069218322534452
2023-08-24,1091.103515625,1105.543515098633,1086.127449954077,1096.2745506473664,1575291,-5.2684326171875,0.4031198774607569
2023-08-25,1079.395263671875,1095.9818303106988,1073.4923496685906,1090.810676600304,1515282,-11.708251953125,0.39467063878548875
2023-08-28,1089.835205078125,1096.8113450276446,1078.273414054964,1083.054272705087,1959645,10.43994140625,0.4022046034670122
2023-08-29,1084.56640625,1097.6893802698485,1079.5416279182846,1097.6893802698485,1749707,-5.268798828125,0.3984023843988686
2023-08-30,1087.7860107421875,1091.9326520951502,1083.492993521153,1090.322755749562,1543173,3.2196044921875,0.4007258061106124
2023-08-31,1084.56640625,1091.6400897854533,1074.9071456019533,1091.6400897854533,4782404,-3.2196044921875,0.3984023843988686
2023-09-01,1082.029541015625,1090.3228242425257,1078.85857978181,1084.9565821545311,2715249,-2.536865234375,0.3965716602277421
2023-09-04,1081.9320068359375,1086.907952997922,1075.1997883336714,1086.907952997922,1205294,-0.0975341796875,0.39650127486479675
2023-09-05,1104.3726806640625,1108.37294652751,1080.273303059407,1083.0052558499438,1698118,22.440673828125,0.4126955462186059
2023-09-06,1114.568603515625,1121.0569027084575,1101.5921242315844,1109.3487366227296,2960249,10.1959228515625,0.4200534153550383
2023-09-07,1105.4947509765625,1113.6903712488845,1101.152901633025,1112.275682276109,1863837,-9.0738525390625,0.4135052862138419
2023-09-08,1102.957763671875,1110.373029341917,1101.0552346996096,1105.4457961140076,1789037,-2.5369873046875,0.411674473950897
2023-09-11,1109.251220703125,1112.2758065321414,1098.3235272832362,1102.9580098104536,2032253,6.29345703125,0.4162161357431497
2023-09-12,1117.39794921875,1125.740064063777,1109.4461303439575,1114.275819660092,3989578,8.146728515625,0.42209520752318236
2023-09-13,1120.81298828125,1128.569600711839,1114.5198966188193,1121.0569084092765,2115524,3.4150390625,0.42455966423627217
2023-09-14,1115.9832763671875,1122.9105833074516,1111.056042763028,1120.8128466511776,2065163,-4.8297119140625,0.4210743114391103
2023-09-15,1121.83740234375,1125.7401240508402,1116.1784082278232,1116.1784082278232,2404169,5.8541259765625,0.42529893077674435
2023-09-18,1119.7396240234375,1128.8622118546634,1114.763677852006,1121.0567687303444,962842,-2.0977783203125,0.42378507287659967
2023-09-20,1125.1058349609375,1127.8865001765184,1111.299933997452,1120.0810572687226,2303191,5.3662109375,0.4276575892158701
2023-09-21,1118.276123046875,1128.8133999885135,1113.3977210086316,1121.0567883883514,2088934,-6.8297119140625,0.4227289400651458
2023-09-22,1104.8116455078125,1120.0810671512324,1100.8602114618411,1114.714825104776,1585418,-13.4644775390625,0.4130123243977692
2023-09-25,1096.713623046875,1109.1535483939942,1094.3719662200358,1098.811240667255,1009279,-8.0980224609375,0.40716840125329995
2023-09-26,1098.4698486328125,1102.5189464600476,1091.2986208987286,1097.6405440420826,1966198,1.7562255859375,0.4084357782454084
2023-09-27,1112.226806640625,1118.0321763892116,1095.8841602006837,1098.762488795848,2332018,13.7569580078125,0.4183634619098025
2023-09-28,1104.762939453125,1123.9837952556554,1101.39677068866,1115.153840195686,2685663,-7.4638671875,0.4129771757622058
2023-09-29,1130.47216796875,1139.00937183644,1106.7143730258454,1106.7143730258454,2288577,25.709228515625,0.43153019364695905
2023-10-03,1113.6905517578125,1133.6920036721922,1111.5441021198496,1131.3504655586446,1946966,-16.7816162109375,0.4194197709048933
2023-10-04,1096.4698486328125,1111.300145337312,1085.9324510627112,1110.4220090228653,1803871,-17.220703125,0.40699248189184584
2023-10-05,1091.8839111328125,1101.2017065875957,1084.7615156782597,1097.2989849900507,2348562,-4.5859375,0.40368304845613806
2023-10-06,1099.8846435546875,1104.6166700228257,1095.7867141119548,1100.567572244333,1056281,8.000732421875,0.40945676242129886
2023-10-09,1095.738037109375,1106.226602522125,1082.0296783943872,1083.9810394014105,1080276,-4.1466064453125,0.4064643714402097
2023-10-10,1099.10400390625,1102.909181401881,1092.5669926688029,1094.7134419732024,1092093,3.365966796875,0.4088934152422808
2023-10-11,1101.2991943359375,1106.8605246866264,1095.054816279736,1100.5674340739204,1456045,2.1951904296875,0.41047757041355243
2023-10-12,1102.9091796875,1105.0069164281294,1093.9328482884755,1101.5432032679078,1221965,1.6099853515625,0.411639413407152
2023-10-13,1117.44677734375,1119.3004747686855,1094.713377042597,1098.7136427462274,1934884,14.53759765625,0.4221304442505642
2023-10-16,1107.6900634765625,1119.3493972234246,1105.494782462178,1113.7392346311085,1144308,-9.7567138671875,0.41508952947693206
2023-10-17,1109.1534423828125,1116.1782930902923,1106.4214898290136,1110.9584271658289,798807,1.46337890625,0.41614557419656745
2023-10-18,1125.3497314453125,1133.5454701468975,1106.470340628436,1109.3485499996666,2178517,16.1962890625,0.4278335966691427
2023-10-19,1113.7391357421875,1122.032418837946,1107.3972133748423,1119.4956737113296,1765065,-11.610595703125,0.4194548314486383
2023-10-20,1114.422119140625,1117.1540719353477,1105.543451210195,1110.3243090501535,957910,0.6829833984375,0.41994770517289265
2023-10-23,1095.152587890625,1121.2520426551682,1090.8108570751192,1107.3974264581934,702730,-19.26953125,0.4060418830789007
2023-10-25,1093.0548095703125,1102.2261101313316,1085.7372065046402,1097.640459850822,1800673,-2.0977783203125,0.404528025178756
2023-10-26,1076.8585205078125,1090.761967636666,1070.8093490467852,1088.8106066361252,2223975,-16.1962890625,0.39284000270618075
2023-10-27,1084.2735595703125,1092.566842078548,1080.7123026729269,1084.9564881362337,1250965,7.4150390625,0.39819105212639566
2023-10-30,1088.0787353515625,1092.713217255448,1077.0047866226007,1088.5665755519717,1078813,3.80517578125,0.40093705029126686
2023-10-31,1062.125732421875,1092.371826895059,1042.3682029676177,1092.2254510047037,6475786,-25.9530029296875,0.38220811304505936
2023-11-01,1089.0543212890625,1105.0067897400268,1056.271486485446,1065.442905277939,3973264,26.9285888671875,0.40164108010435723
2023-11-02,1105.2994384765625,1109.8852074904175,1083.5905511250987,1100.421036824548,3454692,16.2451171875,0.4133643393043143
2023-11-03,1113.3489990234375,1117.8371055204216,1103.9824900076392,1110.812253533979,1741756,8.049560546875,0.41917328999685693
2023-11-06,1122.032470703125,1123.0081511124322,1112.2756666100545,1112.3732108306626,1428537,8.6834716796875,0.42543970150263505
2023-11-07,1142.472900390625,1145.0097646756117,1118.666394252584,1121.0567635577331,1811831,20.4404296875,0.44019050031924484
2023-11-08,1148.0830078125,1154.13229737817,1142.5216775181684,1146.4243988760445,1702301,5.610107421875,0.4442390241117879
2023-11-09,1147.5953369140625,1154.473931962559,1138.472748214759,1152.278650874948,1849169,-0.4876708984375,0.44388709729706116
2023-11-10,1150.668701171875,1152.7664379346947,1141.6436571169484,1145.4976663094812,957539,3.0733642578125,0.4461049850102962
2023-11-13,1149.1563720703125,1158.6692555506904,1145.2048189839743,1151.400365430361,816825,-1.5123291015625,0.4450136154714604
2023-11-15,1152.1810302734375,1155.595911738918,1142.5217703078986,1150.8150538669229,2246320,3.024658203125,0.44719635454913204
2023-11-16,1160.6207275390625,1165.8405941289416,1150.9126355955657,1153.2542924971017,2205723,8.439697265625,0.45328684669345604
2023-11-17,1165.5478515625,1169.2554849443618,1159.059552695051,1160.8646568240424,891965,4.9271240234375,0.4568424967617449
2023-11-20,1159.1082763671875,1169.10900013214,1156.4251553570782,1166.913719305687,1054810,-6.4395751953125,0.4521953890628018
2023-11-21,1172.182373046875,1175.6947984168455,1157.4007922174133,1160.0839131266632,999135,13.0740966796875,0.4616302870947601
2023-11-22,1174.8167724609375,1185.2566244386485,1169.8408261284203,1175.6949086611733,1401782,2.6343994140625,0.46353139662883186
2023-11-23,1169.645751953125,1180.47578095051,1165.6941985546664,1174.2802340147568,1177434,-5.1710205078125,0.4597997391072705
2023-11-24,1166.3770751953125,1180.1829765413602,1163.7916174417471,1170.81646861278,1376695,-3.2686767578125,0.45744090448450786
2023-11-28,1162.3768310546875,1171.1579547327628,1160.81576622113,1168.0358250656475,886708,-4.000244140625,0.45455413559374597
2023-11-29,1172.962890625,1180.0854049511688,1155.6933957541626,1162.9621668542277,1813462,10.5860595703125,0.4621935461819597
2023-11-30,1196.0377197265625,1201.2088731638337,1163.352428370507,1163.352428370507,4672807,23.0748291015625,0.4788454545326413
2023-12-01,1201.3065185546875,1211.648707198673,1195.2085159224305,1203.0627909534232,1749751,5.268798828125,0.4826476736007849
2023-12-04,1201.2091064453125,1209.8438553019405,1190.8180849967891,1207.16073384865,1615837,-0.097412109375,0.48257737632965797
2023-12-05,1209.4046630859375,1213.3560971653324,1190.8667358595565,1196.0866020740316,930042,8.195556640625,0.48849168483707256
2023-12-06,1210.1851806640625,1227.4059638338829,1203.3067051893954,1218.185831539528,1704590,0.780517578125,0.4890549439242721
2023-12-07,1209.1607666015625,1211.6975118196476,1199.0136666276103,1201.0625716460015,1478355,-1.0244140625,0.48831567738379994
2023-12-08,1205.745849609375,1217.2588065213113,1200.7210718805416,1205.9897697020212,1612113,-3.4149169921875,0.4858513087625285
2023-12-11,1211.209716796875,1216.039287313337,1185.5492736952303,1205.941018623343,1172972,5.4638671875,0.4897942985565628
2023-12-12,1188.3787841796875,1219.6005584766908,1183.158917609731,1218.6248780299093,2832873,-22.8309326171875,0.4733183976591538
2023-12-13,1203.1114501953125,1209.4533726518057,1183.1588341074507,1188.671452063032,2448178,14.732666015625,0.48395019922845667
2023-12-14,1201.3553466796875,1209.7461744566488,1194.476752090106,1208.868038259866,2341190,-1.756103515625,0.48268291032816674
2023-12-15,1205.6971435546875,1216.1857086311293,1203.0140222560628,1210.81946603388,3474624,4.341796875,0.4858161601269651
2023-12-18,1222.2835693359375,1237.0651505902556,1203.989562610694,1205.697003238383,2135393,16.58642578125,0.49778572405132165
2023-12-19,1214.6732177734375,1237.1138660762,1206.4287663637176,1234.0405682203675,2187458,-7.6103515625,0.49229372772157926
2023-12-20,1202.1845703125,1224.4788425497582,1198.5744815468083,1224.4788425497582,1837031,-12.4886474609375,0.48328131805092983
2023-12-21,1203.5018310546875,1207.843561402037,1179.158651549153,1194.3304110350014,1916222,1.3172607421875,0.48423191686387496
2023-12-22,1213.4049072265625,1220.5761340740623,1205.9897602883204,1209.8436500814048,2058127,9.903076171875,0.49137845372783445
2023-12-26,1217.161376953125,1219.6005781093438,1209.160844801375,1213.405030992872,1796483,3.7564697265625,0.49408930325714223
2023-12-27,1221.990966796875,1224.8692956673974,1211.0633930860122,1219.6005972668802,2005268,4.82958984375,0.4975745679624857
2023-12-28,1231.455078125,1233.8942791991683,1219.161528531514,1224.430107570426,2043365,9.464111328125,0.504404326647282
2023-12-29,1228.8206787109375,1241.0166841731589,1222.088578977084,1231.4062556892516,1840160,-2.6343994140625,0.50250321711321
2024-01-01,1229.601318359375,1233.2112884754652,1222.03979467972,1230.3330787154705,733452,0.7806396484375,0.5030665642922281
2024-01-02,1264.6768798828125,1267.4088326284295,1226.5766319333552,1230.3329776323708,3174447,35.0755615234375,0.5283787793151955
2024-01-03,1267.0184326171875,1272.9213461606823,1259.7496619146434,1264.676776042016,1699057,2.341552734375,0.5300685565767944
2024-01-04,1281.0196533203125,1296.1915325995942,1265.506428791047,1272.2873605644493,2851729,14.001220703125,0.5401725119699163
2024-01-05,1268.5797119140625,1285.9468720913003,1255.7007772242064,1285.9468720913003,2960339,-12.43994140625,0.5311952509348306
2024-01-08,1273.5557861328125,1278.0926051118297,1267.7017032162776,1273.653330361097,1678133,4.97607421875,0.5347862258223197
2024-01-09,1291.80078125,1301.0209129015125,1275.0678394550282,1282.970826456554,1712486,18.2449951171875,0.5479526932840209
2024-01-10,1292.630126953125,1301.0697860560751,1281.2147141536816,1297.7037363874624,1278475,0.829345703125,0.5485511890986023
2024-01-11,1284.2392578125,1299.5086790761377,1278.3363440675728,1295.7035018993354,1320281,-8.390869140625,0.5424959336816602
2024-01-12,1293.703369140625,1297.6549223719508,1273.7995844095915,1286.9224380515811,1538242,9.464111328125,0.5493256923664565
2024-01-15,1297.0206298828125,1307.4116492738544,1289.4591072844005,1296.8742540122,1475983,3.3172607421875,0.5517195875329641
2024-01-16,1281.5074462890625,1299.1673578101284,1275.7510268844646,1297.7038371272745,824502,-15.51318359375,0.5405245268764616
2024-01-17,1267.4088134765625,1288.3371099845504,1262.8718758897542,1280.092658415127,2544642,-14.0986328125,0.5303502742122126
2024-01-18,1303.26513671875,1310.7291158420103,1258.62775696589,1267.3600491894647,2842572,35.8563232421875,0.5562259245060164
2024-01-19,1303.118896484375,1311.7049328182586,1296.8258046851,1307.4119146513167,1605745,-0.146240234375,0.5561203905075076
2024-01-23,1344.7803955078125,1360.683915188274,1283.9954565720022,1283.9954565720022,4129729,41.6614990234375,0.5861853353197453
2024-01-24,1348.4879150390625,1356.195814351021,1327.2668654260158,1346.4390099312295,1719845,3.70751953125,0.5888608600298526
2024-01-25,1335.023681640625,1356.2934451728534,1315.7051600153234,1349.9028093308243,1870910,-13.4642333984375,0.5791444205461129
2024-01-29,1366.7818603515625,1386.2954682920542,1322.242026407068,1331.8037419385537,3413149,31.7581787109375,0.6020626523107542
2024-01-30,1338.3895263671875,1374.9287080048036,1335.8527812656537,1367.8063128774818,1935332,-28.392333984375,0.5815733762563657
2024-01-31,1383.9539794921875,1403.9067174940112,1333.6577203819777,1338.340915395138,5796356,45.564453125,0.6144548807800567
2024-02-01,1373.7091064453125,1395.661914405065,1364.8792707046864,1392.2958648252122,2442481,-10.244873046875,0.6070616868244241
2024-02-02,1382.1976318359375,1398.9792867032309,1370.9773074847008,1374.7336531210974,1775449,8.488525390625,0.6131874156961299
2024-02-05,1428.200927734375,1430.3473768393314,1388.9785066493057,1392.100755194774,3481964,46.0032958984375,0.6463856103071657
2024-02-06,1439.226318359375,1442.055815701713,1411.370710836397,1414.7367610064168,1893995,11.025390625,0.6543420633499981
2024-02-07,1459.8131103515625,1463.9597524592132,1444.397429977035,1446.9341754460968,2259235,20.5867919921875,0.6691984842569352
2024-02-08,1463.13037109375,1470.8382704274245,1449.2269247563763,1464.5451791995756,2213750,3.3172607421875,0.6715923794234429
2024-02-09,1506.0107421875,1510.13191196876,1464.2588340710736,1472.7466039911417,6343881,42.88037109375,0.7025369210429508
2024-02-12,1505.667236328125,1525.9299142772393,1492.5676752572829,1510.9659688344648,4059288,-0.343505859375,0.7022890306658194
2024-02-13,1513.271728515625,1521.9067081050352,1496.8359210618794,1508.6599379184345,4687838,7.6044921875,0.7077767985882759
2024-02-14,1491.880615234375,1516.8041902418297,1479.7622984233906,1516.8041902418297,2105672,-21.39111328125,0.6923399406895407
2024-02-15,1481.5777587890625,1500.3685726134102,1477.3093787803257,1500.3685726134102,2161691,-10.3028564453125,0.684904903120142
2024-02-16,1481.6265869140625,1493.45060313626,1476.6222757348255,1486.5819078524532,3480879,0.048828125,0.6849401398475239
2024-02-19,1501.398681640625,1503.9989974533648,1479.1245313847187,1486.43473793737,777823,19.7720947265625,0.6992086359580938
2024-02-20,1509.8375244140625,1513.075672013474,1483.883712712306,1503.2632487189635,2230669,8.4388427734375,0.7052985114596886
2024-02-21,1514.4493408203125,1520.4348947007138,1504.2443972740848,1511.1622031776828,1993748,4.61181640625,0.7086266203609088
2024-02-22,1528.8245849609375,1531.7192017798188,1506.2069024548507,1520.5330158119916,1981678,14.375244140625,0.7190004890857762
2024-02-23,1531.9644775390625,1539.029373894757,1521.3180229803293,1528.7754401959069,1340283,3.139892578125,0.721266386840069
2024-02-26,1527.7451171875,1537.5085497242803,1519.649868392052,1532.700438604813,974892,-4.2193603515625,0.7182214931351809
2024-02-27,1553.061279296875,1555.7105856440753,1519.9934610822268,1527.548979020951,2140963,25.316162109375,0.73649085536451
2024-02-28,1544.328125,1557.672995935908,1533.3382594717343,1556.74086369023,578316,-8.733154296875,0.730188590488621
2024-02-29,1548.35107421875,1558.016405667246,1527.3034770410022,1545.4564576547243,2350244,4.02294921875,0.7330917444576153
2024-03-01,1530.0018310546875,1552.226989834196,1519.0119668246462,1550.3626057825277,4069161,-18.3492431640625,0.7198500465829538
2024-03-04,1522.986083984375,1539.6672023626936,1519.8461566724404,1521.4652303535047,2298105,-7.0157470703125,0.7147871455009043
2024-03-05,1544.6715087890625,1546.8303136168267,1506.5993811909898,1524.6542626260118,1408172,21.6854248046875,0.7304363927739341
2024-03-06,1573.91259765625,1576.61101389288,1537.0179123406176,1545.4565718881506,1761032,29.2410888671875,0.7515381712420384
2024-03-07,1575.5806884765625,1589.5633910321708,1570.3801762364922,1580.536009926034,2440999,1.6680908203125,0.7527419459412226
2024-03-11,1563.7076416015625,1596.4811570421266,1556.6427452416842,1584.8534602170753,2994345,-11.873046875,0.7441737833110404
2024-03-12,1554.582275390625,1573.7165008755892,1550.51009575438,1562.3339939934203,1294598,-9.1253662109375,0.7375884794224561
2024-03-13,1529.3642578125,1562.3339758475508,1515.0381438795944,1551.5403103147298,2881503,-25.218017578125,0.7193899430151647
2024-03-14,1540.74658203125,1544.76977120862,1517.2458773086817,1537.8519652139248,3062556,11.38232421875,0.7276039765351587
2024-03-15,1519.1591796875,1543.9846561349675,1512.290484045336,1539.3237555206422,3421374,-21.58740234375,0.7120254669923483
2024-03-18,1541.7769775390625,1546.683189082544,1514.4983934450831,1519.2084044390476,2281873,22.6177978515625,0.7283475595747351
2024-03-19,1519.404541015625,1550.1174718969055,1511.505612631529,1544.4753288594582,3692624,-22.3724365234375,0.7122025315474423
2024-03-20,1520.287841796875,1530.6889869613497,1491.979023382333,1530.6889869613497,3412218,0.88330078125,0.7128399639457808
2024-03-21,1535.84033203125,1541.3843747368362,1513.615290744956,1535.4479309530714,2567975,15.552490234375,0.7240633901678257
2024-03-22,1578.720703125,1590.5937105679477,1536.7234862971056,1539.4710125496033,4941447,42.88037109375,0.7550079317873339
2024-03-26,1568.1231689453125,1584.4117658528314,1563.2169578418102,1565.1304520405029,3649049,-10.5975341796875,0.7473602405681854
2024-03-27,1574.059814453125,1595.6471444353176,1562.2357971642948,1571.9501196123915,2530169,5.9366455078125,0.751644409975095
2024-03-28,1590.152099609375,1603.3497593244,1577.788352030053,1579.7508364355906,4427587,16.09228515625,0.7632573782183467
2024-04-01,1598.68896484375,1603.1045550489346,1588.140610464698,1600.994860217014,1148498,8.536865234375,0.7694179914501607
2024-04-02,1591.8201904296875,1602.3685442882909,1579.701872976145,1598.688885965522,1921533,-6.8687744140625,0.7644611529175307
2024-04-03,1589.4652099609375,1598.3944903408133,1564.2963226841675,1578.8187556702956,2098379,-2.35498046875,0.7627616855559018
2024-04-04,1588.974609375,1597.4623787711405,1557.3786569208612,1590.4955827706929,2439461,-0.4906005859375,0.7624076445375323
2024-04-05,1578.8187255859375,1608.1087817782068,1575.973099203353,1580.7812100179897,1548980,-10.1558837890625,0.7550786695175531
2024-04-08,1569.693359375,1588.5332846032888,1567.0440529084815,1580.7814459834462,1170390,-9.1253662109375,0.7484933656289687
2024-04-09,1572.48974609375,1578.6715001269836,1562.0884828793908,1570.968772761308,1389391,2.79638671875,0.7505113730061299
2024-04-10,1573.961669921875,1578.3281499969023,1554.0424044498568,1572.98042767755,1928878,1.471923828125,0.7515735841530573
2024-04-12,1511.1131591796875,1565.0814862932475,1505.2257053127537,1565.0814862932475,8258068,-62.8485107421875,0.7062190709625407
2024-04-15,1511.1622314453125,1515.1361908378549,1475.5921985547734,1489.1332702420127,2474028,0.049072265625,0.7062544838735596
2024-04-16,1508.708984375,1514.3511269945318,1496.5415572045972,1506.2067688662955,2058697,-2.4532470703125,0.7044841025980746
2024-04-18,1487.9556884765625,1516.5589224173525,1478.1922567678405,1516.5589224173525,3266796,-20.7532958984375,0.6895075244507654
2024-04-19,1494.2357177734375,1499.6325500457233,1475.4938953306996,1476.76955814364,2536516,6.280029296875,0.6940394961429881
2024-04-22,1511.2110595703125,1518.9628967592355,1493.401490022357,1499.7795642012557,1680307,16.975341796875,0.7062897206009415
2024-04-23,1456.80126953125,1533.1418415222486,1449.9815643104523,1532.7003304404209,9160422,-54.4097900390625,0.6670249948202012
2024-04-24,1457.8807373046875,1474.8071668645096,1451.6007626713094,1456.8013947381428,4652803,1.0794677734375,0.6678039907707964
2024-04-25,1491.6353759765625,1498.651281764692,1460.7262462271008,1462.0508992602545,3846327,33.754638671875,0.692162964226265
2024-04-26,1478.29052734375,1503.2630941482903,1471.912452858134,1502.281851919734,1794350,-13.3448486328125,0.6825326785409742
2024-04-29,1493.05810546875,1499.141878968538,1481.7248299429789,1487.563173112569,1091667,14.767578125,0.6931896743703552
2024-04-30,1473.924072265625,1500.4667250662028,1468.9197603647822,1498.3570301115717,1991646,-19.134033203125,0.679381634194848
2024-05-02,1490.507080078125,1501.300745569145,1473.8259606829122,1474.8072030002777,2494925,16.5830078125,0.6913487315482878
2024-05-03,1482.80419921875,1508.169286555722,1473.335187874702,1498.3568643920544,3183226,-7.702880859375,0.6857899616201568
2024-05-06,1500.4666748046875,1505.2256759648935,1480.4493080912862,1489.5257992925087,1240626,17.6624755859375,0.6985360549241919
2024-05-07,1486.925537109375,1514.2041217277192,1481.774014889694,1507.1391051009648,1532550,-13.5411376953125,0.6887641175948258
2024-05-08,1493.2054443359375,1497.1795234947892,1474.071219815122,1481.6758475092922,1026357,6.2799072265625,0.69329600119523
2024-05-09,1466.61376953125,1501.2515494802706,1461.8547685209537,1492.6656796955167,1477007,-26.5916748046875,0.6741061675548672
2024-05-10,1478.29052734375,1497.8171518675845,1463.032162777481,1466.6137208678206,1528487,11.6767578125,0.6825326785409742
2024-05-13,1496.443603515625,1501.300704942925,1473.825920800179,1484.6195859991146,1628326,18.153076171875,0.6956328128633789
2024-05-14,1516.2645263671875,1518.9138324243547,1487.6123017216169,1496.3943715968037,2206236,19.8209228515625,0.7099365457013309
2024-05-15,1498.74951171875,1521.170874298829,1491.8317055973318,1516.264662802945,1207536,-17.5150146484375,0.697296867313989
2024-05-16,1507.4825439453125,1512.2415449880702,1480.0077604466946,1500.3194274780956,2684392,8.7330322265625,0.7035990440980597
2024-05-17,1502.6744384765625,1508.463791834312,1491.6354629225889,1507.1881289691885,1341676,-4.80810546875,0.7001292835527644
2024-05-21,1512.0452880859375,1529.069937970908,1495.413278861219,1501.3007327150033,1791791,9.370849609375,0.7068917400882611
2024-05-22,1510.42626953125,1534.662905614346,1477.1621327232688,1517.9817870750596,3948239,-1.6190185546875,0.7057233783000958
2024-05-23,1467.0552978515625,1481.6758316698454,1439.482413946797,1481.6758316698454,11618479,-43.3709716796875,0.674424795662218
2024-05-24,1458.8128662109375,1477.456469741132,1449.3929641728446,1475.7884057585463,5307322,-8.242431640625,0.6684766598965171
2024-05-27,1438.5501708984375,1472.8445377731437,1433.1533388146584,1458.8127264431016,3474806,-20.2626953125,0.6538541227675774
2024-05-28,1437.421875,1451.3554678037474,1428.639684511391,1441.3958344626303,2616438,-1.1282958984375,0.6530398900896002
2024-05-29,1451.208251953125,1466.9572387833891,1438.1578012289365,1440.561796952179,2843365,13.786376953125,0.6629888038822418
2024-05-30,1431.7305908203125,1449.6873725070575,1422.3106888619184,1448.3136093550822,3133423,-19.4776611328125,0.6489327852377846
2024-05-31,1432.4176025390625,1451.6499282683092,1412.988956475304,1437.5200147474443,5503924,0.68701171875,0.649428565992048
2024-06-03,1425.794189453125,1469.9009834680653,1423.7825948011769,1468.4291199999732,1855318,-6.6234130859375,0.6446487920145121
2024-06-04,1403.0291748046875,1448.6079481329152,1351.3667475791754,1434.1836155227036,5055952,-22.7650146484375,0.6282204606990687
2024-06-05,1459.4017333984375,1462.0510397192636,1405.1389858241514,1422.506926773024,2487724,56.37255859375,0.6689016148287426
2024-06-06,1445.075439453125,1465.975947663357,1427.7566092559734,1465.975947663357,3004955,-14.3262939453125,0.6585630709230756
2024-06-07,1478.5848388671875,1481.7738761331234,1444.535781201566,1452.1404085280287,3404664,33.5093994140625,0.6827450679152685
2024-06-10,1484.7177734375,1493.156433677796,1476.8678346501435,1490.5071272492874,1433942,6.1329345703125,0.6871708889662533
2024-06-11,1471.6181640625,1496.3945325523005,1469.263158546962,1495.4132902358726,1441589,-13.099609375,0.6777175797442379
2024-06-12,1478.5848388671875,1486.1404759501945,1467.7911742747883,1471.863353508939,994784,6.9666748046875,0.6827450679152685
2024-06-13,1482.4608154296875,1486.189464051541,1469.9008669189625,1486.189464051541,1412477,3.8759765625,0.6855421593348436
2024-06-14,1487.5631103515625,1489.5255946660104,1477.3091777207865,1485.4534157574235,937490,5.102294921875,0.689224221162615
2024-06-18,1492.4202880859375,1494.284672236922,1481.8719343517714,1494.039361684965,1478241,4.857177734375,0.692729394618929
2024-06-19,1475.7884521484375,1501.1535422136276,1471.8634828608087,1496.3454308801709,1537367,-16.6318359375,0.6807270605381073
2024-06-20,1443.4073486328125,1460.0393568452205,1439.4823796358503,1460.0393568452205,4168375,-32.381103515625,0.6573592962238914
2024-06-21,1439.7276611328125,1460.0884373935082,1433.496796932034,1452.3365998248933,4426556,-3.6796875,0.6547038564483918
2024-06-24,1466.466552734375,1474.7090116473055,1447.3814387525272,1447.3814387525272,3726155,26.7388916015625,0.6739999288218108
2024-06-25,1476.9658203125,1479.7133465870836,1464.307890824624,1469.9500338901914,1833311,10.499267578125,0.6815767061271032
2024-06-26,1492.61669921875,1500.2213267921554,1467.2025005334533,1473.8258858393224,2563493,15.65087890625,0.6928711343548228
2024-06-27,1487.8084716796875,1499.3871774424035,1476.7694970340838,1496.3943408484902,3881458,-4.8082275390625,0.689401285717709
2024-06-28,1492.322265625,1510.0827265565636,1487.1707437653158,1491.4882336609703,2634599,4.5137939453125,0.6926586568887099
2024-07-01,1491.5863037109375,1501.3006258342095,1475.6411173254437,1492.322235390268,1451094,-0.7359619140625,0.6921275513152463
2024-07-02,1495.4622802734375,1506.1087345963342,1479.9586050056157,1485.6007478723698,1336816,3.8759765625,0.6949246427348212
2024-07-03,1505.1766357421875,1507.4335410307306,1470.195442233684,1490.8505215703588,1061099,9.71435546875,0.7019349896474496
2024-07-04,1528.6771240234375,1541.5313718504249,1497.375476412316,1506.2066554999378,2630823,23.50048828125,0.718894074169083
2024-07-05,1538.9803466796875,1545.211210921292,1527.7941612347688,1532.7003724140711,2481046,10.30322265625,0.7263293760139371
2024-07-08,1527.2054443359375,1545.2603254849207,1521.8576022664593,1541.1390362138711,1120204,-11.77490234375,0.7178320392057926
2024-07-09,1555.6614990234375,1560.0770891822638,1520.7292986119448,1535.4479324746987,1492840,28.4560546875,0.7383672991894146
2024-07-10,1568.5648193359375,1571.116025185403,1538.19530035894,1562.9226764966854,1899956,12.9033203125,0.7476789567673547
2024-07-11,1552.0799560546875,1572.440733097921,1542.8072645423988,1570.9688696972053,1707500,-16.48486328125,0.7357826852359524
2024-07-12,1552.6214599609375,1562.5141445942818,1525.748550332855,1557.247875242953,1426598,0.54150390625,0.7361734605426176
2024-07-15,1561.382080078125,1569.7490880778787,1552.6214266537504,1555.2298683136,832804,8.7606201171875,0.7424955460776592
2024-07-16,1554.590087890625,1570.0443953164204,1550.3080525023652,1564.1382721992427,688481,-6.7919921875,0.7375941172988372
2024-07-18,1569.30615234375,1571.6193598989448,1545.6816595375717,1550.357340405461,1665636,14.716064453125,0.7482139383808304
2024-07-19,1544.106689453125,1564.8765316374668,1540.6614509812073,1559.9054966352612,1649335,-25.199462890625,0.730028791929944
2024-07-22,1562.51416015625,1564.6305451018031,1530.7196008546932,1530.7196008546932,826636,18.407470703125,0.7433125096020083
2024-07-23,1576.5411376953125,1580.5278189419064,1549.6683490802811,1562.1695951931613,1502677,14.0269775390625,0.7534350523688245
2024-07-24,1594.11181640625,1599.5257626562652,1567.0913509135091,1576.9348895499006,2923358,17.5706787109375,0.7661149006253816
2024-07-25,1639.7366943359375,1654.9941790383104,1577.1316932353147,1589.583793492231,5329712,45.6248779296875,0.7990400105992077
2024-07-26,1687.4287109375,1696.8293389575863,1638.9492802747193,1644.3139610859366,4591049,47.6920166015625,0.8334568674267466
2024-07-29,1696.287841796875,1701.7017881946017,1666.2650481367532,1688.4130106729085,3187339,8.859130859375,0.839850043059281
2024-07-30,1674.9765625,1698.453378846854,1670.4485586183212,1689.2496939672749,1525840,-21.311279296875,0.8244707972098151
2024-07-31,1692.4488525390625,1703.8673337375808,1668.6766818415629,1675.468747778047,1594881,17.4722900390625,0.837079643460698
2024-08-01,1688.36376953125,1719.124829057752,1654.9942682852115,1698.5026628153407,5258291,-4.0850830078125,0.8341316507561098
2024-08-02,1704.556396484375,1714.5476122586576,1657.504233614562,1673.401572586208,2992406,16.192626953125,0.8458170304741315
2024-08-05,1693.43310546875,1730.494051595578,1688.1668364541615,1698.010374859142,5165558,-11.123291015625,0.8377899277928984
2024-08-06,1680.83349609375,1706.869607849445,1677.2897260391114,1698.0104230336174,1710278,-12.599609375,0.8286974426592737
2024-08-07,1707.3125,1709.6749732899702,1682.654507966963,1693.0886348239171,1922313,26.47900390625,0.8478059675512026
2024-08-08,1709.8719482421875,1721.2904291708571,1701.3079974253965,1707.853974732384,2480113,2.5594482421875,0.8496529887087434
2024-08-09,1708.1494140625,1722.4225459745471,1702.9815559564138,1722.4225459745471,751683,-1.7225341796875,0.8484099250585284
2024-08-12,1706.721923828125,1721.1427319742554,1702.9814512394812,1707.8539548043084,1526788,-1.427490234375,0.8473797793335187
2024-08-13,1712.874267578125,1724.440426377286,1698.6011354429904,1712.7758562161682,2076963,6.15234375,0.8518196069836377
2024-08-14,1714.39990234375,1725.572294479582,1705.4914519606923,1720.1583483189215,2207250,1.525634765625,0.852920578530685
2024-08-16,1715.4827880859375,1723.7513850171242,1701.6034218945117,1722.2255883822993,2180718,1.0828857421875,0.8537020410521972
2024-08-19,1720.4537353515625,1725.4246502794774,1713.4155811763883,1725.4246502794774,1363446,4.970947265625,0.857289316083311
2024-08-20,1738.71337890625,1743.093825584569,1717.8451255905554,1724.3911026498006,1766597,18.2596435546875,0.870466354563227
2024-08-21,1737.0401611328125,1744.2258726201987,1729.8051838854922,1742.306430549004,1184193,-1.6732177734375,0.8692588800076677
2024-08-22,1723.2591552734375,1741.814202000164,1721.044359029018,1741.814202000164,1369554,-13.781005859375,0.8593138422550379
2024-08-23,1747.9664306640625,1753.5771998066004,1724.4896142786613,1726.3106449540192,3515492,24.707275390625,0.8771438024939149
2024-08-26,1744.7178955078125,1752.149814978192,1736.8923306342808,1752.149814978192,933372,-3.24853515625,0.8747995030211972
2024-08-27,1761.4029541015625,1764.552838627225,1739.5010790629765,1750.1812952182534,1231023,16.68505859375,0.8868402451348654
2024-08-28,1783.5015869140625,1794.4771569141008,1758.4005625030316,1768.7855441960642,1768949,22.0986328125,0.9027876832133643
2024-08-29,1771.04931640625,1798.266723123745,1762.2393979230408,1781.581974207141,3205924,-12.4522705078125,0.8938015249046145
2024-08-30,1793.148193359375,1799.5464933075689,1763.2730784025766,1770.0158781620587,3036374,22.098876953125,0.9097491391667503
2024-09-02,1787.537353515625,1808.258050443048,1776.9555494643116,1801.3183076289636,1617946,-5.61083984375,0.9057000868232965
2024-09-03,1783.1571044921875,1810.768279678069,1776.857215448379,1791.5241127108925,2148689,-4.3802490234375,0.902539088101685
2024-09-04,1804.1729736328125,1806.2893584936423,1773.116681009439,1783.1570424584377,2473477,21.015869140625,0.9177051517504904
2024-09-05,1797.9224853515625,1815.0502680724544,1791.5241846919484,1804.5176087365455,1902919,-6.25048828125,0.9131944982783338
2024-09-06,1796.0029296875,1821.0546880070092,1776.758763163596,1791.081160260454,1701134,-1.9195556640625,0.9118092544331329
2024-09-09,1793.34521484375,1806.6832588937284,1784.4860293181127,1796.0030425976777,1544883,-2.65771484375,0.9098913193617362
2024-09-10,1807.6182861328125,1813.425998258104,1797.134892915527,1801.36766281033,1460472,14.2730712890625,0.9201914552345569
2024-09-11,1816.822021484375,1828.4374460564547,1802.4504779727529,1807.6676019260617,1701900,9.2037353515625,0.9268333140705893
2024-09-12,1836.2137451171875,1842.2182797313087,1811.6048982065367,1826.1241178838209,2744070,19.3917236328125,0.9408273160748544
2024-09-13,1824.7459716796875,1835.8199526271703,1822.432764136068,1835.8199526271703,1322430,-11.4677734375,0.932551618281942
2024-09-16,1833.802001953125,1844.0393062773085,1821.940609864752,1832.86691383675,1284085,9.0560302734375,0.939086886017644
2024-09-17,1836.9027099609373,1840.3972142201903,1830.1599100672588,1833.851237033913,738265,3.1007080078122726,0.9413245062982127
2024-09-18,1807.273681640625,1838.773005067913,1800.973792923091,1838.773005067913,1202676,-29.629028320312273,0.9199427720310593
2024-09-19,1817.16650390625,1826.96077681695,1806.289345613741,1816.3297069911464,1675819,9.892822265625,0.9270819091822686
2024-09-20,1836.5582275390625,1841.7260853413295,1813.08141184084,1822.1374193539923,4229991,19.3917236328125,0.9410759111865337
2024-09-23,1833.555908203125,1845.6635088855685,1828.4373161359692,1837.788677914323,812520,-3.0023193359375,0.9389092929116392
2024-09-24,1838.871337890625,1851.2250263338403,1826.9606807604157,1826.9606807604157,2528953,5.3154296875,0.9427451630544326
2024-09-25,1841.283203125,1846.647883720909,1829.4709565340347,1844.679175955748,956893,2.411865234375,0.9444856812034614
2024-09-26,1868.697509765625,1875.1942216194725,1837.838038339556,1841.2832770669409,2452807,27.414306640625,0.9642691656083906
2024-09-27,1918.2103271484373,1928.6445742375151,1885.2837384543109,1887.9414458235608,3809008,49.51281738281227,1.0
2024-09-30,1896.554443359375,1929.677973197441,1890.992940444472,1918.5055814524587,2608461,-21.655883789062273,0.9843720709470367
2024-10-01,1889.91015625,1904.478641525461,1872.5855522470083,1894.7335142236584,1275678,-6.644287109375,0.9795772332685451
2024-10-03,1880.9525146484373,1906.0043920195017,1866.38414988543,1871.0598306341712,2492195,-8.957641601562727,0.9731129675385173
2024-10-04,1880.1651611328125,1921.7048464638565,1873.865272320421,1880.9525721341208,2798189,-0.7873535156247726,0.9725447753094845
2024-10-07,1875.4403076171875,1887.9415543472776,1858.5094682434667,1880.1652545012169,1691999,-4.724853515625,0.9691350933843752
2024-10-08,1887.154052734375,1891.3867022944676,1871.7981563388607,1874.209775264938,2309881,11.7137451171875,0.9775882961914737
2024-10-09,1900.6397705078125,1916.5371105829904,1864.8585290187343,1864.9077947796195,1597182,13.4857177734375,0.9873202398352614
2024-10-10,1858.2139892578125,1907.628504700873,1854.4242509491964,1899.4091740459928,2383012,-42.42578125,0.9567037521476787
2024-10-11,1872.19189453125,1879.4761375886476,1860.921090184608,1869.288098524502,1019117,13.9779052734375,0.9667908820034761
2024-10-14,1879.869873046875,1885.775996486216,1865.44906428374,1873.2254841776169,676879,7.677978515625,0.9723316812006424
2024-10-15,1868.74658203125,1890.3532218699,1865.0061093702525,1887.9907485174676,1383203,-11.123291015625,0.9643045785194093
2024-10-16,1868.7957763671875,1884.742260605984,1857.4757071397853,1879.0822259922827,1401914,0.0491943359375,0.9643400795222465
2024-10-17,1859.9859619140625,1893.5524059099712,1850.2408342609565,1893.4539945519373,1447059,-8.809814453125,0.9579824929843679
2024-10-18,1880.46044921875,1887.8923692294304,1843.3995008440684,1870.2724103837368,1203693,20.4744873046875,0.9727578694183265
2024-10-21,1867.3193359375,1890.5009181931828,1860.9703013886888,1888.7782988795875,660583,-13.14111328125,0.9632746089780364
2024-10-22,1858.0172119140625,1876.178492912996,1851.5696459440423,1862.3975386103816,1192915,-9.3021240234375,0.9565617481363298
2024-10-23,1810.5711669921875,1859.985800639733,1803.3361904784024,1850.6344393899813,1673366,-47.446044921875,0.9223223963229772
2024-10-24,1819.9718017578125,1830.455193972472,1800.8260478633456,1801.3674905284754,1739776,9.400634765625,0.929106347262177
2024-10-25,1831.2918701171875,1846.2540001117836,1821.1529777105957,1827.748220398507,2148004,11.320068359375,0.9372754539547592
2024-10-28,1873.1270751953125,1886.022087355488,1806.289420823236,1834.0481529591973,2445724,41.835205078125,0.9674657534246578
2024-10-29,1842.316650390625,1892.6171083327952,1832.866877417755,1891.9281086986707,2295542,-30.8104248046875,0.9452314665384991
2024-10-30,1823.121826171875,1851.471266431848,1791.524090152364,1839.2652540932377,1900203,-19.19482421875,0.9313795566374017
2024-10-31,1819.9718017578125,1843.2025278768144,1813.278147717927,1830.8981051273029,2572932,-3.1500244140625,0.929106347262177
2024-11-01,1829.3232421875,1835.770687890946,1802.8933650102172,1830.8981843354968,107596,9.3514404296875,0.9358547971985394
2024-11-04,1780.5977783203125,1816.132929770465,1732.5612603522018,1816.132929770465,5031861,-48.7254638671875,0.9006921550359628
2024-11-05,1775.380615234375,1804.320643033603,1771.2955226433294,1776.7587346839352,1658010,-5.2171630859375,0.8969271988070255
2024-11-06,1798.8575439453125,1811.2112338490372,1774.0026071764603,1787.1438282894935,2060619,23.4769287109375,0.913869281607697
2024-11-07,1762.928466796875,1816.132840067336,1750.9686637344926,1816.132840067336,1909269,-35.9290771484375,0.8879411285900942
2024-11-08,1781.2867431640625,1786.651543863973,1762.928519414806,1771.6401473123922,1644075,18.3582763671875,0.9011893452593214
2024-11-11,1766.521484375,1789.2108898273102,1763.9129225087092,1788.9648013523845,1069649,-14.7652587890625,0.8905340231744912
2024-11-12,1772.673583984375,1796.445753188785,1767.0135494195335,1773.7072035777592,2471888,6.152099609375,0.8949736746409731
2024-11-13,1751.16552734375,1769.1792511529236,1742.7492537265953,1762.977773733927,1810332,-21.508056640625,0.8794524247801583
2024-11-14,1740.5345458984375,1767.8996328225417,1735.563630719753,1751.8546159304303,1473358,-10.6309814453125,0.8717805964027532
2024-11-18,1720.4044189453125,1770.8525531011971,1715.925560921955,1770.8525531011971,1533025,-20.130126953125,0.8572537269886553
2024-11-19,1749.44287109375,1778.4813095223706,1702.9321519157056,1702.98141767211,1933316,29.0384521484375,0.878209273038125
2024-11-21,1752.14990234375,1763.4207061795037,1730.5433827919237,1744.2750713219802,2014349,2.70703125,0.8801627972041772
2024-11-22,1767.2105712890625,1786.5530289296892,1740.3869280217095,1757.0716782467896,1420813,15.0606689453125,0.891031301489668
2024-11-25,1770.754150390625,1801.367530844485,1756.23493122125,1777.7430386366884,3137448,3.5435791015625,0.8935885188875909
2024-11-26,1734.037841796875,1778.4814453261015,1725.7692448350947,1778.4814453261015,1589883,-36.71630859375,0.8670922617327734
2024-11-27,1722.077880859375,1750.771821052601,1713.021873051058,1732.5612739177384,1982546,-11.9599609375,0.8584613777278514
2024-11-28,1707.11572265625,1733.1518348136656,1696.4355070511235,1722.0778536230166,3071758,-14.962158203125,0.8476639635398537
2024-11-29,1753.035888671875,1767.7027858485048,1711.9882588489422,1715.6304403837553,2427677,45.920166015625,0.880802167622522
2024-12-02,1780.253173828125,1785.6178541571132,1764.1097469249482,1771.8369004866613,1948045,27.21728515625,0.9004434718324652
2024-12-03,1771.88623046875,1803.336288528219,1760.369218101897,1802.598023126256,1543970,-8.366943359375,0.8944054824119401
2024-12-04,1772.0338134765625,1786.4546219056908,1757.071682507599,1782.1727065434218,2320116,0.1475830078125,0.894511985420452
2024-12-05,1785.076416015625,1797.380838966904,1747.6218246481594,1780.400735294139,2742263,13.0426025390625,0.9039241557632489
2024-12-06,1776.6109619140625,1795.4120957796356,1772.8212237521095,1787.4388538970015,1590478,-8.4654541015625,0.8978150762452308
2024-12-09,1778.3829345703125,1791.4747688810555,1768.5885415154817,1786.405442603655,1528215,1.77197265625,0.89909381708192
2024-12-10,1781.6312255859375,1794.4770915572894,1767.8995372665345,1792.5083838320484,2043634,3.248291015625,0.9014379403710007
2024-12-11,1785.617919921875,1797.7746661825408,1776.8080008508025,1795.7568128455632,1745911,3.9866943359375,0.9043149310699141
2024-12-12,1777.20166015625,1791.5240571387385,1769.9175375906975,1790.5397032611895,1082394,-8.416259765625,0.8982413525547335
2024-12-13,1785.076416015625,1788.374097494872,1746.292971001497,1776.512585705687,1391111,7.874755859375,0.9039241557632489
2024-12-16,1781.483642578125,1793.9848883864042,1764.3065958304046,1790.2442956990042,1483330,-3.5927734375,0.901331437362489
2024-12-17,1761.058349609375,1787.340550029756,1755.2013719519834,1781.6805152437605,1608164,-20.42529296875,0.8865915619313676
2024-12-18,1772.8707275390625,1793.9358059149326,1764.7498074615146,1769.8683999310842,1732860,11.8123779296875,0.8951159429277775
2024-12-19,1794.7724609375,1800.7769955181184,1762.780960132156,1772.8213215515254,1924091,21.9017333984375,0.9109212889031091
2024-12-20,1780.5484619140625,1797.3808889474024,1766.0292424278111,1794.7724473375015,2513418,-14.2239990234375,0.900656565941307
2024-12-23,1786.20849609375,1799.3988618924343,1768.5393923138286,1782.66484621838,1299181,5.6600341796875,0.9047411192875983
2024-12-24,1790.5396728515625,1803.0901845771573,1774.937688189468,1786.503846054232,1121058,4.3311767578125,0.9078667050981908
2024-12-26,1812.5399169921875,1816.1820982918755,1786.0116291014133,1791.5239865664648,1402706,22.000244140625,0.9237431411710153
2024-12-27,1832.128662109375,1836.8043430469277,1808.01199201042,1816.6250884743329,1668898,19.5887451171875,0.9378793233702662
2024-12-30,1854.42431640625,1866.0888859644024,1825.9764649684644,1832.916207953389,6021550,22.295654296875,0.9539689416437513
2024-12-31,1856.8359375,1880.115931044752,1839.560598816213,1847.4354299410084,1844944,2.41162109375,0.9557092836091432
2025-01-01,1860.3795166015625,1873.1761166918584,1849.2563901577655,1860.330371005137,1338092,3.5435791015625,0.9582665010070659
2025-01-02,1848.6165771484373,1866.334946897464,1835.7707110162391,1862.3975313976805,2507223,-11.762939453125227,0.9497777971971297
2025-01-03,1820.710205078125,1854.5227373236849,1815.1485815418655,1848.616613956412,1515825,-27.906372070312273,0.9296392146720098
2025-01-06,1818.495361328125,1827.4529575024967,1797.085664680843,1821.5468342894535,1397724,-2.21484375,0.9280408767179669
2025-01-07,1824.4014892578125,1835.8199701338065,1816.772746754576,1819.62739701367,1615649,5.9061279296875,0.9323030231702627
2025-01-08,1808.996337890625,1833.4575077078648,1800.5800641761025,1833.4575077078648,1298188,-15.4051513671875,0.9211859237730926
2025-01-09,1797.774658203125,1812.1954663646104,1785.617911996417,1812.1954663646104,1199181,-11.2216796875,0.9130878190861851
2025-01-10,1756.874755859375,1805.8955042742425,1745.013244197659,1796.888642738622,857827,-40.89990234375,0.8835724791292865
2025-01-13,1719.5677490234375,1757.6130490134483,1715.1873023343808,1756.677840768189,1645287,-37.3070068359375,0.8566499456649666
2025-01-14,1743.1429443359375,1756.1364869025365,1714.8427719099384,1727.540960265332,1962645,23.5751953125,0.8736629423794942
2025-01-15,1729.3621826171875,1747.2282305276187,1720.3553201009809,1745.0626999398542,857867,-13.78076171875,0.8637180808105014
2025-01-16,1735.711181640625,1747.818661828744,1713.5632201448668,1747.2773393106322,2180496,6.3489990234375,0.868299824380151
2025-01-17,1758.597412109375,1763.912826750902,1739.943834626419,1751.1654925059197,1163986,22.88623046875,0.88481563087132
2025-01-20,1750.42724609375,1772.2798536535424,1740.6329732814052,1761.3535498736462,1341246,-8.170166015625,0.878919645462144
2025-01-21,1735.1204833984375,1777.496964706741,1731.9705991424676,1744.3734336208745,2489267,-15.3067626953125,0.8678735480706485
2025-01-22,1770.8033447265625,1775.3806142498852,1746.0960866446023,1749.1968253642974,2262270,35.682861328125,0.8936240198904282
2025-01-23,1804.9112548828125,1810.9650552921405,1758.1052998671314,1760.1231532299837,1974760,34.10791015625,0.9182379310685047
2025-01-24,1793.6895751953125,1814.2625951258212,1779.9086210049752,1800.3832295804873,1277935,-11.2216796875,0.9101398263815972
2025-01-27,1758.8927001953125,1795.70755920856,1746.539131141445,1789.6537588359963,1452975,-34.796875,0.885028724980162
2025-01-28,1678.8155517578125,1752.1499162292032,1666.609539545262,1751.9530935162534,5972497,-80.0771484375,0.8272411968083984
2025-01-29,1708.198486328125,1716.713171445641,1669.4641850755772,1678.815546961319,1433336,29.3829345703125,0.8484453379695471
2025-01-30,1711.8897705078125,1732.758144394765,1698.3057593629117,1713.2186241841073,2017991,3.6912841796875,0.8511091464678002
2025-01-31,1716.6639404296875,1742.1587305399155,1679.3570236482724,1714.744498383712,4275269,4.774169921875,0.8545544174875652
2025-02-01,1714.9412841796875,1761.0090938952092,1706.180630763185,1712.775753704675,1477972,-1.72265625,0.853311265745532
2025-02-03,1713.3662109375,1757.9574864198523,1683.7864511591797,1753.5770398862974,2210231,-1.5750732421875,0.8521746170120104
2025-02-04,1737.630615234375,1748.4585074692302,1713.4155348139568,1721.9302195579874,2796294,24.264404296875,0.8696849801335333
2025-02-05,1725.3262939453125,1746.04699155307,1708.050834979009,1746.04699155307,1787905,-12.3043212890625,0.8608055891087507
2025-02-06,1725.07861328125,1751.1726312742371,1719.434030122037,1735.971761815173,3421791,-0.2476806640625,0.860626850809106
2025-02-07,1732.8028564453125,1735.9717239595316,1710.5214167481709,1734.387290202422,1371545,7.7242431640625,0.8662010368054667
2025-02-10,1715.2747802734375,1733.0009282305343,1706.9563516410208,1724.3359235893818,1237839,-17.528076171875,0.8535519325935501
2025-02-11,1683.239013671875,1717.3543258245982,1678.584716760651,1708.441749785153,2779274,-32.0357666015625,0.8304333800337429
2025-02-12,1677.3963623046875,1698.2913782758192,1671.6527745103654,1689.873945040826,1757284,-5.8426513671875,0.8262170413270435
2025-02-13,1729.3863525390625,1735.7242086574404,1683.437046786511,1683.486609452374,2750390,51.989990234375,0.8637355229905554
2025-02-14,1683.981689453125,1731.9610076703173,1668.6322532952163,1730.3765739212488,2123774,-45.4046630859375,0.8309693306572214
2025-02-17,1697.548583984375,1718.493161640431,1679.5749858623913,1683.981711172033,2277889,13.56689453125,0.8407598553602817
2025-02-18,1685.071044921875,1712.9476268063138,1681.9021773018378,1697.5486273920292,2163972,-12.4775390625,0.8317554620451117
2025-02-19,1660.31396484375,1682.4964018526205,1631.1005193730894,1648.925672541628,2576319,-24.757080078125,0.8138895603443053
2025-02-20,1653.0848388671875,1661.650717980516,1646.8459873142822,1650.955699312812,1670915,-7.2291259765625,0.808672674763597
2025-02-21,1627.7830810546875,1668.0382427189738,1616.1472172053232,1661.7499489858033,2244190,-25.3017578125,0.7904137073688455
2025-02-24,1623.5743408203125,1653.6790676266455,1611.2453251038612,1613.919049680942,2357441,-4.208740234375,0.787376477652163
2025-02-25,1597.9259033203125,1631.7937663322086,1590.6473234025875,1623.5743419259406,2836717,-25.6484375,0.7688673294930002
2025-02-27,1631.49658203125,1637.0421608038846,1589.458979455039,1613.1267239070628,2744489,33.5706787109375,0.7930935485780573
2025-02-28,1577.7735595703125,1654.768315105597,1570.990122970159,1654.768315105597,3549979,-53.7230224609375,0.7543244273679435
2025-03-03,1569.7027587890625,1591.7861911944533,1566.8309043991671,1569.9008885758635,1425492,-8.07080078125,0.7485001486989897
2025-03-04,1551.283447265625,1574.555174690293,1540.8854413950287,1569.6037433233423,1717135,-18.4193115234375,0.7352078861205351
2025-03-05,1567.078369140625,1570.8910677676624,1537.964051191031,1549.4017844185007,2428171,15.794921875,0.7466062626940313
2025-03-06,1598.322021484375,1602.1841620700768,1557.274704416556,1582.7250129104102,2458676,31.24365234375,0.7691531874438857
2025-03-07,1593.667724609375,1612.9287439888355,1590.0531555879154,1608.224884259628,980890,-4.654296875,0.7657944225898432
2025-03-10,1595.84619140625,1625.5052143727037,1587.1811872642677,1606.1946337134284,1600589,2.178466796875,0.7673665091819866
2025-03-11,1639.2208251953125,1647.4401282749168,1589.755956069868,1600.4015329145766,3325416,43.3746337890625,0.798667734574418
2025-03-12,1660.5615234375,1663.9285209643765,1641.944213915485,1645.8557963652988,2389362,21.3406982421875,0.8140682105521315
2025-03-13,1667.097412109375,1670.7615439253354,1647.2916862432885,1655.7586824048633,1666929,6.535888671875,0.8187848226958354
2025-03-17,1687.744873046875,1703.4408856424727,1671.949735120467,1677.5944391719097,2588408,20.6474609375,0.8336850252365444
2025-03-18,1687.744873046875,1687.744873046875,1687.744873046875,1687.744873046875,0,0.0,0.8336850252365444
2025-03-19,1715.5223388671875,1731.0203426565547,1709.531179662751,1730.8223337629315,2167448,27.7774658203125,0.8537305828013764
2025-03-20,1733.24853515625,1740.08153456103,1706.164229987911,1718.7903798654954,1602232,17.7261962890625,0.866522660034645
2025-03-21,1767.165771484375,1775.3851955195173,1733.2484682210857,1741.9134727044077,2483162,33.917236328125,0.8909989717922953
2025-03-24,1767.462890625,1802.3209171523692,1760.3327573231188,1777.068618587872,1182084,0.297119140625,0.891213387278414
2025-03-25,1747.607666015625,1778.5045487736825,1741.4183769307135,1767.4629537538422,1471028,-19.855224609375,0.8768849006394763
2025-03-26,1741.8638916015625,1753.5988799709714,1729.1387379005184,1750.776467547211,1762361,-5.7437744140625,0.8727399163057254
2025-03-27,1714.6309814453125,1735.278545288189,1703.2922528831352,1733.9911248827732,3279881,-27.23291015625,0.8530873363430198
2025-03-28,1717.8494873046875,1724.4349149589302,1688.6360433074972,1714.6310570338103,1956781,3.218505859375,0.8554099652283977
2025-04-01,1681.8526611328125,1717.1068281397131,1665.2653661235754,1714.1855319993706,4142445,-35.996826171875,0.8294329212515523
2025-04-02,1697.0040283203125,1701.75732971068,1669.523585338969,1678.5351658874724,3369489,15.1513671875,0.840366877758155
2025-04-03,1752.806640625,1795.0918146184608,1733.000915872175,1737.9523470603813,5715573,55.8026123046875,0.8806367311874639
2025-04-04,1692.7457275390625,1761.5706198924483,1641.9441169370043,1761.5706198924483,5345276,-60.0609130859375,0.8372938827631797
2025-04-07,1650.1634521484375,1675.5643183859863,1604.3627135400736,1604.3627135400736,5715334,-42.582275390625,0.8065644613643381
2025-04-08,1671.9498291015625,1693.2409842799836,1629.0209427210527,1629.0209427210527,2807382,21.786376953125,0.82228656057123
2025-04-09,1636.15087890625,1663.4333131976173,1624.0694351207574,1633.9722975300303,3481864,-35.7989501953125,0.7964523134320998
2025-04-11,1671.1575927734375,1720.1271989907707,1665.7604602343597,1693.389470509049,3801939,35.0067138671875,0.8217148446694587
2025-04-15,1688.43798828125,1707.748569378895,1680.3176897119563,1703.2922814332844,1993085,17.2803955078125,0.8341852105817305
2025-04-16,1676.653564453125,1686.160287928952,1665.7604161010308,1674.6729920254716,2205374,-11.784423828125,0.8256810026117465
2025-04-17,1734.486328125,1740.9231886061948,1671.0090050950514,1678.53515625,2683908,57.832763671875,0.867415911073776
2025-04-21,1727.9505615234375,1743.89414652257,1714.4826922348705,1743.89414652257,1539511,-6.5357666015625,0.8626993870218906
2025-04-22,1730.42626953125,1737.9524210809573,1717.651552344684,1733.9912759616843,961907,2.4757080078125,0.8644859771919713
2025-04-23,1771.424072265625,1773.89978786255,1725.1776323843349,1737.160071696542,1471029,40.997802734375,0.8940719667872705
2025-04-24,1786.37744140625,1790.3385865190153,1756.6688530605102,1772.6124379624794,2101177,14.953369140625,0.9048630383643395
2025-04-25,1770.0377197265625,1797.864739996863,1747.063005516993,1788.457020343891,2036801,-16.3397216796875,0.89307150800508
2025-04-28,1823.711181640625,1828.0684654317831,1763.8978663954151,1770.0377138371323,3216482,53.6734619140625,0.9318048639369012
2025-04-29,1787.9617919921875,1828.0683843907937,1779.5443590196403,1827.0780981587293,2886160,-35.7493896484375,0.9060063820760635
2025-04-30,1814.5015869140625,1821.037452140905,1785.7832849884787,1792.41815466574,2667314,26.539794921875,0.9251587766935832
2025-05-02,1806.8763427734373,1833.2179339428371,1796.181323359053,1814.501619746525,1885257,-7.625244140625227,0.919656033161989
2025-05-05,1818.7596435546875,1825.3946337451143,1803.7073413969529,1810.045197368201,1219830,11.883300781250227,0.9282315955049214
2025-05-06,1801.4296875,1810.144254826256,1781.524958114871,1802.3209692990915,1414772,-17.3299560546875,0.9157254643143569
2025-05-07,1763.996826171875,1808.658708849283,1761.4219853883812,1800.2412762935912,2015237,-37.432861328125,0.8887121081852101
2025-05-08,1750.03369140625,1771.5229740732332,1737.9522483470566,1763.996823271545,2647871,-13.963134765625,0.878635637439446
2025-05-09,1727.8515625,1749.142717677753,1714.8787154282356,1734.8825709631838,1148956,-22.18212890625,0.8626279445571239
2025-05-12,1669.8206787109375,1695.7662518045322,1607.8287816956686,1679.2283983806774,9221075,-58.0308837890625,0.8207500630737423
2025-05-13,1683.4866943359375,1731.5155794390512,1674.8712519599237,1694.3798435345818,6988329,13.666015625,0.8306121183333877
2025-05-14,1691.60693359375,1694.7759221426484,1675.6633490542597,1685.4672071623734,1639324,8.1202392578125,0.8364720741888154
2025-05-15,1723.1971435546875,1727.4554229419257,1667.7411114916051,1684.575978367898,3880385,31.5902099609375,0.8592690916112631
2025-05-16,1718.0477294921875,1724.6825993616694,1702.3021531137006,1723.0981654554037,1448249,-5.1494140625,0.855553026341568
2025-05-19,1713.3931884765625,1747.8551976682609,1709.8281822219678,1728.0494730487903,2074023,-4.654541015625,0.8521940853038887
2025-05-20,1691.2109375,1731.0203971352148,1686.754649292272,1726.8612431618235,2706777,-22.1822509765625,0.8361863043297484
2025-05-21,1714.977783203125,1741.6163867307562,1691.2109131047398,1699.727350713084,2754306,23.766845703125,0.8533376051992498
2025-05-22,1702.0048828125,1723.0980277124547,1690.6165912500326,1717.3543192662603,2670554,-12.972900390625,0.8439757352847905
2025-05-23,1667.245849609375,1673.0885624625373,1620.702397442616,1641.8945466486457,8339783,-34.759033203125,0.8188919423470764
2025-05-26,1659.8187255859375,1685.8633017834195,1650.807145071694,1676.6535914924873,2282131,-7.4271240234375,0.8135321718368345
2025-05-27,1667.0478515625,1675.5642889012822,1644.9644204412464,1659.8187137825698,2800622,7.2291259765625,0.8187490574175427
2025-05-28,1650.2130126953125,1670.5138805929523,1646.846015306111,1667.0478787567702,2657712,-16.8348388671875,0.8066002266426306
2025-05-29,1683.28857421875,1686.754576007506,1654.1741350162908,1658.7294274760316,2377583,33.0755615234375,0.8304691453120356
2025-05-30,1661.30419921875,1696.9545044418328,1652.8867660410776,1685.4672080468613,3640641,-21.984375,0.8146041611756103
2025-06-02,1658.333251953125,1667.14682333985,1644.3702406627983,1662.690535424775,1819538,-2.970947265625,0.8124601824980586
2025-06-03,1651.30224609375,1678.5351167189842,1641.4983884917565,1678.5351167189842,2556920,-7.031005859375,0.8073862699387024
2025-06-04,1648.7275390625,1652.7876883560878,1632.9819641097597,1639.9139675959743,1700482,-2.57470703125,0.805528237303855
2025-06-05,1666.750732421875,1677.842010747808,1645.8557171096074,1645.8557171096074,2037073,18.023193359375,0.8185346419314239
2025-06-06,1662.888671875,1672.5935257661272,1652.7878001797906,1668.63238064886,2500047,-3.862060546875,0.8157475929791527
2025-06-09,1677.9410400390625,1682.2983237000342,1657.0460244174062,1663.5818894665877,2589656,15.0523681640625,0.8266101070209886
2025-06-10,1672.3955078125,1690.319665194212,1661.4032334639328,1685.269229373942,2369135,-5.5455322265625,0.822608183800408
2025-06-11,1674.1778564453125,1678.535139982649,1662.9876947094904,1678.3371310928126,1999978,1.7823486328125,0.8238944124416658
2025-06-12,1671.009033203125,1710.719487432017,1664.770181508742,1678.436180037128,3588365,-3.1688232421875,0.8216076369263992
2025-06-13,1671.4052734375,1683.486718001096,1644.9645565711005,1650.609261038663,2404272,0.396240234375,0.8218935829691032
2025-06-16,1668.929443359375,1673.385731425313,1639.6168740402327,1648.826584396991,2249326,-2.475830078125,0.820106904707204
2025-06-17,1634.1702880859375,1665.3643043250918,1625.158707571536,1663.680866088227,5408285,-34.7591552734375,0.7950230236776716
2025-06-18,1631.99169921875,1645.162554368449,1622.583980078836,1629.0208405429876,1455885,-2.1785888671875,0.7934508489937098
2025-06-19,1631.5955810546875,1639.2208576156945,1620.1082848742983,1632.0907241735367,1696525,-0.3961181640625,0.793164991042824
2025-06-20,1648.9256591796875,1653.7780861242686,1629.615076736919,1631.5956492951518,2567882,17.330078125,0.805671210325207
2025-06-23,1646.3509521484375,1650.807240439967,1631.1995236034145,1647.0441041955196,840643,-2.57470703125,0.8038131776903596
2025-06-24,1645.55859375,1670.0187363655616,1642.6868603667087,1654.2731610004405,2066326,-0.7923583984375,0.8032413736967698
2025-06-25,1653.3819580078125,1662.492664364672,1641.993665725155,1645.5586721758584,1372945,7.8233642578125,0.8088870902497158
2025-06-26,1653.5799560546875,1662.5915363574031,1634.368379470665,1658.5313870874484,2102627,0.197998046875,0.8090299751792493
2025-06-27,1671.20703125,1679.228325601745,1651.9954540538424,1653.9760265300536,5313904,17.6270751953125,0.8217505218559327
2025-06-30,1659.422607421875,1687.9428995462629,1655.3624580064477,1679.5254664889774,2160184,-11.784423828125,0.8132463138859487
