Date,Close,High,Low,Open,Volume,Close_diff,Close_scaled
2021-01-01,55.36302947998047,55.931211778058845,55.09615955886889,55.52659830542255,84113960,,0.029204518621012865
2021-01-04,59.658817291259766,60.25281833900836,55.65142674874637,55.87095472915249,381849550,4.295787811279297,0.06381988739411804
2021-01-05,58.58701705932617,59.73198568199194,58.11784040987912,59.14228014302446,215452540,-1.0718002319335938,0.055183343433062304
2021-01-06,58.86680221557617,59.97303297693969,58.10923236550403,58.884023443972254,196105220,0.27978515625,0.05743784639882926
2021-01-07,62.22422790527344,62.97319373393695,59.54689821473277,59.65881649909279,382321940,3.3574256896972656,0.08449191272678358
2021-01-08,61.39348220825195,62.60731609151246,60.52829610042211,62.58579283999904,193293130,-0.8307456970214844,0.07779778119087205
2021-01-11,59.8869514465332,61.29448157245687,59.2455952796924,61.29448157245687,170245090,-1.50653076171875,0.06565818766905157
2021-01-12,59.82238006591797,62.37057686645946,59.49524895616401,59.83099068058834,245254840,-0.06457138061523438,0.06513787282800748
2021-01-13,61.04912567138672,61.51400028647644,59.6588104169072,60.38624635121344,193538710,1.22674560546875,0.07502296338406106
2021-01-14,60.808082580566406,61.50539123694658,60.01176828513986,61.12230102143261,115408580,-0.2410430908203125,0.07308064317517032
2021-01-15,60.76933670043945,62.112310003193485,60.05911542369384,61.29447247605968,206884370,-0.038745880126953125,0.07276842967954295
2021-01-18,57.39469909667969,61.01469041845519,56.77486627012433,60.9501272356781,250452260,-3.3746376037597656,0.045575670106312416
2021-01-19,58.63436126708984,58.87970791504377,55.69876612901209,57.8509596667324,312451180,1.2396621704101491,0.05556484207382539
2021-01-20,59.413455963134766,60.21837426733576,58.76349586076658,59.413455963134766,233131500,0.779094696044929,0.06184277091890361
2021-01-21,57.39469909667969,59.8094606521502,56.95565631784783,59.486631602317104,161178670,-2.018756866455078,0.045575670106312416
2021-01-22,55.698768615722656,58.17809988537093,54.549501287413705,57.67878938601413,237156650,-1.6959304809570312,0.03190989758893226
2021-01-25,56.124908447265625,56.9771753347132,54.32136903075716,56.04312403374772,163484730,0.42613983154296875,0.03534372348206355
2021-01-27,53.890926361083984,56.05603259446106,53.70153555763864,56.03450934489402,149180840,-2.2339820861816406,0.01734234232849602
2021-01-28,53.69292831420898,54.28693588607885,52.737353771624434,53.20222840596076,170917520,-0.1979980468750071,0.015746878187800517
2021-01-29,51.738731384277344,54.56241154166486,51.30829267630836,54.23958251068812,268265750,-1.9541969299316335,0.0
2021-02-01,54.76041412353516,55.096155797488215,51.43312139487328,52.07447744792391,210846940,3.0216827392578196,0.024348656621283826
2021-02-02,55.23820495605469,55.7848640014556,53.727364040985286,55.3544252562838,180489570,0.47779083251952414,0.02819868520524843
2021-02-03,56.228214263916016,57.18809080750314,54.85941566617901,55.51798640774034,148463810,0.9900093078613281,0.03617615960248155
2021-02-04,56.4692611694336,57.11922132328764,54.97563816811034,56.30139031814816,147649950,0.24104690551758523,0.03811851055012344
2021-02-05,58.97441101074219,59.45219828788701,56.077560050598365,56.55104530469652,291008880,2.5051498413085866,0.058304955830566274
2021-02-08,60.515380859375,60.68325170519804,58.77210264938261,59.74489840494978,214621690,1.5409698486328125,0.07072205879794391
2021-02-09,60.19255065917969,61.67756296981585,59.53828851599591,60.82099409731343,293370280,-0.3228302001953125,0.06812069976398172
2021-02-10,59.42207336425781,62.37057499063755,58.54397459757679,61.1223051879329,573979190,-0.770477294921875,0.06191220975779521
2021-02-11,59.80516052246094,60.6574274019667,58.78502279444686,59.19393829025183,163407050,0.383087158203125,0.0649991181052289
2021-02-12,58.58271408081055,60.08063902986459,58.410534647142725,59.83098377702662,147054790,-1.2224464416503906,0.05514867012174324
2021-02-15,57.86387634277344,59.22837292077853,57.678790838233446,59.15089053266433,131716720,-0.7188377380371094,0.04935629059013663
2021-02-16,60.19255065917969,61.001777576454245,57.532442450141296,57.86387554457922,336618380,2.32867431640625,0.06812069976398172
2021-02-17,59.98594665527344,60.56273302504185,59.18533028829104,60.05912045729113,159574830,-0.20660400390625,0.06645588900064814
2021-02-18,60.06772613525391,61.2083861435169,59.74489708748433,60.2614222503209,148561470,0.08177947998047586,0.06711486634821734
2021-02-19,57.739051818847656,59.91707077343424,56.46925886048312,59.91707077343424,223923860,-2.328674316406257,0.04835045717437225
2021-02-22,58.93136978149414,60.08064043521756,57.751965263183806,57.92844672383124,281491090,1.1923179626464844,0.05795813050112214
2021-02-23,62.7838020324707,63.36058843347384,58.7290694278465,59.36611699659661,389070710,3.8524322509765625,0.0890009493970686
2021-02-24,62.64604949951172,64.13537038631033,61.983176749185816,63.27449293146052,216767890,-0.13775253295898438,0.08789094235359118
2021-02-25,63.954586029052734,64.82407408552115,63.01192417808567,63.29170671987307,219015960,1.3085365295410156,0.09843510247346732
2021-02-26,61.565650939941406,63.84267549650673,61.21699662000719,62.41361576228763,235515910,-2.388935089111328,0.07918511324739963
2021-03-01,62.87849426269531,63.55427969424787,61.23852365326182,62.32753318047026,140586460,1.3128433227539062,0.0897639774173461
2021-03-02,63.31754302978516,63.68341202810473,62.25435878718604,62.88279568687573,111133990,0.43904876708985086,0.09330182324443459
2021-03-03,66.9030990600586,67.36367172544192,63.79102839701522,63.79102839701522,288428350,3.5855560302734304,0.12219415910857123
2021-03-04,65.25020599365234,66.02069500419502,64.01915095390257,64.65189641718499,228738220,-1.65289306640625,0.108875181181884
2021-03-05,63.12814331054688,65.08233218030999,62.585786327927934,64.43667410993396,168819600,-2.1220626831054616,0.09177564424887497
2021-03-08,63.46819305419922,64.66912085763705,63.27879895129332,64.04497940906782,106145960,0.34004974365233664,0.09451575800561574
2021-03-09,60.84252166748047,64.64759874922233,60.45512284069476,64.13537557130047,195564380,-2.62567138671875,0.07335815262072748
2021-03-10,62.37057113647461,62.83975435727488,60.52399182178606,61.544129539357264,196858600,1.5280494689941406,0.08567114343789439
2021-03-12,61.97887802124024,64.13537379580987,61.46665485749851,63.70493504550242,161214090,-0.3916931152343679,0.08251488846782268
2021-03-15,63.39501190185547,63.61884186732876,61.55703679378067,62.15534633058603,155429990,1.4161338806152273,0.0939260658031823
2021-03-16,62.33183670043945,63.713548030246805,61.91431057166765,63.713548030246805,125699980,-1.0631752014160156,0.08535902215852054
2021-03-17,60.64021682739258,62.49970892322393,60.31738774559083,62.40932045838515,105409590,-1.691619873046875,0.07172798442996181
2021-03-18,60.67895126342773,62.23283541750048,60.115077550405125,61.660351090423774,143206510,0.038734436035149145,0.07204010570933561
2021-03-19,63.102325439453125,63.42515451250358,58.64728160416704,60.49816960325121,246378140,2.4233741760253977,0.09156760438096057
2021-03-22,64.00624084472656,64.19133292266945,62.41361878249227,62.93875458320358,137603700,0.9039154052734375,0.09885133590305195
2021-03-23,63.80393600463867,64.51846592757933,63.12815056203102,64.22146213021398,118738960,-0.20230484008789062,0.09722116771228628
2021-03-24,60.502471923828125,63.10232574964,60.171032234834286,62.93014630238213,210302830,-3.301464080810547,0.07061803886398671
2021-03-25,62.25436401367188,62.90432421911733,59.25850715911555,61.13091851421009,367224000,1.751892089843757,0.08473474886102172
2021-03-26,66.01638793945312,66.7093945786886,62.43083242062378,62.87849239159429,429122470,3.762023925781243,0.1150490593542538
2021-03-30,68.87020111083984,69.73107862472534,66.9676625933098,67.14844608306885,284794680,2.8538131713867188,0.1380450264915779
2021-03-31,69.89033508300781,70.893258120598,68.0179305323608,68.35367221917954,280445850,1.0201339721679688,0.1462652448067956
2021-04-01,74.29803466796875,74.80164722929415,70.50587024111883,70.67804311802564,368420980,4.4076995849609375,0.18178239632295679
2021-04-05,74.70264434814453,75.5721324385733,72.06835480343511,74.20763585829805,305759860,0.40460968017578125,0.18504273270448812
2021-04-06,74.28081512451172,75.97243618843122,73.87620166560687,75.36982459089666,207789200,-0.4218292236328125,0.1816436416001782
2021-04-07,75.31387329101562,76.18766348235266,74.43577450840753,74.85330064727985,171132080,1.0330581665039062,0.18996800280435766
2021-04-08,79.06298065185547,82.09757493050684,75.98964846485748,76.10156673515701,530630560,3.7491073608398438,0.2201782318861304
2021-04-09,77.4359359741211,80.0616152298157,76.2479272738915,79.28682409141608,321790690,-1.627044677734375,0.2070675397373668
2021-04-12,73.30802917480469,76.89358507880875,72.6021098228791,75.46022312189179,221355040,-4.127906799316406,0.17380495266447493
2021-04-13,75.67112731933594,75.8949572898986,73.08849503245058,74.20763174931677,204285020,2.36309814453125,0.19284674832887239
2021-04-15,77.32401275634766,78.46898134797374,75.71416955079879,76.7902663697014,218563570,1.6528854370117188,0.2061656647780573
2021-04-16,76.6396255493164,78.71864563013571,76.29527321416252,77.80611095678175,173985980,-0.68438720703125,0.20065088690826138
2021-04-19,76.45022583007812,77.39288773334131,74.03546420576419,74.87912703662215,191469960,-0.18939971923828125,0.19912470791270165
2021-04-20,76.96244812011719,77.97397521957515,75.92939120206407,77.47897329515678,169152930,0.5122222900390625,0.20325218446472115
2021-04-22,79.32125091552734,80.8062632630533,77.22501634201583,77.47467160073793,319028150,2.3588027954101562,0.22225936829530202
2021-04-23,79.68281555175781,81.35291992498531,78.40441199892729,80.04438907641783,247523860,0.36156463623046875,0.22517284860863807
2021-04-26,80.98704528808594,82.29988474221534,80.06590665875765,80.49204337048374,212348580,1.304229736328125,0.2356823046784441
2021-04-27,84.17228698730469,84.6242489245628,81.29265110565873,81.63700337061603,249045150,3.18524169921875,0.2613489159948661
2021-04-28,83.62564086914062,84.88252124668358,82.81641390728076,84.79643480920309,204479680,-0.5466461181640625,0.25694405295229406
2021-04-29,88.78660583496094,89.26869514967998,84.62426376840982,84.62426376840982,447186470,5.1609649658203125,0.2985310012293656
2021-04-30,89.01473999023438,90.61597275879176,87.0433296124304,88.15386244017016,281297380,0.2281341552734375,0.3003693015042991
2021-05-03,91.66192626953124,92.027801817339,87.68036801574436,88.83824925069442,264841000,2.647186279296861,0.32170027344578245
2021-05-04,91.5844497680664,93.54724931199436,91.0420927686306,92.49697776740778,249616280,-0.07747650146482954,0.32107596940953254
2021-05-05,92.12680053710938,93.6935972461592,90.13386712236615,93.31911765410892,192498390,0.5423507690429688,0.32544622061828776
2021-05-06,94.77399444580078,97.1930645242636,89.74647333668936,90.82257013928756,464345370,2.6471939086914062,0.34677725403727366
2021-05-07,101.78585052490234,102.61659414987436,97.2877669546032,97.7095950855433,540754330,7.0118560791015625,0.4032786443817278
2021-05-10,104.71282958984376,105.80183902950452,103.30529313188914,104.16617057465488,280808840,2.9269790649414205,0.4268641807664807
2021-05-11,106.22367095947266,107.26533191454249,101.31667198633812,102.44441937518728,411083810,1.510841369628892,0.4390385090771224
2021-05-12,101.51036071777344,107.33849790099836,100.14156221878147,106.05579239749494,308891920,-4.713310241699219,0.4010587532497776
2021-05-14,97.4599380493164,102.01398067521052,96.00505301641618,102.01398067521052,376480320,-4.050422668457031,0.36842053169063804
2021-05-17,99.07408905029295,99.70683455580009,94.99783344917132,97.9678648474234,287534300,1.6141510009765483,0.3814273268604489
2021-05-18,101.58354949951172,102.99969015982924,99.60783712581387,101.153110730446,245738800,2.509460449218764,0.4016485069297133
2021-05-19,100.2276611328125,102.40568006062878,99.68961271910398,100.98092891200444,174350260,-1.3558883666992188,0.39072278669157157
2021-05-20,95.13126373291016,97.75264065585424,94.52865212302298,97.37385246222576,284462530,-5.096397399902344,0.349656122516793
2021-05-21,95.82427215576172,96.75402142948018,95.20013728359876,95.90175454589196,141049260,0.6930084228515625,0.3552403699642317
2021-05-24,94.00782012939452,95.46700722539728,93.15555324563408,95.38522938020726,189238420,-1.8164520263672017,0.34060343734240606
2021-05-25,95.14417266845705,96.93049731394274,94.69651928538002,94.8643901250306,181137520,1.1363525390625284,0.34976014245075027
2021-05-26,93.15985107421876,94.17999532936864,92.3291074789008,93.87868953230964,154327030,-1.9843215942382812,0.3337705203449651
2021-05-27,94.40813446044922,95.53588191517127,92.5443338327764,93.1598581098272,227910320,1.2482833862304545,0.3438291618901208
2021-05-28,94.9978256225586,98.44994604803416,94.47699844157202,97.36523861824888,192085810,0.589691162109375,0.34858088100088813
2021-05-31,96.9046859741211,97.24903174847098,94.61044645705316,95.7295833596396,154286470,1.9068603515625,0.36394632202542787
2021-06-01,94.77399444580078,96.6765393726112,93.4482489648166,96.41827351279817,176909250,-2.1306915283203125,0.34677725403727366
2021-06-02,96.76692962646484,97.2619381056546,95.04087268745184,95.12695911966676,128625910,1.9929351806640625,0.36283628424319925
2021-06-03,96.59044647216795,98.11850524700476,95.81566202788892,97.24041314510085,121094770,-0.1764831542968892,0.3614141866590991
2021-06-04,96.4785385131836,97.17584716728526,95.29913400609688,96.07392504841758,97133470,-0.11190795898436079,0.3605124346547942
2021-06-07,97.167236328125,99.00090286010698,96.89605784027842,97.27914802775727,122185920,0.6886978149414062,0.3660619473134116
2021-06-08,95.652099609375,97.51159159517422,94.70082708138028,97.51159159517422,108343730,-1.51513671875,0.35385300716895296
2021-06-09,94.7826156616211,97.10698895602138,94.17569542075204,96.16001840942808,111143380,-0.8694839477539062,0.3468467236149164
2021-06-10,95.94048309326172,96.91758079670308,94.94617073145716,95.49713175070794,77767640,1.157867431640625,0.3561767952798557
2021-06-11,99.71974182128906,100.257790244744,95.82426992188049,97.08976086472232,174458560,3.7792587280273438,0.3866299834508711
2021-06-14,100.27500915527344,101.46731970515728,98.14003017042933,100.5504896789978,160312640,0.555267333984375,0.39110431607108587
2021-06-15,101.09284973144533,102.16894665587613,99.8704052016058,100.72267212672214,97681020,0.8178405761718892,0.3976944584117915
2021-06-16,98.32511901855467,101.99245895196412,97.42120159804904,100.63657953721868,175211070,-2.7677307128906534,0.37539214193335535
2021-06-17,97.1457290649414,99.79055487714014,96.43281578412228,98.4835427190021,162076870,-1.179389953613267,0.3658886422343186
2021-06-18,96.1379623413086,97.68700821166529,92.43696174389896,97.25574029326684,403470770,-1.0077667236328125,0.3577680789503921
2021-06-21,97.3569564819336,97.60780030659602,93.6163510212003,94.17524336434408,130014320,1.218994140625,0.3675907083640695
2021-06-22,97.89825439453124,99.54411659154556,97.38777012686764,98.06547690535216,90246340,0.541297912597642,0.3719524756775019
2021-06-23,96.8244857788086,99.24047283022132,96.626455044014,98.61997742319228,78063360,-1.073768615722642,0.3633000705208429
2021-06-24,97.97306823730467,98.61997353643848,96.67925763903716,97.25574992392195,72394700,1.1485824584960795,0.3725553240654358
2021-06-25,102.55860900878906,102.97667536492926,99.45610526698296,99.89617652922624,180227700,4.585540771484389,0.4095055161611135
2021-06-28,104.20887756347656,104.64894883129956,102.3605795816109,103.32873502783058,116603350,1.6502685546875,0.4228033458269962
2021-06-29,103.20111083984376,104.91298780705904,102.58501374944032,104.25288090378906,78037590,-1.0077667236327983,0.4146827825430698
2021-06-30,102.67742919921876,104.82497237333376,102.34297074537412,103.94923486697732,80432670,-0.523681640625,0.41046296678253746
2021-07-01,102.40898895263672,103.5751751407679,101.78408183546128,103.14390717317,56149280,-0.26844024658204546,0.40829988086274815
2021-07-02,99.98418426513672,102.69502471187567,99.47370001575972,102.62461170197108,75734070,-2.4248046875,0.3887608551594348
2021-07-05,101.81928253173828,102.25495548477348,99.98418623281836,100.86432872908428,76799000,1.8350982666015625,0.4035480387969762
2021-07-06,102.73463439941406,103.68079163826545,101.2383948000064,101.9777112943148,91468350,0.9153518676757812,0.41092392509507336
2021-07-07,107.2585678100586,107.81746019821212,101.9645110158897,102.79624544024917,167456260,4.523933410644531,0.4473776863593656
2021-07-08,104.71495056152344,108.25752539823708,103.96243249900763,107.81745415678084,124105850,-2.5436172485351562,0.42688127151213073
2021-07-09,109.08045959472656,109.49853265804582,104.56093265031166,104.91298428159502,178593560,4.365509033203125,0.4620584524403586
2021-07-12,107.98908233642578,110.76593081269816,107.23215925927002,110.10582394645448,166477750,-1.0913772583007812,0.4532641572083016
2021-07-13,108.14751434326172,109.44132494835311,107.65023166056824,108.96164887679204,79155280,0.1584320068359375,0.4545407990218683
2021-07-14,109.55133819580078,109.81537691718104,107.28937223637598,108.42915516381018,83413880,1.4038238525390625,0.4658527824072044
2021-07-15,110.54151153564452,111.40845253865832,108.93524725274584,109.67457053263074,96555510,0.9901733398437358,0.47383157857073765
2021-07-16,112.5218276977539,112.77267155285104,110.8143489667843,111.31163166656675,84969250,1.9803161621093892,0.48978892498779514
2021-07-19,111.46125030517578,113.61759683400608,110.34347223820016,110.80994670823615,89046290,-1.060577392578125,0.4812428144326797
2021-07-20,108.55238342285156,111.9805425046726,107.8174651802745,111.95413258692346,85799400,-2.9088668823242188,0.4578032256384792
2021-07-22,112.04214477539062,112.4778110224722,109.84178848926712,109.92980139772116,78940240,3.4897613525390625,0.48592364998325044
2021-07-23,112.78146362304688,114.0224678175529,112.1301600289203,112.60103279222216,86418650,0.73931884765625,0.49188106586988545
2021-07-26,114.23809814453124,115.14464387663185,112.48661638887216,113.45036681929108,86784330,1.4566345214843608,0.5036185965264103
2021-07-27,117.1161651611328,117.45501519248182,115.12703449476348,115.73873998514772,103413820,2.8780670166015625,0.5268100006436693
2021-07-28,120.13945770263672,120.57512396596536,114.96421522710595,117.234984610657,128351250,3.0232925415039205,0.5511716290179467
2021-07-29,128.37759399414062,130.41951774430564,120.40350457073424,121.01960167509826,300610410,8.238136291503906,0.6175543597908117
2021-07-30,126.23883056640624,129.618587925957,125.66674332135582,128.11794337281628,140492650,-2.138763427734389,0.6003202486051828
2021-08-02,124.10449981689452,127.35661943129158,123.7040333603617,127.268613237601,97689200,-2.1343307495117188,0.583121855848413
2021-08-03,123.8536605834961,125.0550599977826,122.37062253705108,124.45215107052633,86405600,-0.2508392333984233,0.5811005985265195
2021-08-04,124.64578247070312,127.44464273714765,123.66882371212006,124.98024093415428,112894350,0.7921218872070312,0.587483500206841
2021-08-05,127.32141876220705,127.62066399252862,122.11977330319549,124.56656840741816,162217990,2.6756362915039205,0.6090437217545459
2021-08-06,125.7591781616211,128.23678187904483,125.50834771220369,127.53266507053674,96740250,-1.5622406005859517,0.5964552195106476
2021-08-09,124.29373168945312,127.02657054032166,123.6952277733252,126.21243599752816,78594930,-1.4654464721679688,0.5846466823389214
2021-08-10,120.89637756347656,124.80421251654772,120.33308688564075,124.27612163049142,84516230,-3.3973541259765625,0.5572708735024772
2021-08-11,125.52593231201172,125.8339875915158,121.82933610751384,122.33982042302648,145353570,4.629554748535156,0.5945757293091471
2021-08-12,126.33126831054688,127.15419947319536,124.6765959643168,126.38847972697226,109431080,0.8053359985351562,0.6010651100235194
2021-08-13,128.6460418701172,129.96186423702034,122.39703724217529,123.66003977004446,289698720,2.3147735595703125,0.6197175071881031
2021-08-16,133.72885131835938,135.05786163592913,129.57457771480787,130.6131394007415,271144880,5.0828094482421875,0.6606746799312164
2021-08-17,132.34703063964844,135.01386148558404,131.2952672783854,133.72886088630713,189709230,-1.3818206787109375,0.6495399976626253
2021-08-18,132.0609893798828,133.6848534845616,130.98282279712384,132.85312574528524,123317450,-0.286041259765625,0.6472350831449405
2021-08-20,121.07240295410156,127.356620012388,119.94582160241332,127.18499920446745,273400690,-10.98858642578125,0.558689282436437
2021-08-23,119.58055877685548,124.0824788124418,115.3646689215646,123.39596877599035,229257290,-1.4918441772460795,0.5466680331066187
2021-08-24,123.62921142578124,124.98023336882656,121.19561798223953,121.63568922649596,176075790,4.048652648925753,0.5792919918852154
2021-08-25,122.35741424560548,125.50832601067695,121.52567313583002,124.804209323917,125650100,-1.2717971801757528,0.5690438766778517
2021-08-26,121.02400970458984,122.75789166078204,120.13946211452708,122.37501835753446,91578980,-1.3334045410156392,0.5582993306391022
2021-08-27,121.8249282836914,122.73148748903428,121.09442176671556,121.3716553959749,73940810,0.8009185791015625,0.5647531158796204
2021-08-30,126.7933349609375,127.18059983586686,123.0439324925853,123.13193869058128,134443870,4.968406677246094,0.6047884334751639
2021-08-31,127.64266204833984,128.41278674403208,126.03640465473497,127.18059260288804,247521080,0.8493270874023438,0.6116322934680214
2021-09-01,124.20571899414062,128.10475768250038,123.83606071498072,127.73069439278407,88128970,-3.4369430541992188,0.5839374778719415
2021-09-02,125.42910766601562,126.03640816316644,124.1000972746502,124.18811690000015,61480460,1.223388671875,0.5937955183269659
2021-09-03,127.06177520751952,127.88030127560016,124.66778656402154,125.68435006400998,84523820,1.632667541503892,0.6069515193949531
2021-09-06,126.47648620605467,127.79230849701278,125.25749356611476,127.35662878707096,69586760,-0.5852890014648438,0.6022352728030351
2021-09-07,125.7459716796875,128.41280274088012,125.03746331774546,127.09258881237244,63527170,-0.7305145263671733,0.5963488019540992
2021-09-08,125.84718322753906,126.97376461874504,124.8570228573839,125.5083331800756,46762240,0.1012115478515625,0.5971643625001253
2021-09-09,127.35662841796876,127.79230812664792,124.98024614209402,124.98024614209402,53130300,1.5094451904297017,0.6093274404278393
2021-09-13,128.80445861816406,129.55697671504413,126.43246807204028,127.35662040728214,56702080,1.4478302001952983,0.6209940260466651
2021-09-14,127.82308959960938,129.90903642569614,127.53264096737176,129.90903642569614,55037670,-0.9813690185546875,0.6130861749208307
2021-09-15,128.0695343017578,128.82645741236777,127.12778878117972,127.82309546852753,44174640,0.2464447021484375,0.6150720212013774
2021-09-16,126.4544906616211,129.5481913614831,125.97040954594284,128.5008195193548,56067970,-1.6150436401367188,0.6020580331637926
2021-09-17,121.97895050048828,126.7669280317454,119.6993845617912,126.47647938408724,195720300,-4.4755401611328125,0.5659942236968352
2021-09-20,110.29065704345705,118.98646943949858,109.78457778038818,118.8192402118964,282384120,-11.688293457031236,0.4718101982938395
2021-09-21,113.73201751708984,114.14568557591276,108.5127721045109,110.72193171005934,255935400,3.4413604736327983,0.49954060936377354
2021-09-22,114.92901611328124,116.00279110168891,112.9310887587969,114.36572541689604,111242470,1.196998596191392,0.5091859991382082
2021-09-23,116.06439208984376,117.890698598569,114.9510123174164,117.05895745450944,99462510,1.1353759765625284,0.518334835126253
2021-09-24,111.9629364013672,116.5308718092971,110.76154366408916,116.17882015050198,132866160,-4.1014556884765625,0.4852853905539696
2021-09-27,111.82211303710938,113.42396548558364,110.99037860061654,111.95412904690608,86688770,-0.1408233642578267,0.48415063881580067
2021-09-28,112.74185180664062,114.13687011368076,111.16199767003972,112.08174494806543,81007360,0.91973876953125,0.4915618746777426
2021-09-29,114.02685546875,115.28106122083516,111.53165899483004,111.77809782114538,94945770,1.285003662109375,0.5019164074416549
2021-09-30,113.44157409667967,115.86196613829004,112.99709780601286,114.68257833028368,75145680,-0.5852813720703267,0.49720022232723926
2021-10-01,114.22930908203124,115.38669873479957,111.3380374553676,112.21818004394756,90374700,0.7877349853515625,0.503547774443716
2021-10-04,116.5440673828125,116.86091923130374,112.69344380804849,114.22930165763547,96902370,2.314758300781264,0.5222000486532953
2021-10-05,115.90157318115234,117.29660507579284,115.31187926575625,115.65072932336082,57952160,-0.6424942016601562,0.5170228437488414
2021-10-06,112.64944458007812,116.93574127249502,112.05535237996531,116.17002154146677,86316930,-3.2521286010742188,0.49081725916941554
2021-10-07,113.46796417236328,115.01701006502232,112.97068153437588,113.9784484100358,46033670,0.8185195922851562,0.4974128730078292
2021-10-08,114.51974487304688,118.29555024440218,114.09726680849002,114.59454946391664,107220150,1.0517807006835938,0.505888100002748
2021-10-11,115.580322265625,116.82571802326568,114.24250187377552,114.85859895228874,63496580,1.060577392578125,0.5144342105578634
2021-10-12,116.979736328125,117.499017150782,114.85858979907904,115.58031305490034,60970190,1.3994140625,0.5257106599468477
2021-10-13,119.19769287109376,121.15601531446929,116.0071762940742,116.6628915918962,132857180,2.217956542968764,0.5435829076067529
2021-10-14,121.02400970458984,122.39262496950111,119.17129990501012,120.93158506419734,82273710,1.8263168334960795,0.5582993306391022
2021-10-18,124.19251251220705,125.39831695508344,122.43663239771762,124.80421803945696,109232300,3.1685028076172017,0.5838310603153931
2021-10-19,120.30667877197266,125.55672548702938,119.48374769489892,125.06825285279533,87569240,-3.885833740234389,0.5525190929142075
2021-10-20,118.22954559326172,121.1076153762676,116.76410078576004,120.75555031249574,69757740,-2.0771331787109375,0.5357815969924713
2021-10-21,115.71234130859376,119.510158533903,113.51198494907824,119.40893730659788,83575730,-2.5172042846679545,0.5154980172583334
2021-10-22,114.08847045898438,116.588071911629,111.8661093249892,116.17880887626568,80712890,-1.6238708496093892,0.5024128997505427
2021-10-25,113.8288345336914,115.8267618286919,111.53606029818604,114.5945542339727,64185010,-0.25963592529296875,0.5003207588684524
2021-10-26,118.26036834716795,118.90727371212172,114.54616540456294,114.68258643670396,77228750,4.431533813476548,0.5360299661019198
2021-10-27,116.72010803222656,118.96886578048988,116.28883335191566,118.4671915151452,72418040,-1.540260314941392,0.5236185805422598
2021-10-28,114.38333129882812,115.82235952817358,113.63520476203502,115.72994832112812,93076820,-2.3367767333984375,0.504788882260931
2021-10-29,115.82235717773438,117.38460479474011,113.5383862405948,113.56038443185604,79147600,1.43902587890625,0.5163845228420582
2021-11-01,120.13065338134766,120.83475662992764,117.05895125426927,117.93909374490288,96875330,4.308296203613281,0.5511006839802477
2021-11-02,115.61992645263672,120.57952469568087,115.36908261239093,120.57952469568087,72161370,-4.5107269287109375,0.5147533402725039
2021-11-03,116.71129608154295,117.23498195972093,115.47469690498065,116.6012782656217,57302440,1.0913696289062358,0.5235475740270584
2021-11-04,116.6980972290039,117.49903017095046,116.539678016703,117.14697852367546,6744340,-0.01319885253904829,0.5234412179480125
2021-11-08,118.2251434326172,118.61240829714572,114.95541713537408,118.0183093995126,54936670,1.5270462036132955,0.535746124473622
2021-11-09,117.5826416015625,119.72578649932562,116.95773450018504,118.1899420920804,47565160,-0.6425018310547017,0.5305688580916658
2021-11-10,114.29090118408205,116.97093349922564,113.28314768576452,116.88292730670352,118804170,-3.2917404174804545,0.5040440823200971
2021-11-11,114.38333129882812,116.57487764536252,113.39317093361284,114.84980577427012,136638600,0.09243011474607954,0.504788882260931
2021-11-12,113.29635620117188,117.93910282473392,111.87492113459884,117.93910282473392,232395580,-1.08697509765625,0.4960300595477235
2021-11-15,109.61734771728516,114.33050711605893,109.26969437908016,113.97845548267064,121082150,-3.6790084838867188,0.4663846857574394
2021-11-16,108.15190887451172,110.99037383238316,107.70304103057718,109.61734695489125,123148800,-1.4654388427734375,0.45457621006321547
2021-11-17,107.3817901611328,108.90883803346895,106.946123893347,107.81746314387344,87802040,-0.7701187133789205,0.4483706094996388
2021-11-18,104.43771362304688,108.10790628389546,104.032842158654,107.69423822915606,101083510,-2.9440765380859233,0.42464730203214496
2021-11-22,102.5409927368164,105.33544767475784,100.86432246003312,104.56972133321534,96210010,-1.8967208862304688,0.4093635646082133
2021-11-23,104.91738891601562,106.40923019333418,102.5498034288727,102.80504556110726,93829630,2.3763961791992188,0.42851251555918735
2021-11-24,103.72480010986328,105.87674841616732,103.0778947863466,105.65231447911344,67671010,-1.1925888061523438,0.4189026597811044
2021-11-25,103.29792022705078,104.43770984137645,102.62461176742492,103.85681258172436,47502860,-0.4268798828125,0.4154628705702462
2021-11-26,97.89825439453124,102.05252140340374,97.36576522111493,101.91170209350432,106455260,-5.3996658325195455,0.3719524756775019
2021-11-29,98.11388397216795,100.0721996942251,94.6197171682289,97.8982533569582,93929910,0.21562957763671875,0.37369001432610216
2021-11-30,94.28086853027344,99.27127497376358,93.5591519372905,97.77943368092274,133559840,-3.833015441894517,0.34280365567360804
2021-12-01,95.2798309326172,96.55163667012263,93.86720587652384,96.11156538773383,93791140,0.9989624023437642,0.3508532739198358
2021-12-02,97.90705871582033,98.22391058180638,94.5273144319089,95.31944409687408,91286810,2.627227783203125,0.372023420715201
2021-12-03,98.39994049072266,99.8257671345083,97.01371193543076,98.13589503782283,100737840,0.49288177490232954,0.37599505179879167
2021-12-06,97.59019470214844,100.42425453127498,97.0093041634512,98.04787254713816,82159400,-0.8097457885742188,0.36947013708806764
2021-12-07,101.11077117919922,101.7048700714632,98.66397602623732,98.67277933170286,85053900,3.5205764770507812,0.39783886906478516
2021-12-08,103.24072265625,103.59277430038266,101.12837921668068,102.00852175692168,74485010,2.1299514770507812,0.4150019737352125
2021-12-09,103.57957458496094,104.03284746423972,102.00852361380896,104.03284746423972,52123940,0.3388519287109375,0.4177324355240861
2021-12-10,103.85681915283205,104.64014547195788,102.7654442893794,103.28032686667304,48121300,0.27724456787110796,0.4199664664815743
2021-12-13,102.5630111694336,105.52909400612305,102.24176101607596,104.56093853569077,53537780,-1.2938079833984517,0.409540988679963
2021-12-14,102.73023986816406,103.67199213134565,100.95234815059766,102.0041182329124,53522640,0.16722869873046875,0.4108885140537263
2021-12-15,101.5728530883789,103.46955926861784,101.12838350409726,102.98107986947645,44308330,-1.1573867797851562,0.4015623154714344
2021-12-16,101.49803924560548,102.87105948358855,100.6487049026096,102.44859481726522,42460080,-0.07481384277342329,0.4009594670835006
2021-12-17,99.64093780517578,101.99532182482383,99.01603739717486,101.56845214862632,47435020,-1.8571014404297017,0.38599498232921403
2021-12-20,94.43489074707033,98.3295241119008,93.82759697009692,98.31191750100038,73526500,-5.2060470581054545,0.344044763490823
2021-12-21,97.26455688476562,98.95003070507263,95.49546844626497,95.93553972942748,70268490,2.8296661376952983,0.36684615433324474
2021-12-22,99.35488891601562,99.54411633209608,97.69581840791028,98.13588966199995,43669170,2.09033203125,0.38369000633402706
2021-12-23,99.24927520751952,100.93474901514207,98.59356658315832,100.16022597998868,46214780,-0.10561370849610796,0.3828389732691515
2021-12-24,98.17549896240234,99.7597582357094,97.1545370979026,99.46050627743816,40936300,-1.0737762451171733,0.3741865066349901
2021-12-27,98.73439025878906,98.9896324008036,97.02251328963612,97.7882397156797,27588510,0.5588912963867188,0.3786900410688159
2021-12-28,99.23168182373048,99.58813850941188,98.7519989938448,99.19207030257844,28807810,0.49729156494142046,0.3826972061487586
2021-12-29,98.24591827392578,99.1612673888347,97.51980331085085,98.57597175076988,41935200,-0.9857635498047017,0.3747539439815769
2021-12-30,96.9036865234375,99.19205564777374,96.72766071193251,98.3911294759855,41140930,-1.3422317504882812,0.36393826847262156
2021-12-31,97.82343292236328,98.884006221673,97.0489099578429,97.25574397770676,36870210,0.9197463989257812,0.3713495658120658
2022-01-03,100.5518798828125,101.30439794162446,98.13588636172553,98.13588636172553,38658030,2.7284469604492188,0.3933353346309594
2022-01-04,101.11077117919922,102.0701300263053,100.02819963034854,101.4804361442514,59757310,0.5588912963867188,0.39783886906478516
2022-01-05,103.64559173583984,103.9272370918494,100.44627158862376,100.95235088435884,61861760,2.534820556640625,0.41826440035182344
2022-01-06,102.38258361816406,104.1208705972692,101.70487678160572,103.15270838082152,53354000,-1.2630081176757812,0.4080871072271537
2022-01-07,102.1273422241211,103.3287349036467,101.02716405588583,102.55420517563812,39738570,-0.25524139404296875,0.40603037738641057
2022-01-10,102.89306640625,103.27592627666016,101.5552526500772,102.53660973863296,38225000,0.7657241821289062,0.41220056690864004
2022-01-11,99.47811126708984,102.33416949288716,97.95986673864462,101.97771284094271,96978850,-3.4149551391601562,0.3846829294743003
2022-01-12,100.96995544433594,101.28680730277692,99.66734150241692,100.32305012626516,50358430,1.4918441772460938,0.3967041788041187
2022-01-13,107.47859954833984,107.86146610215496,101.40561495303076,101.5684458817619,157231160,6.508644104003906,0.44915069752681536
2022-01-14,106.81410217285156,107.93188027526946,106.15399524942752,106.7612957677632,52679070,-0.6644973754882812,0.44379619150561656
2022-01-17,108.23552703857422,109.57774574917552,104.76777001235985,106.93731814076168,89696070,1.4214248657226562,0.45525000348884825
2022-01-18,105.16383361816406,108.58758761655764,104.7369639422116,108.25753415875654,58408970,-3.0716934204101562,0.4304983618397339
2022-01-19,106.46204376220705,107.4566024423914,104.12086803315944,105.265049337672,73043210,1.298210144042983,0.4409593121601947
2022-01-20,106.20679473876952,107.72944423089916,105.35305543234028,106.50604668301224,59205970,-0.2552490234375284,0.43890252084194903
2022-01-21,102.95027923583984,105.99557177396768,101.77528969072796,105.61711019384154,71662670,-3.2565155029296733,0.41266158669867836
2022-01-24,96.74526977539062,102.41778837587071,95.93554022180494,102.09653821770068,83920760,-6.205009460449219,0.3626617496140596
2022-01-25,97.61661529541016,98.66398038360884,95.67589932425672,96.34920785058264,57330630,0.8713455200195312,0.36968303367866673
2022-01-27,95.79031372070312,97.1193308527397,93.40952650894698,95.93553804739511,90566560,-1.8263015747070312,0.3549667336013219
2022-01-28,95.46466827392578,99.08205506339806,95.1390197945284,97.33057308907732,78648930,-0.32564544677734375,0.3523426893689967
2022-01-31,95.54386901855467,98.10068189762912,95.09939947500852,97.68701384969783,55709390,0.07920074462889204,0.35298088732077526
2022-02-01,102.74344635009766,103.36834678666531,95.61869097018004,97.24695342771044,170752680,7.199577331542983,0.41099493161027467
2022-02-02,102.7566375732422,103.84801240047096,101.94690807932903,103.84801240047096,75247340,0.01319122314454546,0.41110122621181844
2022-02-03,102.67742919921876,104.0064395643814,100.89073425014196,101.48043483956896,65140900,-0.0792083740234375,0.41046296678253746
2022-02-04,103.53116607666016,105.41907561294,102.99868359254876,103.31113043844276,93174180,0.853736877441392,0.4173423607717467
2022-02-07,104.12086486816406,106.902111794779,102.18454725676692,102.82705426369688,145105250,0.5896987915039062,0.42209414136001633
2022-02-08,107.34217834472656,107.58861716999068,103.10869507440728,105.17702860353616,140839840,3.2213134765625,0.44805141830749606
2022-02-09,107.58422088623048,108.60958772226697,106.33442012619416,108.34554228171642,73520600,0.24204254150392046,0.4500017920691932
2022-02-10,109.87258911132812,110.39187668249804,107.90547006998814,108.25752841595776,93920570,2.288368225097642,0.46844141559818253
2022-02-11,110.40947723388672,111.333629558177,108.53037108913888,109.0496586633933,96762260,0.5368881225585938,0.47276764891526324
2022-02-14,104.45970916748048,108.05949543958722,103.86561701632516,107.3861869726386,80216130,-5.949768066406236,0.4248245416713877
2022-02-15,106.2992172241211,106.67327377680408,101.35281370343,105.33985835821564,101889210,1.8395080566406108,0.4396472593052808
2022-02-16,104.8953857421875,107.19255825526965,104.42891128124708,106.93731611882112,66092140,-1.4038314819335938,0.4283352144424424
2022-02-17,104.82057189941406,106.45323247323007,104.39810054569053,105.71391599790684,56557920,-0.0748138427734375,0.4277323660545085
2022-02-18,104.80738067626952,106.05718153589169,104.12087053408146,104.47292219626148,47251200,-0.01319122314454546,0.4276260714529647
2022-02-21,104.01964569091795,105.79313240165492,103.36394378515884,104.56093819689087,49787320,-0.7877349853515625,0.42127851933648797
2022-02-22,100.22183227539062,102.68182903433924,98.50995532370406,101.9205076263279,93858570,-3.7978134155273295,0.3906758178797848
2022-02-23,100.24822998046876,101.44522429244095,99.80815873974234,101.04035955676716,49608380,0.02639770507813921,0.39088853003787694
2022-02-24,94.52730560302734,98.57156145465343,93.92000513078362,96.28759059855877,121268670,-5.7209243774414205,0.3447894404766523
2022-02-25,100.80712890625,101.27800167273912,96.42841440368616,96.61324353104256,92128860,6.279823303222656,0.3953921259492049
2022-02-28,107.4434051513672,107.81746844214852,99.38570072708352,99.8081721294371,176054460,6.636276245117202,0.44886710180852674
2022-03-02,113.4811782836914,114.3833324613354,107.24977409197088,107.44339981368552,248475320,6.0377731323242045,0.4975193520418799
2022-03-03,114.70897674560548,116.94014126675596,113.85964243326364,114.94661898742086,174503380,1.2277984619140767,0.5074129264932563
2022-03-04,112.40299987792967,116.16561047566115,112.0421449382572,114.6297660832853,162829230,-2.3059768676758097,0.4888314128888689
2022-03-07,113.7056121826172,114.57694466599165,111.25001379191367,112.29737880497107,110400010,1.3026123046875284,0.4993278357281793
2022-03-08,111.7340850830078,113.89043147173288,109.48972578932636,113.80242528173072,91078220,-1.9715270996094034,0.48344131139381596
2022-03-09,110.48869323730467,112.37659596703828,109.89459435695848,112.1213538332946,69348880,-1.245391845703125,0.4734059698220464
2022-03-10,115.18424987792967,115.633131168338,109.22568783848406,110.70873258411164,136740620,4.695556640625,0.511242667501449
2022-03-11,114.56815338134766,117.93030434697144,114.08407229599484,115.73874457687016,118822990,-0.616096496582017,0.5062781747550874
2022-03-14,114.15447998046876,115.44829053458145,112.45580468067358,114.8585966690192,52780820,-0.41367340087889204,0.5029448031007777
2022-03-15,108.58757781982422,113.80242466858164,108.0814985828361,113.69679843927636,96143130,-5.5669021606445455,0.4580868213567678
2022-03-16,111.36003875732422,111.8837246549656,109.15527734674856,109.57774873016788,63024510,2.7724609375,0.48042725388665375
2022-03-17,114.72218322753906,115.9851856542245,111.87492150452482,112.21817656623692,106239760,3.3621444702148438,0.5075193440498046
2022-03-21,114.67816162109376,117.4110002325486,113.9344401588764,115.12263786641763,84227630,-0.04402160644529829,0.50716461886131
2022-03-22,114.59455871582033,117.05896057173348,113.36675608328343,116.17881801104376,81795880,-0.0836029052734375,0.506490948390682
2022-03-23,117.14698028564452,118.62561334233058,113.7452244513175,116.53086974878232,130552380,2.5524215698241903,0.5270583082756155
2022-03-24,118.86763763427734,119.6553689238226,116.70249462791976,117.14256587326658,94605270,1.7206573486328267,0.5409233293780757
2022-03-25,117.84669494628906,120.22748224560296,117.37141043057775,119.25052344098532,69457440,-1.0209426879882812,0.5326965944476102
2022-03-28,117.84669494628906,119.25932003205034,116.84772451914384,117.9391061571568,46554910,0.0,0.5326965944476102
2022-03-29,117.4682159423828,118.48038787880104,116.79490746476888,118.29114703392108,43202370,-0.3784790039062642,0.5296468185115889
2022-03-30,115.12703704833984,117.54742900285544,114.41852875891986,117.49902761012156,58483160,-2.3411788940429545,0.5107816477114108
2022-03-31,115.05223083496094,116.21841698337902,114.42732373906594,115.12264384787228,40067950,-0.07480621337890625,0.5101788608009793
2022-04-01,115.923583984375,118.0183141718982,114.8982103679788,115.29867684954158,55321590,0.8713531494140625,0.5172002063430888
2022-04-04,118.10633087158205,119.17129583577632,115.69034387066527,115.92358110909706,69670320,2.1827468872070455,0.5347887353297005
2022-04-05,118.37037658691406,119.52336118060242,116.99295134502044,118.6828234323243,63296420,0.26404571533201704,0.5369164102081425
2022-04-06,120.64553833007812,122.04936678306376,118.53759314542135,118.81924521005368,114097540,2.2751617431640625,0.5552496161805834
2022-04-07,118.77523040771484,121.54768740412004,118.02711732353622,121.1956223381162,55650640,-1.8703079223632812,0.5401787138697487
2022-04-08,120.64553833007812,121.45526787103157,119.36933430824836,119.78300238448354,52287710,1.8703079223632812,0.5552496161805834
2022-04-11,119.5145492553711,121.81172181539262,119.08328800714742,120.64114405886322,44778820,-1.1309890747070312,0.5461361297563837
2022-04-12,116.2008056640625,119.69497238748394,114.07526748193646,119.08328034683608,69191680,-3.3137435913085938,0.5194340528680699
2022-04-13,116.1348114013672,118.46719730949492,115.7387499241108,117.49463008356317,44937800,-0.06599426269529829,0.5189022724728398
2022-04-18,117.8598861694336,119.52774654831347,116.9577320430848,117.22618249089405,80700420,1.725074768066392,0.5328028890491538
2022-04-19,116.75971221923828,120.28467394872128,115.21065275847694,119.04807475823038,64772190,-1.1001739501953125,0.5239377102569003
2022-04-20,115.6727294921875,117.62664689535916,114.68696077055576,117.03254802832978,54100210,-1.0869827270507812,0.5151788260661905
2022-04-21,114.60774993896484,116.42084130101937,113.17312682728851,115.82675587027774,66690280,-1.0649795532226562,0.5065972429922255
2022-04-22,112.4426040649414,115.43508994505338,112.10815232817616,114.55935244426084,55848230,-2.1651458740234375,0.48915054260350943
2022-04-25,107.40819549560548,111.15759779060048,106.7436835963983,110.0178148404426,72310460,-5.034408569335923,0.4485833831352334
2022-04-26,108.57438659667967,109.28729992056098,107.81746345887407,108.69760601772202,44812710,1.1661911010741903,0.45798052675522405
2022-04-27,109.72737121582033,110.45789115135872,106.53245614412492,107.99348930024684,71209740,1.1529846191406534,0.46727125281866666
2022-04-28,110.9727783203125,111.6592884702395,109.40172727951112,110.85395718976204,51295830,1.2454071044921733,0.4773067173454407
2022-04-29,111.87052154541016,113.6880113413043,111.39524376357964,111.60207779960648,57173520,0.8977432250976562,0.4845407135681401
2022-05-02,113.9960708618164,114.66056937819278,109.90780481232645,110.6339197557352,54426170,2.12554931640625,0.501668345719718
2022-05-04,111.01677703857422,117.058953471007,110.41387485490417,116.8213112336613,138374020,-2.9792938232421875,0.47766125810142834
2022-05-05,113.03231048583984,115.87076217213811,112.48222138811812,112.65824721340717,87338160,2.015533447265625,0.4939023846692814
2022-05-06,112.98389434814452,113.53838844977258,109.4017211689798,111.60207753428548,69256760,-0.04841613769532671,0.4935122484394395
2022-05-09,110.21585083007812,112.1477634823814,109.48973590342057,110.89796265766984,50552970,-2.768043518066392,0.47120741138340794
2022-05-10,102.52780151367188,110.42707938314456,101.96891584148494,110.10582923964948,145537420,-7.68804931640625,0.40925727000666967
2022-05-11,102.59821319580078,104.81616938963192,98.87520738495924,103.41674600726498,107063150,0.07041168212890625,0.40982464587575407
2022-05-12,98.37353515625,102.30777364099812,97.07973117864177,101.823699241404,94191610,-4.224678039550781,0.3757822781631973
2022-05-13,96.55162811279295,101.37481189487772,96.11155686940748,99.89617224850431,82924410,-1.8219070434570455,0.36110138912719947
2022-05-16,97.12371826171876,99.87856843480124,96.28758561807214,98.48794174867272,62665270,0.5720901489258097,0.36571127964007144
2022-05-17,104.62254333496094,105.37066313086076,98.16669878338668,98.92802017983529,112876010,7.498825073242173,0.4261366560038037
2022-05-18,103.87882232666016,106.409232073138,103.41674616039938,105.35305701954844,81575800,-0.7437210083007812,0.4201437675983193
2022-05-19,98.76519012451172,101.64765823409964,98.15349133882442,101.30440318687684,66545630,-5.1136322021484375,0.3789382257457574
2022-05-20,103.02948760986328,103.7159977434984,100.44187300731208,102.30337267196958,65527500,4.2642974853515625,0.41329984612795934
2022-05-23,90.0341796875,96.55163413409808,88.1506751855444,96.55163413409808,273883460,-12.995307922363281,0.3085839253668039
2022-05-24,88.5731430053711,91.52601735375592,88.19027644894567,90.7426910603127,123116660,-1.4610366821289062,0.29681092219142946
2022-05-25,87.93504333496094,89.62931367507217,87.2925363339231,88.57314532578087,99343400,-0.6380996704101562,0.2916691283283228
2022-05-26,92.59099578857422,93.9596177551566,87.59619072683323,88.6303542188451,150536730,4.655952453613281,0.32918669629308484
2022-05-27,91.84288024902344,93.96842546348807,90.83071490190382,93.51515255535736,74772200,-0.7481155395507812,0.32315839684625325
2022-05-30,92.1905288696289,93.62955702688448,91.8428688206618,93.20709238593116,72701590,0.34764862060546875,0.3259597421953234
2022-05-31,92.91224670410156,94.34247829035068,91.27077607957764,91.97489277725133,121248850,0.7217178344726562,0.33177532948406296
2022-06-01,93.60755920410156,94.96737776462956,92.70541179223042,93.7791867242172,94055290,0.6953125,0.33737814313720793
2022-06-02,95.19181060791016,95.47345593811312,93.21589500139171,93.97721638046384,79177040,1.5842514038085938,0.3501440079753534
2022-06-03,93.93761444091795,96.18197384575168,93.73517870603386,96.11156083231768,53954860,-1.2541961669922017,0.34003772136588484
2022-06-06,94.8881607055664,95.3106320598318,92.3445494196566,93.73517618021026,57262490,0.9505462646484517,0.34769720338227084
2022-06-07,94.04322814941406,95.18741612636576,93.60756189388496,93.91120542669586,43341570,-0.8449325561523438,0.3408887544307604
2022-06-08,95.64949035644533,95.83871777370102,94.53170560374056,95.14340438212623,64734340,1.6062622070312642,0.35383198186315323
2022-06-09,91.9616928100586,95.69349525811876,91.64044266670572,94.61092370628948,98547810,-3.687797546386733,0.32411578599017477
2022-06-10,90.10018920898438,90.77789597238367,88.95160298978506,90.65467656085654,95225630,-1.8615036010742188,0.3091158287170389
2022-06-13,87.30574035644531,89.07042375944782,87.13411282705083,88.3927169475953,82235750,-2.7944488525390625,0.28659821802541263
2022-06-14,87.6753921508789,89.22004651645669,86.7424432614378,86.980078778859,77202600,0.36965179443359375,0.2895768644912279
2022-06-15,89.01119232177734,90.37481650886905,88.18559797727676,88.49171205980015,92443330,1.3358001708984375,0.30034071446571164
2022-06-16,83.64482116699219,90.44438537640406,83.3201504298172,90.44438537640406,122741050,-5.366371154785156,0.2570986073931737
2022-06-17,84.108642578125,86.02884626164541,83.06969616913486,83.30160486075468,121290260,0.4638214111328125,0.2608360706703562
2022-06-20,79.90645599365234,83.95094402908204,78.16714085492826,83.95094402908204,139866890,-4.202186584472656,0.2269749386346941
2022-06-21,82.0771255493164,83.06969444576565,80.1476435765187,81.16804038301835,124526970,2.1706695556640625,0.24446614873510342
2022-06-22,77.74507141113281,81.06137011391203,77.52244103765933,80.97787930055199,109877390,-4.332054138183594,0.20955854665463103
2022-06-23,78.04190826416016,79.40089684081619,76.71539030056049,77.92131829557525,111515840,0.29683685302734375,0.211950451838125
2022-06-24,79.11332702636719,80.21720748224844,78.3526597950922,78.84894774564977,85433810,1.0714187622070312,0.22058392192406384
2022-06-27,80.50479125976562,81.52518814642086,80.05952343210754,80.75061392090963,72814730,1.3914642333984375,0.2317963117556111
2022-06-28,81.52981567382812,82.04001760512018,79.81369284256866,80.33316602549053,84647330,1.0250244140625,0.24005593714982798
2022-06-29,81.78028106689453,82.44817212653257,80.56507475992365,80.70422138466581,72318470,0.25046539306640625,0.24207418207410702
2022-06-30,80.43058013916016,82.97693323404559,80.08271707572403,81.77101219384232,84672090,-1.349700927734375,0.231198320090362
2022-07-01,80.9686050415039,81.16804312178886,79.69310722101865,80.42129684197673,54761890,0.53802490234375,0.2355337135552913
2022-07-04,79.27103424072266,80.81554704579568,78.2274450813997,80.56508168427469,77554410,-1.69757080078125,0.2218547233749083
2022-07-05,79.7905044555664,81.55764756625541,79.57250971766754,79.96211462388572,79058290,0.51947021484375,0.22604060355414968
2022-07-06,79.60498046875,79.87863102878165,77.74043258965365,79.63280837962893,81439710,-0.18552398681640625,0.2245456551297781
2022-07-07,83.48712921142578,84.09472885276449,79.63744350455171,80.42593164275685,111007940,3.8821487426757812,0.25582792889733397
2022-07-08,82.17916107177734,85.14759658918075,81.67824452280796,85.14759658918075,112000630,-1.3079681396484375,0.24528834885138195
2022-07-11,84.66986083984375,86.17726726618861,81.17267396744057,82.11422264602037,150193340,2.4906997680664062,0.2653583557423952
2022-07-12,83.68192291259766,84.96669891497066,82.89343485684874,83.94165948839346,100175050,-0.9879379272460938,0.2573975724870471
2022-07-13,83.9370346069336,84.80437087154874,83.54742969336985,84.03907500009912,70135110,0.2551116943359375,0.2594532572102505
2022-07-14,84.22924041748047,84.50752660366018,83.02331237882665,84.41476454160028,74498580,0.292205810546875,0.26180784554982495
2022-07-15,81.98435974121094,84.44259333664152,81.39995237455202,83.95094803301376,81253510,-2.2448806762695312,0.24371864378416652
2022-07-18,83.8860092163086,84.22923661545815,82.7682076641202,83.20883274698414,73060810,1.9016494750976562,0.2590420956746089
2022-07-19,85.29137420654297,85.51864726119213,83.57988701258111,83.57988701258111,85341580,1.405364990234375,0.2703664975154174
2022-07-20,86.12625122070312,87.01214412324215,85.82476567454131,86.8219772971343,77088650,0.8348770141601562,0.2770939191188454
2022-07-21,86.66891479492188,87.09099030384198,85.7598296278087,86.27003157016172,50877140,0.54266357421875,0.2814666909051966
2022-07-22,86.83125305175781,87.56872097235761,86.45555503670013,87.429574345739,48608940,0.1623382568359375,0.2827748091999607
2022-07-25,89.11786651611328,89.50283577094324,86.60397729537839,86.7338455889004,99635630,2.2866134643554688,0.3012002929034121
2022-07-26,88.07891845703125,90.60208616025857,87.75889040675514,90.16609668660348,126264690,-1.0389480590820312,0.29282847106742704
2022-07-27,88.99728393554688,89.19672201811353,87.53161927014375,88.21806703247123,52559020,0.918365478515625,0.3002286409789481
2022-07-28,93.08814239501952,94.61874109286232,90.11971413282662,91.000964282677,137156107,4.090858459472642,0.33319269330048285
2022-07-29,99.8134994506836,101.3904827999623,94.75789280464416,95.54638094063772,166959934,6.725357055664077,0.3873854804771121
2022-08-01,100.41646575927734,103.38489424872726,98.4684341207451,102.50364403141012,125365761,0.60296630859375,0.3922441704419488
2022-08-02,99.25691986083984,100.18455462589442,97.72632108304148,100.18455462589442,64935371,-1.1595458984375,0.382900573726495
2022-08-03,99.30329895019533,100.60198188777376,98.32927966972028,99.25691438358557,61428846,0.04637908935548296,0.38327429546321246
2022-08-04,99.90625762939452,101.57600297496808,98.37566598612534,99.72073351423806,79526154,0.6029586791991903,0.38813292395054655
2022-08-05,99.58159637451172,101.3441039455448,99.34968766983084,99.85988965104558,54469112,-0.3246612548827983,0.38551681031602325
2022-08-08,99.44244384765624,100.32370111963424,98.97862646575992,100.0454078595798,41384943,-0.13915252685548296,0.3843955221508665
2022-08-10,101.29771423339844,101.9470628199293,98.79310318085676,100.09179327662684,73880698,1.8552703857422017,0.3993452523045917
2022-08-11,101.2049560546875,102.64279283683,100.74113865106632,102.31812206975354,75321498,-0.0927581787109375,0.39859780883115714
2022-08-12,104.49805450439452,104.72996318856882,100.9266621835687,101.43685704237733,95942333,3.293098449707017,0.42513352759814205
2022-08-16,104.8227310180664,105.47207253858905,103.06022350584408,105.47207253858905,69207437,0.3246765136718892,0.4277497641876704
2022-08-17,104.35891723632812,105.2865520562066,104.1270085313585,105.2865520562066,54008422,-0.46381378173828125,0.4240123623879902
2022-08-18,104.40528869628906,104.82272148189342,103.33850737194432,104.35890413020364,49396425,0.0463714599609375,0.42438602264720526
2022-08-19,102.0862045288086,104.7299620850813,101.62238716534702,104.40529134611646,57134813,-2.3190841674804688,0.40569889069380005
2022-08-22,97.44803619384766,101.66877018451534,97.12335835993407,101.57600812223647,74037526,-4.6381683349609375,0.3683246267869895
2022-08-23,99.8134994506836,100.416463464311,96.01019832384468,96.6595398294178,70531639,2.3654632568359375,0.3873854804771121
2022-08-24,98.8394775390625,100.3236916049092,98.0973669674937,99.76711221487804,55686404,-0.9740219116210938,0.37953683218602985
2022-08-25,98.56119537353516,100.09179417597076,98.09737798354205,99.30330602844082,42186335,-0.27828216552734375,0.3772944402882237
2022-08-26,99.58159637451172,101.29771937369183,99.34968766983084,99.48883430809776,71257092,1.0204010009765625,0.38551681031602325
2022-08-29,97.26250457763672,98.00461522728943,95.77829035562291,96.52040100527566,59895805,-2.319091796875,0.3668296168851156
2022-08-30,100.4628448486328,100.6483689651174,98.37566669037,98.79309949110602,67401780,3.2003402709960795,0.39261789217866605
2022-09-01,98.70034790039062,99.95265351270154,98.23653048269829,99.25692738616304,52454732,-1.7624969482421733,0.37841572845338034
2022-09-02,97.86546325683594,99.25691534105636,97.40164589542914,99.25691534105636,45601352,-0.8348846435546875,0.37168824537245004
2022-09-05,99.16415405273438,99.53520936019368,98.1437572651898,98.37566594769044,40352735,1.2986907958984375,0.3821530687755581
2022-09-06,100.74112701416016,100.92665820055252,98.37566277530895,99.62796820497032,59505849,1.5769729614257812,0.39486028407647233
2022-09-07,99.8134994506836,101.0194274779384,99.34968206747662,99.76712195873787,43945660,-0.9276275634765625,0.3873854804771121
2022-09-08,98.19013214111328,100.55560347055838,97.7263147884606,100.55560347055838,71228405,-1.6233673095703125,0.3743044204844759
2022-09-09,98.05098724365234,99.5815859497732,97.86546313024613,99.25691521266668,63647166,-0.1391448974609375,0.37318319379682163
2022-09-12,99.95264434814452,100.1381684672941,98.79310091023102,99.07139416624686,40838533,1.9016571044921733,0.3885067071647662
2022-09-13,99.95264434814452,100.8338945300422,99.76712022899495,100.18455303572723,44179394,0.0,0.3885067071647662
2022-09-14,101.25133514404295,102.41087859031629,98.14376012348885,98.60757750199816,86379872,1.2986907958984375,0.39897153056787427
2022-09-15,99.25691986083984,101.112189390949,98.79310247831256,100.78751863863822,62926791,-1.9944152832031108,0.382900573726495
2022-09-16,98.05098724365234,99.72073257347353,97.40164576943926,98.5148046044592,107967267,-1.2059326171875,0.37318319379682163
2022-09-19,95.63914489746094,98.51481131488376,95.54638283443926,98.51481131488376,51146568,-2.4118423461914062,0.3537486183699817
2022-09-20,98.14376831054688,98.65396322309216,96.47402277770814,96.6595469136715,52140254,2.5046234130859375,0.37393082170276326
2022-09-21,96.89144897460938,99.44244459419,96.7523094208292,98.14376157696408,46142823,-1.2523193359375,0.3638396585588701
2022-09-22,96.10295867919922,97.67994200048643,96.01019661966268,96.89144680119708,61380323,-0.7884902954101562,0.3574860201696619
2022-09-23,96.75230407714844,100.0917876519724,96.24210215049438,98.51480438240884,109765520,0.6493453979492188,0.3627184318712159
2022-09-26,92.62432098388672,96.89143907806285,91.37201558673485,96.84506159063704,101291962,-4.127983093261719,0.32945523002330057
2022-09-27,90.5835418701172,94.01578788387252,89.51676040834175,94.01578788387252,104949032,-2.040779113769517,0.3130106744002087
2022-09-28,88.31082153320312,90.76905492938528,88.12529742217818,89.56313405314071,71724106,-2.2727203369140767,0.294697141228516
2022-09-29,89.84142303466797,91.14011308440789,89.42399023313686,89.98056966094214,60884592,1.5306015014648438,0.3070306962702152
2022-09-30,92.1141357421875,93.13453257650154,88.7746448992809,89.84142630313764,66436616,2.2727127075195312,0.32534416796440546
2022-10-03,91.23287963867188,92.43880768941948,90.90820887956036,92.39242311927852,37282313,-0.881256103515625,0.31824302462426024
2022-10-04,93.83025360107422,94.15492433850736,92.76347225468706,93.04176550236764,40186702,2.5973739624023438,0.33917260995297394
2022-10-06,96.05657958984376,96.28848827347224,94.38683423680196,94.61874292043046,48169310,2.2263259887695455,0.3571122984329447
2022-10-07,95.82466888427734,96.01019299634896,94.5259788679023,95.82466888427734,36080875,-0.23191070556642046,0.3552435667943533
2022-10-10,95.73190307617188,96.01019633123695,93.83025609086523,94.6187442104944,36641275,-0.09276580810546875,0.3544960618434164
2022-10-11,93.08814239501952,96.1493397907051,92.57794754726608,96.05657773450368,41083734,-2.643760681152358,0.33319269330048285
2022-10-12,93.273681640625,93.87663859665636,91.83584487479978,93.08815043490686,41357469,0.18553924560548296,0.3346877646798593
2022-10-13,92.85623931884766,94.43322267859249,91.65031836088102,93.78387409141816,34668093,-0.41744232177734375,0.33132402313939413
2022-10-14,92.85623931884766,95.36085745116296,92.67071519525022,94.479600170846,32456805,0.0,0.33132402313939413
2022-10-17,92.3460464477539,93.13453460612088,91.00097175191208,92.53157057538432,37568783,-0.51019287109375,0.3272128996029967
2022-10-18,93.36644744873048,93.69111822514134,92.57795925536344,93.0417766723196,30722156,1.0204010009765767,0.3354352696307963
2022-10-19,92.8098602294922,93.92301910650453,92.48518240284636,93.32005509925136,38764542,-0.5565872192382812,0.3309503014026769
2022-10-20,93.5983428955078,93.8766290598766,91.65031143576184,92.29965289658011,38091315,0.7884826660155966,0.3373038783143827
2022-10-21,92.9489974975586,94.10854091483,92.16050938927232,93.551961489998,30973997,-0.6493453979492045,0.3320714666128287
2022-10-24,93.87663269042967,94.71150537040586,93.6911085736756,94.61874331202884,7480281,0.9276351928710795,0.33954633168969117
2022-10-25,93.87663269042967,95.08256068120544,93.41281532125308,93.83025519988686,37163180,0.0,0.33954633168969117
2022-10-27,96.65953826904295,97.07697815356548,94.665129215282,94.85065333465322,74349009,2.7829055786132812,0.3619709269202789
2022-10-28,94.24768829345705,97.03059251714548,93.5055847468483,96.56677514653072,51006232,-2.411849975585909,0.3425362900159369
2022-10-31,94.2013168334961,94.75789629840746,93.0417733327258,94.5259875982534,38715841,-0.04637145996095171,0.34216262975672185
2022-11-01,93.87663269042967,94.108541375018,91.41840629562677,91.41840629562677,69031178,-0.32468414306642046,0.33954633168969117
2022-11-02,93.92302703857422,95.54638799973476,93.50559419376408,93.691118329837,42336049,0.04639434814454546,0.33992017638141325
2022-11-03,94.61873626708984,95.03616903735184,92.76346692851943,93.45919293048335,39110676,0.695709228515625,0.34552618686467995
2022-11-04,97.16973876953124,97.40164745394542,94.8042673575903,95.08256060980383,70299020,2.551002502441392,0.3660821119341786
2022-11-07,98.97862243652344,99.6743484810462,97.03059092731792,98.23651890207393,74426059,1.8088836669922017,0.3806580588736842
2022-11-09,98.42205047607422,99.7671251771404,97.91185558446304,99.48883190732204,38295904,-0.5565719604492188,0.37617321360056943
2022-11-10,97.12335205078124,98.32928001394424,96.89144337150309,97.5871694093376,27864285,-1.298698425292983,0.36570832871995895
2022-11-11,99.76712036132812,100.37007728800974,98.56119235338193,98.56119235338193,77933417,2.643768310546889,0.38701175874039484
2022-11-14,100.8338851928711,102.03981308754938,100.41645242479292,100.64836109090098,55474425,1.0667648315429688,0.3956077275499069
2022-11-15,100.69475555419922,101.43685911232568,99.44244297226987,101.11218836331464,35007427,-0.139129638671875,0.3944866238172573
2022-11-16,98.8394775390625,100.92665555964749,97.5871650648788,100.6019777612793,40404167,-1.8552780151367188,0.37953683218602985
2022-11-17,98.19013214111328,99.07138935752803,96.93782670440928,98.236516707295,32894825,-0.6493453979492188,0.3743044204844759
2022-11-18,97.86546325683594,98.60757386600334,97.12335264766854,98.19013399436244,28992538,-0.32466888427734375,0.37168824537245004
2022-11-21,96.7059326171875,99.90627000237896,96.33487726362954,99.90627000237896,58404309,-1.1595306396484375,0.36234477161200096
2022-11-22,97.58717346191406,97.77270465941604,96.05658177694907,96.84506990378075,27846186,0.8812408447265625,0.36944579199714145
2022-11-23,97.81908416748048,98.32928612451492,97.35526678010068,98.05099286117036,22809651,0.23191070556642046,0.3713145236357328
2022-11-24,97.86546325683594,98.28289605118556,97.03059059084543,98.19013399436244,23737867,0.04637908935545454,0.37168824537245004
2022-11-25,98.51480865478516,98.7931019136275,97.49441183451586,97.95822921439203,27361785,0.6493453979492188,0.376920657074004
2022-11-28,97.3088836669922,98.70033574875865,96.93782836306288,98.32928044482934,33516118,-1.2059249877929545,0.3672033386218331
2022-11-29,98.42205047607422,99.85988724131587,97.3552690448264,97.40165361556004,40661568,1.113166809082017,0.37617321360056943
2022-11-30,99.8598861694336,100.138172358973,98.23652529326586,98.42204941962548,61142050,1.437835693359375,0.38775926369133173
2022-12-01,102.7355499267578,103.24575187694954,100.18455433038234,100.83389583308856,91702642,2.8756637573242045,0.4109313023953539
2022-12-02,103.89508819580078,104.35890555381776,102.17896538659625,102.78192936747656,70541914,1.159538269042983,0.4202748376333054
2022-12-05,107.46648406982422,107.69839275667204,104.49805570908865,105.10101971035128,96441799,3.5713958740234375,0.44905307125310145
2022-12-06,104.7763442993164,107.00266915977303,104.12700279210854,107.00266915977303,50581245,-2.6901397705078125,0.42737598097345075
2022-12-07,103.15298461914062,105.28654744227973,102.82831386186947,105.19378537981537,39494279,-1.6233596801757812,0.41429498245831686
2022-12-08,103.75594329833984,104.82272465497708,102.78193107668169,103.66318124065212,32416724,0.6029586791992188,0.4191536109456512
2022-12-09,102.4572525024414,105.51844992457642,101.76152645898269,104.63719976711184,35665257,-1.2986907958984375,0.4086887875425431
2022-12-12,103.61679077148438,103.98784605839252,100.83388673560968,102.22533875354704,37082389,1.1595382690429688,0.4180323227804946
2022-12-13,103.15298461914062,104.68358342032374,102.78193636928314,104.40529723293064,32264080,-0.46380615234375,0.41429498245831686
2022-12-14,104.86911010742188,105.00824965648196,103.06021811943548,103.52403548907948,38606984,1.71612548828125,0.42812348592438765
2022-12-15,102.92108154296876,105.24016861763944,102.68917283550168,104.49806500012008,34361613,-1.9480285644531108,0.41242631229722804
2022-12-16,103.01384735107422,103.98785964451147,101.5296260095266,102.36449874482416,34736665,0.09276580810545454,0.41317381724816493
2022-12-19,103.7095718383789,103.98785802762316,102.78193705298122,103.01384574933064,17297590,0.6957244873046875,0.41877995068643625
2022-12-20,102.92108154296876,103.43128353031314,101.11219645564243,103.10661275531766,34836506,-0.788490295410142,0.41242631229722804
2022-12-21,101.48324584960938,103.89509485031915,100.83389726041986,103.70957072614596,32303565,-1.4378356933593892,0.4008402622064656
2022-12-22,99.8598861694336,102.5964059583425,98.65395811622083,102.03982650197192,39639329,-1.6233596801757812,0.38775926369133173
2022-12-23,94.85065460205078,99.02501103930486,94.57236134198388,98.32928496642916,46756489,-5.0092315673828125,0.3473949799807735
2022-12-26,97.40164184570312,97.91184375295416,94.29406706894127,95.36084837128098,33995681,2.5509872436523438,0.36795078209526755
2022-12-27,103.10660552978516,103.47766085118798,98.19013844510394,98.93224908790955,76033410,5.704963684082031,0.4139212607215995
2022-12-28,102.03982543945312,104.17338825683107,101.76153217551976,103.0138447859282,50660601,-1.0667800903320312,0.4053251689570827
2022-12-29,103.6631851196289,103.8950938111717,100.97304288227416,101.11218951265818,51751642,1.6233596801757812,0.4184061674722166
2022-12-30,104.49805450439452,106.44608603600032,103.98785256829451,104.72996318856882,56048485,0.8348693847656108,0.42513352759814205
2023-01-02,110.62043762207033,111.03787040482209,105.518446788348,106.12141075688248,143444095,6.12238311767581,0.47446756333243234
2023-01-03,109.87833404541016,111.77998812661356,109.22899254696055,111.13064662816396,74419090,-0.7421035766601705,0.46848770815744356
2023-01-04,107.37372589111328,110.43492349905524,107.00267056328823,110.15663023386352,55634568,-2.504608154296875,0.44830562777966676
2023-01-05,108.11582946777344,108.53326226093746,106.21417546049008,108.06944490084798,58806907,0.7421035766601562,0.45428548295465543
2023-01-06,107.2809600830078,109.32175369885826,106.90990476813732,108.53326557806564,58551863,-0.8348693847656392,0.44755812282872975
2023-01-09,109.04347229003906,109.55366717767096,108.11583750093553,108.4405082616634,37763131,1.7625122070312642,0.4617604095090203
2023-01-10,110.2493896484375,111.08426234666828,109.04346870858556,109.13623076899086,56750710,1.2059173583984375,0.47147766648368905
2023-01-11,110.2493896484375,111.6408417863916,109.46090151905516,110.80596908816084,49321252,0.0,0.47147766648368905
2023-01-12,109.55365753173828,110.62043886073825,109.0898401780245,110.34214561759347,33740024,-0.6957321166992188,0.4658714715679154
2023-01-13,111.7335968017578,112.8003781223848,109.60004123779498,109.97109653331192,68884010,2.179939270019517,0.4834373768336663
2023-01-16,111.26978302001952,112.6612351148624,110.20300874247305,112.6612351148624,44362359,-0.46381378173828125,0.4796999750339861
2023-01-17,110.71321105957033,111.22341302631666,109.46090550526506,111.08426639199568,27880531,-0.5565719604491903,0.47521512976087166
2023-01-18,113.58887481689452,114.09907677158658,111.31617246008446,111.31617246008446,64749065,2.8756637573241903,0.4983871684648937
2023-01-19,114.6092758178711,115.30500187809136,112.3829510097079,112.98591501069043,53564076,1.0204010009765767,0.5066095384926933
2023-01-20,114.0526885986328,115.21223202512274,113.17143842541704,114.47012847854404,37784498,-0.5565872192382955,0.5021245702645738
2023-01-23,113.1714324951172,114.8875552609374,112.70761514882572,114.47012248019148,28601260,-0.8812561035155966,0.4950234269244288
2023-01-24,111.68722534179688,113.6816414702255,111.40893208581466,113.63525690179796,27707765,-1.4842071533203267,0.48306371657445135
2023-01-25,112.24380493164062,113.40334837101707,111.40893223983127,111.64084092770656,46522102,0.55657958984375,0.48754862332506843
2023-01-27,111.9191436767578,114.33099281976916,110.48130685906092,113.07868721448368,58771746,-0.3246612548828267,0.4849325096905448
2023-01-30,110.15663146972656,112.33657181387964,108.4405085212355,111.73360778406068,46551837,-1.7625122070312358,0.47073022301025447
2023-01-31,111.03787994384766,111.7336060263963,109.22899496013784,110.15662973686938,43986769,0.8812484741210938,0.4778313048728974
2023-02-01,113.21782684326172,115.16585845054756,110.6668312182396,111.40893479005284,72919626,2.1799468994140625,0.49539727161615066
2023-02-02,111.26978302001952,113.63525441216896,109.83195343505668,113.12505247981004,38768010,-1.9480438232422017,0.4796999750339861
2023-02-03,111.64083862304688,112.24380261453364,108.71878780068133,111.36255244971623,46977350,0.37105560302735796,0.4826899333602317
2023-02-06,108.95069885253906,111.31617030238128,108.53326604482172,111.31617030238128,49546361,-2.6901397705078125,0.461012843080581
2023-02-07,103.3848876953125,107.00266455314215,102.5500221012137,104.45166904890591,110953246,-5.5658111572265625,0.4161636526194057
2023-02-08,103.3848876953125,104.59081567368617,102.13258222687296,103.3848876953125,66523699,0.0,0.4161636526194057
2023-02-09,103.19937133789062,104.7763476644967,101.9934432688682,104.03424407203757,64710455,-0.185516357421875,0.4146687656725365
2023-02-10,100.92666625976562,103.19936862554638,100.46284887268452,102.96745993200582,60810058,-2.272705078125,0.39635535545584855
2023-02-13,100.88027954101562,102.59640242119758,100.55560879243389,100.92666410965224,56186469,-0.04638671875,0.3959815722416289
2023-02-14,101.34410095214844,101.9470649819674,100.41646616082444,101.62239422046235,31163587,0.4638214111328125,0.3997190355188114
2023-02-15,102.318115234375,102.5964014115816,100.92666311646758,101.11218723460532,35544190,0.9740142822265625,0.4075676223323912
2023-02-16,103.89508819580078,104.08061230809108,102.6427827446132,102.96745347976685,30956191,1.5769729614257812,0.4202748376333054
2023-02-17,104.1269989013672,104.91548700988363,103.24574873490022,103.4776574184222,34107244,0.23191070556642046,0.4221435692718968
2023-02-20,104.21976470947266,104.54443546262785,103.01384375814038,104.17338721747429,19896764,0.09276580810545454,0.4228910742228337
2023-02-21,104.9618682861328,105.93588048000744,104.59081298867486,104.72995960988298,29830864,0.742103576660142,0.4288709293978221
2023-02-22,103.10660552978516,105.47206993380637,102.64278814735454,105.05463712053545,24391211,-1.855262756347642,0.4139212607215995
2023-02-23,103.94147491455078,105.4256890754764,103.292126353508,103.4776575469308,30845778,0.834869384765625,0.4206486208475251
2023-02-24,101.80791473388672,104.7299656382903,101.62239061312428,104.35891031947384,34326940,-2.1335601806640625,0.40345643731849146
2023-02-27,98.42205047607422,102.08621216798706,97.54080025046922,101.8543034689024,56217189,-3.3858642578125,0.37617321360056943
2023-02-28,96.4276351928711,99.30330875151792,96.05658693253515,99.11777754405804,76540448,-1.994415283203125,0.36010225675919005
2023-03-01,97.86546325683594,99.34967739787946,96.93782853402232,97.12335264766854,76175319,1.4378280639648438,0.37168824537245004
2023-03-02,97.07698059082033,99.16415883395996,96.79868732748504,98.37567069089889,55276248,-0.7884826660156108,0.36533466846074425
2023-03-03,99.25691986083984,99.67435267419776,97.40165033073067,98.32928509578528,117175295,2.179939270019517,0.382900573726495
2023-03-06,98.0046157836914,99.81350077121348,97.4016517620868,99.72073870880315,106868143,-1.2523040771484375,0.3728095335376066
2023-03-08,98.79310607910156,99.16416141410583,96.47401908193956,97.67994715138056,43939583,0.7884902954101562,0.3791631719268149
2023-03-09,100.37007904052734,101.06580511634604,99.7207375340132,100.04540828727028,51967449,1.5769729614257812,0.39187038722772916
2023-03-10,100.27731323242188,100.50922191569634,98.88586113277506,99.25691644147248,47699832,-0.09276580810546875,0.39112288227679226
2023-03-13,99.07139587402344,101.11218952901348,98.65395598280392,100.41646345427256,34552596,-1.2059173583984375,0.3814056253021234
2023-03-14,98.70034790039062,100.69476421192616,98.5148166869384,99.25692738616304,48584984,-0.3710479736328125,0.37841572845338034
2023-03-15,100.78752136230467,101.2513387573661,99.62797787465114,99.72073993820506,38930902,2.0871734619140483,0.3952341287681942
2023-03-16,97.44803619384766,99.48882987314944,96.19572358256208,99.48882987314944,81088340,-3.339485168457017,0.3683246267869895
2023-03-17,99.25691986083984,99.58159061315062,97.40165033073067,98.7467179091432,48962238,1.8088836669921875,0.382900573726495
2023-03-20,96.93782806396484,98.74671293376348,96.33486408160157,98.42204219781132,41569640,-2.319091796875,0.3642133802955875
2023-03-21,97.16973876953124,97.77270276446636,96.75230596850233,97.4944095122528,26434897,0.23191070556639204,0.3660821119341786
2023-03-22,97.21612548828124,98.28289979835613,96.84507016955055,97.16974091945558,25891259,0.04638671875,0.36645589514839827
2023-03-23,97.3088836669922,97.86546308424052,96.79868173942798,96.84506630640335,20913844,0.09275817871096592,0.3672033386218331
2023-03-24,94.71150207519533,97.4480287045027,94.20130723322664,97.4016441382823,39014278,-2.597381591796875,0.34627369181561696
2023-03-27,94.89704132080078,95.91743816867452,94.71151011745626,95.12895001701264,24753289,0.18553924560545454,0.34776876319499317
2023-03-28,95.0825653076172,95.6391447622522,94.9434186746355,95.40723606637997,18703734,0.18552398681642046,0.34926371161936487
2023-03-29,96.10295867919922,96.9378313696111,94.29407374771635,95.08256186971424,37221124,1.020393371582017,0.3574860201696619
2023-03-31,96.93782806396484,97.8654627822803,96.56677276118042,97.40164542312256,34579415,0.834869384765625,0.3642133802955875
2023-04-03,96.56678009033205,97.63356151281882,96.28849390009098,97.4944148790524,21840428,-0.3710479736327983,0.3612234834468444
2023-04-05,97.26250457763672,97.40165120910808,95.73190578603526,96.56677849757166,25194802,0.6957244873046733,0.3668296168851156
2023-04-06,96.79869079589844,97.49441690187368,96.659544159245,97.26250819988194,21053782,-0.46381378173828125,0.36309221508543554
2023-04-10,97.3552703857422,98.09738106395127,96.93783755255704,96.93783755255704,19992257,0.5565795898437642,0.36757712183605273
2023-04-11,99.76712036132812,100.0454065404216,97.4944109736282,97.91185085820564,49304956,2.4118499755859233,0.38701175874039484
2023-04-12,99.8134994506836,100.5556100947314,99.2105354370562,100.37007889507365,27349538,0.04637908935546875,0.3873854804771121
2023-04-13,99.72073364257812,100.32369763354966,98.2365194875422,99.72073364257812,34880922,-0.09276580810546875,0.3866379755261752
2023-04-17,99.39606475830078,100.46284613497484,99.02500944328918,99.81349756438166,24642162,-0.32466888427734375,0.38402180041414935
2023-04-18,99.8134994506836,100.09179271152443,99.11777337587311,99.44244412865967,25476339,0.4174346923828125,0.3873854804771121
2023-04-19,100.27731323242188,102.41087594946352,99.95264249129588,100.0454045491474,62100775,0.46381378173828125,0.39112288227679226
2023-04-20,100.1845474243164,100.83388888226128,99.62796802075064,100.37007153307462,18337948,-0.09276580810546875,0.39037537732585526
2023-04-21,98.46842956542967,100.27731448667932,97.7263189387526,100.18455242766755,37638506,-1.716117858886733,0.37654693533728667
2023-04-24,98.79310607910156,98.97863020795778,97.72632464494866,98.70034401467343,23475012,0.3246765136718892,0.3791631719268149
2023-04-25,99.30329895019533,99.8134937964465,98.5611883481866,98.9786211385095,23333425,0.5101928710937642,0.38327429546321246
2023-04-26,99.11776733398438,99.30329852233275,98.19013262411592,98.79309660098866,23590297,-0.1855316162109517,0.38177928556133844
2023-04-27,99.8598861694336,100.0454102957932,98.60758062327685,98.60758062327685,22364308,0.7421188354492188,0.38775926369133173
2023-04-28,100.13817596435548,100.64837794615138,99.53521899333197,99.99903640322206,30072920,0.2782897949218892,0.39000171706664044
2023-05-02,102.318115234375,102.82831009789952,100.18455248933373,100.18455248933373,52822162,2.179939270019517,0.4075676223323912
2023-05-03,101.76152801513672,102.96745600648966,100.88027784419594,101.85429715084956,51272624,-0.5565872192382812,0.4030826541042718
2023-05-04,103.01384735107422,103.80233551546397,101.57601058043444,102.03982798034508,38636907,1.2523193359375,0.41317381724816493
2023-05-05,100.78752136230467,102.8283150696582,100.55561266477396,102.8283150696582,32958346,-2.2263259887695455,0.3952341287681942
2023-05-08,101.62238311767578,101.90066927829366,100.4164551897919,101.34408987976688,23130472,0.834861755371108,0.40196142741661756
2023-05-09,101.62238311767578,103.15297469430168,101.2513278262276,101.66876060579992,27999202,0.0,0.40196142741661756
2023-05-10,101.34410095214844,102.03982704564145,100.74113692232947,101.66877171365348,19213215,-0.27828216552734375,0.3997190355188114
2023-05-11,100.69475555419922,101.576005741128,100.4164622965946,101.29771248352336,19817637,-0.6493453979492188,0.3944866238172573
2023-05-12,99.02500915527344,100.55560790193736,98.83948503695296,100.50922333371152,36794838,-1.6697463989257812,0.38103184208790386
2023-05-15,99.90625762939452,100.37007499457702,98.00461067852108,99.30330071649034,22148028,0.8812484741210795,0.38813292395054655
2023-05-16,99.6279754638672,100.78751892346226,99.442444263957,100.37007903163304,18587658,-0.27828216552731533,0.3858905320527406
2023-05-17,98.32928466796876,99.7207368094966,97.91185185642702,99.62797474885306,28895465,-1.2986907958984375,0.37542570864963254
2023-05-18,97.58717346191406,99.39606548177775,97.49441140180885,98.79310147515652,24208481,-0.7421112060547017,0.36944579199714145
2023-05-19,97.07698059082033,98.05099285791049,96.5204011414414,97.95823079589594,29848841,-0.5101928710937358,0.36533466846074425
2023-05-22,97.40164184570312,97.63355051676432,96.75230039764816,97.40164184570312,21588716,0.3246612548827983,0.36795078209526755
2023-05-23,97.9582290649414,98.37566895256803,97.40164962539744,97.49441168577285,21304034,0.5565872192382812,0.37243575032338694
2023-05-24,97.58717346191406,98.14375997712844,97.3088872815984,97.49441140180885,28454367,-0.37105560302734375,0.36944579199714145
2023-05-25,97.26250457763672,97.58717533287542,96.75230969863068,97.40165120910808,25885062,-0.32466888427734375,0.3668296168851156
2023-05-26,98.70034790039062,99.02501867731684,97.35527314270752,97.40165771539364,28362042,1.4378433227539062,0.37841572845338034
2023-05-29,100.60198974609376,100.97304507608234,98.60758061732714,99.25692213683836,41062311,1.9016418457031392,0.3937391188663205
2023-05-30,99.30329895019533,101.06579924470638,99.16415232765728,101.06579924470638,33475211,-1.2986907958984375,0.38327429546321246
2023-05-31,98.14376831054688,99.21054270827436,97.9582370972914,98.70034779572909,41249944,-1.1595306396484517,0.37393082170276326
2023-06-01,98.28289794921876,98.97862400476478,98.14375839994268,98.2365204585572,21211538,0.1391296386718892,0.375051925435413
2023-06-02,100.1845474243164,100.46284066474485,98.79309537675644,98.79309537675644,46686933,1.901649475097642,0.39037537732585526
2023-06-05,101.48324584960938,101.947063237334,99.99903162434886,100.7875197680224,39642539,1.2986984252929688,0.4008402622064656
2023-06-06,101.11219024658205,101.90067838809246,100.4628487364656,101.80791632626035,26751372,-0.37105560302732954,0.39785030388022025
2023-06-07,103.4312744140625,103.66318310108954,101.01942548443952,101.57600491784612,45157197,2.3190841674804545,0.41653743583362535
2023-06-08,103.10660552978516,104.82272842932012,102.92107433043796,103.43127628202826,46380294,-0.32466888427734375,0.4139212607215995
2023-06-09,101.0194320678711,103.57042779141686,100.78752336573056,103.19937245253364,36392617,-2.0871734619140625,0.39710286040678555
2023-06-12,101.57601165771484,102.5964085328819,101.2513408897924,101.2513408897924,23472313,0.55657958984375,0.40158776715740263
2023-06-13,103.10660552978516,103.7559470342714,101.7151533824933,102.0398241347364,30018212,1.5305938720703125,0.4139212607215995
2023-06-14,105.5648422241211,105.75036635171617,103.33851730652134,103.43127937031886,66696433,2.4582366943359375,0.4337296808401614
2023-06-15,105.51844787597656,105.935880663031,105.05463052267557,105.6575944974251,39430138,-0.04639434814453125,0.4333558361484393
2023-06-16,105.98226928710938,106.49247122619146,105.61121397480343,106.12141591388551,31715807,0.4638214111328125,0.4370932994256218
2023-06-19,105.84312438964844,107.23457652556132,104.86911214088435,107.09542989651172,33502185,-0.1391448974609375,0.43597207273796756
2023-06-20,105.98226928710938,106.90990402922849,105.28654323052004,105.84312266033322,30371599,0.1391448974609375,0.4370932994256218
2023-06-21,105.65760040283205,106.58523516128132,104.68358107554369,106.58523516128132,35627983,-0.32466888427732954,0.4344771243135961
2023-06-22,106.4239273071289,107.47762811050995,105.89708055957942,105.94497173211188,34769987,0.7663269042968608,0.44065217055851014
2023-06-23,104.987060546875,106.08865983070125,104.60389462533344,105.84918204327302,22190233,-1.4368667602539062,0.4290739281105449
2023-06-26,105.22653198242188,105.56179940292692,103.55018757161498,104.98705420944948,25332751,0.239471435546875,0.4310035839539538
2023-06-27,106.08866119384766,106.80709456536354,105.51391595829136,105.94497305788803,24129403,0.8621292114257812,0.43795060319573575
2023-06-28,106.85498809814452,107.3339436569739,106.23234441001,106.80708961894886,23895274,0.7663269042968608,0.4441256494406498
2023-06-30,107.28604888916016,107.47762819600652,105.75339250954286,106.9028829671853,26741918,0.4310607910156392,0.4475991283227898
2023-07-03,108.33975219726562,109.44135150779704,107.33394985065348,107.52552916192752,30979256,1.0537033081054688,0.45608984764829796
2023-07-04,107.6692123413086,108.62712347013112,107.38183607934906,108.43553685939746,25080307,-0.6705398559570312,0.4506866514452469
2023-07-05,108.19606018066406,108.77081271044491,107.47762682672,107.81290157185283,27877180,0.5268478393554688,0.45493198036924987
2023-07-06,107.90869140625,108.10027071097907,106.80709213335274,107.28604770345746,34320086,-0.2873687744140625,0.4526163687661582
2023-07-07,106.9028778076172,108.53133107034398,106.56761038267636,107.28604371109888,30034274,-1.0058135986327983,0.4445115437228304
2023-07-10,110.44715881347656,110.83031742787486,106.95078164497627,107.52552687485584,60652690,3.544281005859361,0.4730712862993144
2023-07-11,110.303466796875,111.2134794364668,109.96819936693495,110.73452387704334,37999385,-0.1436920166015625,0.4719134190202662
2023-07-12,109.87240600585938,111.16559190526957,109.20187112402468,110.30347040842346,32771204,-0.431060791015625,0.4684399401381264
2023-07-13,110.0160903930664,112.0277022783401,109.68082296356776,111.11768963994638,44847814,0.14368438720703125,0.4695977459396722
2023-07-14,112.21929168701172,112.93772504312794,109.9682019661706,110.83031614688446,34521821,2.2032012939453125,0.487351096110054
2023-07-17,112.79403686523438,114.3266932293476,112.17139316185904,112.98561617014276,49115369,0.5747451782226562,0.4919823807937397
2023-07-18,111.69243621826172,113.17720139203652,111.50085691570844,113.03351326098058,23433431,-1.1016006469726562,0.4831057057085487
2023-07-19,111.78822326660156,112.26717882011448,111.21347806404242,111.78822326660156,17222355,0.09578704833984375,0.4838775557504119
2023-07-20,112.0277099609375,112.31508623923357,111.45296471262772,111.78823216511825,22303831,0.2394866943359375,0.4858073345488255
2023-07-21,111.69243621826172,112.98561478120128,110.63873543765472,111.69243621826172,31546136,-0.33527374267578125,0.4831057057085487
2023-07-24,110.63874053955078,111.59665171305338,109.53714122836632,111.59665171305338,38113555,-1.0536956787109375,0.47461504786054287
2023-07-25,114.23090362548828,114.85354732912847,109.53713757041558,110.15978127405576,88035259,3.5921630859375,0.5035606232417049
2023-07-26,114.90143585205078,115.5240795413352,113.84773508233658,114.7577550307621,29716336,0.6705322265625,0.5089637579672537
2023-07-27,114.75775909423828,116.33830665063452,114.13511538290656,115.18881618993142,39664251,-0.1436767578125,0.5078060136432102
2023-07-28,115.52408599853516,116.0030415850202,113.70405330823554,115.14092006769069,33996691,0.766326904296875,0.5139810598881244
2023-07-31,117.96675872802734,118.6372936048482,115.52408238994194,115.52408238994194,52330311,2.4426727294921875,0.5336640659019152
2023-08-01,118.0146484375,118.92466839708582,117.39201204886152,118.34992318003697,27863562,0.04788970947265625,0.5340499601840956
2023-08-02,113.94352722167967,117.72728061104334,113.27299234674535,117.72728061104334,54951586,-4.071121215820327,0.5012449501611108
2023-08-03,113.22509765625,114.61407324122246,112.55456275887175,113.70405324245796,34624188,-0.7184295654296733,0.49545585967587946
2023-08-04,113.99142456054688,114.70985790861756,113.03351342978596,114.3745904745076,22303966,0.766326904296875,0.5016309059207937
2023-08-07,113.84773254394533,114.5661658674977,113.03350957224228,114.5661658674977,20711952,-0.1436920166015483,0.5004730386417456
2023-08-08,113.1772003173828,114.47037886804324,112.98561370836676,113.99142330792591,21275054,-0.6705322265625284,0.49506990391619665
2023-08-09,115.1409149169922,115.42829117934066,111.97981257256862,113.3687807879284,34154214,1.9637145996094034,0.5108934752881651
2023-08-10,114.94933319091795,115.57197687402513,114.23089985847471,114.94933319091795,24439101,-0.19158172607424717,0.5093497137269363
2023-08-11,115.23670959472656,116.29041035533584,114.13511035524704,115.23670959472656,26337436,0.28737640380860796,0.5116653868075304
2023-08-14,113.1772003173828,115.33250033791082,112.41086849788232,115.23671068754372,33095516,-2.059509277343764,0.49506990391619665
2023-08-16,111.06979370117188,112.98561598016256,110.54294695941864,112.98561598016256,31252473,-2.1074066162109233,0.47808846526518034
2023-08-17,111.16558837890624,111.88402171877438,109.87240252051816,111.02190024927626,28461865,0.09579467773436079,0.47886037678454574
2023-08-18,110.92611694335938,111.50086218647,109.92030728670407,111.40507253066528,30381609,-0.2394714355468608,0.47693072094113687
2023-08-21,111.97981262207033,112.17139192486604,110.97400301168796,111.83612449083256,22629651,1.0536956787109517,0.4854213787891428
2023-08-22,112.60245513916016,112.79403443994924,111.59664553931285,112.21928922930012,17343131,0.6226425170898295,0.4904386192325111
2023-08-23,113.94352722167967,114.2309034870984,112.69824712418996,112.88982642894776,43744909,1.341072082519517,0.5012449501611108
2023-08-24,113.27298736572266,115.0451214357922,113.08140806938928,114.4703762385104,27103446,-0.670539855957017,0.49584175395805985
2023-08-25,111.97981262207033,113.1772015352484,111.78822601099266,113.03351340401063,23692527,-1.2931747436523295,0.4854213787891428
2023-08-28,112.65035247802734,113.27299620210552,112.0756072359099,112.0756072359099,19218821,0.670539855957017,0.4908245749921939
2023-08-29,114.51828002929688,115.0930252532414,112.7940370491813,113.51247040618244,36038317,1.8679275512695312,0.5058762963222989
2023-08-30,116.96094512939452,117.53569033403328,115.18881103664104,115.428288814264,51467177,2.442665100097642,0.5255592408585873
2023-08-31,117.72727966308594,118.397814532621,117.0088463136061,117.67938118314116,60626985,0.7663345336914205,0.5317343485810039
2023-09-01,121.7026138305664,123.28316137234664,118.20623669152728,118.3020263443197,76460408,3.9753341674804688,0.5637675085621254
2023-09-04,126.2047882080078,127.30638013321702,123.42685184739813,123.76211196454013,68525900,4.502174377441392,0.6000459359897474
2023-09-05,126.15689086914062,126.87532420508852,123.42685296247674,126.2047893481832,36466807,-0.04789733886717329,0.5996599802300648
2023-09-06,124.14529418945312,126.82743378755886,122.8042097738357,126.82743378755886,36058850,-2.0115966796875,0.5834505760534185
2023-09-07,124.67212677001952,125.294777769699,123.1873762231184,124.0494903869038,30268235,0.526832580566392,0.5876957820224167
2023-09-08,124.04949188232422,126.1089949742855,123.7621156187435,125.86951719072889,34313523,-0.6226348876952983,0.5826786030565507
2023-09-11,125.63003540039062,126.30058486621412,123.76211167153647,124.04948792595177,33377857,1.5805435180664062,0.5954145898285594
2023-09-12,123.5705337524414,127.54585903041,123.23525901578996,127.21059891032218,38065283,-2.0595016479492188,0.5788191684147281
2023-09-13,124.0973892211914,125.00740186702558,122.32524779254292,124.14528770077506,23371459,0.52685546875,0.5830645588162334
2023-09-14,126.15689086914062,128.55166865563365,125.29477671262858,125.48635601223528,58800620,2.0595016479492188,0.5996599802300648
2023-09-15,126.39637756347656,127.68956350602636,124.38477285086698,127.0190286018232,85058495,0.2394866943359375,0.6015897590284784
2023-09-18,124.95950317382812,129.31800171034126,124.57634457094152,129.31800171034126,62420823,-1.4368743896484375,0.5900114551030107
2023-09-20,122.9000015258789,126.25269049788967,122.61262526210804,124.9595046192028,43627379,-2.0595016479492188,0.5734160336891794
2023-09-21,122.4210433959961,123.81001158915748,121.8462908804848,122.89999895340095,29826091,-0.4789581298828125,0.5695565990473569
2023-09-22,121.4152374267578,123.28316123308744,120.21784849749984,121.79840334577678,34059194,-1.0058059692382955,0.5614518354815313
2023-09-25,122.03787994384766,122.90000142617886,120.7925925462268,121.94209029209571,23466981,0.622642517089858,0.5664690759248998
2023-09-26,123.47473907470705,125.055301212529,122.9957835086817,123.57053603453768,48936598,1.4368591308593892,0.5780472568953628
2023-09-27,122.75630950927734,123.3310620528484,121.36734124830572,123.3310620528484,33277329,-0.7184295654297017,0.5722581664101313
2023-09-28,121.463134765625,123.85791260163272,120.98417919842346,122.94789994726258,29982233,-1.2931747436523438,0.5618377912412141
2023-09-29,123.47473907470705,124.09739008047832,122.18156781637695,122.80420420558434,28406435,2.0116043090820455,0.5780472568953628
2023-10-03,122.61262512207033,123.66633321583868,121.89419177174568,123.57053625583649,18613557,-0.8621139526367188,0.5711003606085855
2023-10-04,120.0262680053711,121.75050366148496,119.25993617491028,121.65471400974783,33272725,-2.586357116699233,0.5502595487932488
2023-10-05,119.9783706665039,120.84049215690166,119.30783578968456,120.60101437114018,27063441,-0.0478973388671875,0.5498735930335661
2023-10-06,120.60101318359376,121.6547139689122,119.83468135339018,121.17575840210544,21928671,0.622642517089858,0.5548908334769346
2023-10-09,118.63729095458984,119.6431005556342,117.4399020525284,119.54731090512566,21457836,-1.9637222290039205,0.5390672006274639
2023-10-10,120.0262680053711,120.60101322407571,118.54150282445902,119.45151547838452,28745957,1.38897705078125,0.5502595487932488
2023-10-11,119.69099426269533,120.98418015094649,119.45151647720913,120.69680388505022,24455932,-0.33527374267576704,0.5475579199529722
2023-10-12,120.60101318359376,121.55892431720724,119.83468135339018,120.07415913679355,19361688,0.9100189208984375,0.5548908334769346
2023-10-13,119.78679656982422,120.45733147580002,118.78098690257816,119.73889808727635,26912800,-0.8142166137695455,0.5483298929498399
2023-10-16,121.65471649169922,121.89419428006872,119.69099570375658,119.8346838384347,23868700,1.867919921875,0.5633815528024426
2023-10-17,122.03787994384766,123.13947920969964,121.654714028558,122.51683551088922,24241710,0.3831634521484375,0.5664690759248998
2023-10-18,121.75050354003906,123.28315989114988,121.27154797354932,122.4689368897737,20926079,-0.28737640380859375,0.5641534028443058
2023-10-19,120.6968002319336,121.17575578840952,119.11624543390668,120.21784467545768,30941319,-1.0537033081054688,0.5556626835187976
2023-10-20,117.91885375976562,120.4573196108352,117.53568786197144,119.73888629307672,30746140,-2.7779464721679688,0.5332780486647302
2023-10-23,114.94933319091795,118.206232426317,114.66195693462797,118.15833394750808,30699479,-2.9695205688476705,0.5093497137269363
2023-10-25,116.24251556396484,117.63149110416396,115.66777034069852,116.09882743107777,27346103,1.2931823730468892,0.5197701503733559
2023-10-26,114.85354614257812,115.81145727419548,113.89563501096076,115.76355879430184,36298907,-1.3889694213867188,0.5085778636850733
2023-10-27,114.85354614257812,116.67357875430751,114.4703802282748,115.42829135989216,28424007,0.0,0.5085778636850733
2023-10-30,114.13511657714844,116.14672855856824,113.9435299595052,115.95514924920718,18753217,-0.7184295654296875,0.5027887731998418
2023-10-31,113.75194549560548,115.09302252521005,113.4166780652748,114.9493343955592,22319950,-0.38317108154295454,0.49970118859988255
2023-11-01,111.69243621826172,114.08721404158756,111.1176910023199,113.99142439031093,24717941,-2.059509277343764,0.4831057057085487
2023-11-02,113.12930297851562,113.56036737193593,109.7766140238958,109.7766140238958,72538804,1.4368667602539062,0.49468394815651406
2023-11-03,112.36297607421876,113.60825613167232,112.1713894673385,113.22509022619364,31747230,-0.7663269042968608,0.4885089019116
2023-11-06,114.37458801269533,114.61406579023098,112.55455544176782,113.51246655191052,27883152,2.0116119384765625,0.5047184290432509
2023-11-07,114.61407470703124,115.14092147362854,113.41668572619784,114.27880725405436,25818033,0.23948669433590908,0.5066482078416643
2023-11-08,114.0393295288086,115.42829782412622,113.56037393617736,114.70986443517936,22552386,-0.574745178222642,0.5020169231579787
2023-11-09,114.61407470703124,115.42829775234148,113.84774283598492,114.1830102889618,22979112,0.574745178222642,0.5066482078416643
2023-11-10,114.99723815917967,115.38039677814616,113.79984920420398,114.4703840956775,23584510,0.3831634521484375,0.5097357309641214
2023-11-13,115.9072494506836,116.14672723880484,114.85354864460652,115.76356131615442,17951775,0.9100112915039205,0.5170685830105816
2023-11-15,118.8288803100586,119.16414774872754,116.38620397008955,116.5777832755341,38344393,2.921630859375,0.5406110236661948
2023-11-16,119.4515151977539,119.9783692434932,117.8230691972029,118.78098032888748,30836413,0.6226348876953125,0.5456282026320608
2023-11-17,119.93047332763672,120.45732738463984,119.06835913731469,119.45151775155466,23319439,0.4789581298828125,0.5494876372738834
2023-11-20,119.11624908447266,120.36153649278722,118.82888012674916,119.7867912690582,18780290,-0.8142242431640625,0.5429266352692864
2023-11-21,120.936279296875,121.0799674270029,119.6909919134756,119.78678887241549,29643312,1.8200302124023438,0.5575924008397088
2023-11-22,120.79258728027344,121.55891907744449,120.21784208653597,121.079963531283,19588063,-0.1436920166015625,0.5564345335606606
2023-11-23,121.36734008789062,122.03788227955162,120.60101555092648,121.0320726462012,30736851,0.5747528076171875,0.5610658797218486
2023-11-24,120.6489028930664,121.65471249448316,120.26574429089038,121.36733623456928,14719450,-0.7184371948242188,0.5552767277591149
2023-11-28,121.51102447509766,121.65471260518537,120.69680148230988,121.65471260518537,18377843,0.86212158203125,0.5622236855233945
2023-11-29,122.37315368652344,122.75631231328002,121.36734402058154,121.7984084381062,23092165,0.8621292114257812,0.5691707047651765
2023-11-30,122.51683807373048,123.42685805511468,121.17576099630466,122.4210484199748,40165104,0.14368438720704546,0.5703285105667224
2023-12-01,124.52845001220705,124.8158262817019,122.66052618533678,123.47474189624728,31192397,2.0116119384765625,0.5865380376983733
2023-12-04,125.4863510131836,126.77953681299812,124.91159852069646,126.6358413815948,41230928,0.9579010009765483,0.5942567840270137
2023-12-05,126.06110382080078,126.87531946786936,124.52844024804575,125.48635132687689,35192149,0.5747528076171875,0.5988881301882016
2023-12-06,126.30059051513672,127.78534109898963,125.29478088797909,126.92322691374832,40753593,0.2394866943359375,0.6008179089866152
2023-12-07,124.52845001220705,126.6358516275623,124.33687070473188,126.15689605059228,34686333,-1.7721405029296733,0.5865380376983733
2023-12-08,123.76212310791016,125.86952480741988,122.56473411767,124.67213581717972,34393711,-0.7663269042968892,0.580362991453459
2023-12-11,124.57634735107422,125.00740444308238,123.33105993905636,124.3847680453555,24038059,0.8142242431640625,0.5869239934580559
2023-12-12,124.6242446899414,126.5879508262736,124.24107146545018,124.5763462098095,30696410,0.0478973388671875,0.5873099492177387
2023-12-13,125.86951446533205,125.965311423306,123.71421445999027,125.05529878880778,22767972,1.2452697753906392,0.5973443071494708
2023-12-14,126.44426727294922,127.64165616757944,125.96531171509714,126.7316435309732,43372143,0.5747528076171733,0.6019756533106588
2023-12-15,130.70697021484375,130.99434647594651,127.4021797535714,127.78533835733252,77377446,4.262702941894531,0.6363244248948718
2023-12-18,130.85067749023438,131.8085887028523,129.4138106713075,131.09015529338888,38461877,0.143707275390625,0.6374824151289247
2023-12-19,129.70115661621094,131.8085727217086,129.12641872826342,130.8985454868058,27726431,-1.1495208740234375,0.6282195998515441
2023-12-20,124.28897094726562,130.41959642289433,123.33105980316338,130.18011863686877,39495961,-5.4121856689453125,0.5846083203774619
2023-12-21,125.4863510131836,125.9174080742674,122.46892966075228,123.283152614067,34914399,1.1973800659179688,0.5942567840270137
2023-12-22,127.92903900146484,129.07852947608367,126.20479598125436,126.82743239184164,37357334,2.44268798828125,0.6139399129958092
2023-12-26,129.50958251953125,130.3717113109087,128.79114916833203,129.03062695206512,25936447,1.5805435180664062,0.6266758997678179
2023-12-27,131.4254150390625,133.05386117213462,129.7969689059904,130.13224367598986,48101400,1.91583251953125,0.642113638335108
2023-12-28,132.33541870117188,132.91017123421574,131.09014590718365,132.33541870117188,34661176,0.910003662109375,0.6494464289040658
2023-12-29,133.72439575195312,135.30494322440936,131.37750185764182,132.76648464947942,49202910,1.38897705078125,0.6606387770698505
2024-01-01,133.96388244628906,135.01757595922226,133.19755058997845,134.10756327460035,21186105,0.2394866943359375,0.6625685558682641
2024-01-02,133.72439575195312,134.68230685442683,131.28171951733253,134.58650989755407,27764060,-0.2394866943359375,0.6606387770698505
2024-01-03,129.65328979492188,133.7244124900106,128.6953785725481,133.6286155211471,45176618,-4.07110595703125,0.6278338900018707
2024-01-04,128.59957885742188,130.61119822807458,128.3601010569425,130.27592346077748,43913498,-1.0537109375,0.6193431091988602
2024-01-05,128.0248260498047,130.22802473340042,127.25850878295827,129.3180120165966,71330190,-0.5747528076171875,0.6147117630376722
2024-01-08,126.44426727294922,130.22801325666794,126.20478949402316,129.60537687808568,39559717,-1.5805587768554688,0.6019756533106588
2024-01-09,128.0248260498047,129.12643269988502,126.92323401628929,127.88114521641222,30736868,1.5805587768554688,0.6147117630376722
2024-01-10,128.45590209960938,129.03064006905706,126.5400796349862,128.16852580660282,27213624,0.4310760498046875,0.6181853648748168
2024-01-11,129.2222137451172,129.9406471379549,128.55167883511496,129.17432987884652,23113349,0.7663116455078125,0.6243602881647261
2024-01-12,129.60537719726562,130.51538983611294,128.9827262005863,130.08433275629724,32883921,0.3831634521484375,0.6274478112871833
2024-01-15,129.2222137451172,130.51539969885098,128.31220103750238,130.27592190123843,34158775,-0.3831634521484375,0.6243602881647261
2024-01-16,131.47329711914062,132.6706859817922,128.3600860762466,129.03062091601882,56361287,2.2510833740234375,0.642499471139786
2024-01-17,126.10900115966795,130.03644284925474,125.86952336436548,129.74906657157882,58982971,-5.3642959594726705,0.5992740859478842
2024-01-18,125.4863510131836,126.68373985872924,122.80419707584872,126.1089873662421,45273496,-0.6226501464843608,0.5942567840270137
2024-01-19,128.59957885742188,129.03063597497174,126.06112001896652,127.01903122088402,32653013,3.1132278442382812,0.6193431091988602
2024-01-23,124.6242446899414,129.50958271555191,123.8579128575229,129.12642410762464,35373970,-3.9753341674804688,0.5873099492177387
2024-01-24,129.46168518066406,129.84485840795298,124.62424559986565,124.72002794426484,39340119,4.837440490722656,0.6262899440081351
2024-01-25,128.12060546875,130.7548609082944,126.44426109813084,130.7548609082944,61358839,-1.3410797119140625,0.6154835516020329
2024-01-29,129.3179931640625,129.70115174162717,127.88112657335068,129.03061692260758,29745400,1.1973876953125,0.6251320767290869
2024-01-30,129.0306396484375,131.90437333600434,128.83906032591278,129.89276852464678,35704185,-0.287353515625,0.6228165880809999
2024-01-31,130.22802734375,130.9464607582428,128.8390589990436,129.31801460870548,36079354,1.1973876953125,0.6324651132080541
2024-02-01,129.1264190673828,130.9943427871038,128.83904281437265,130.65906805583137,31701793,-1.1016082763671875,0.6235883766453607
2024-02-02,132.8622589111328,133.7243876208757,129.12641168526804,129.6053672073821,69296192,3.73583984375,0.6536916963505663
2024-02-05,135.5923309326172,137.31657398603784,133.48492925246512,134.1075656750448,80737626,2.730072021484375,0.6756905598774581
2024-02-06,138.5618438720703,138.99291558864303,134.53861991105188,136.9812962998516,53192936,2.969512939453125,0.6996188333377493
2024-02-07,138.32235717773438,141.19609048156457,137.9870970622256,140.6692510691131,61517064,-0.2394866943359375,0.6976890545393357
2024-02-08,137.6039276123047,139.51974986721495,137.0291897057699,139.18448974254397,38997666,-0.7184295654296875,0.6918999640541044
2024-02-09,135.35284423828125,138.37025842097034,133.29332655944577,138.13078064086602,35961925,-2.2510833740234375,0.6737607810790445
2024-02-12,131.6169891357422,136.933399061618,130.89855575701748,136.02338637187958,36477544,-3.7358551025390625,0.6436573384188342
2024-02-13,132.0480499267578,132.43120851707158,128.45588333045387,131.95225297089772,39155909,0.431060791015625,0.647130817300974
2024-02-14,135.25704956054688,135.54442582483105,130.0364367895464,131.23382571026045,29141690,3.2089996337890625,0.6729888695596791
2024-02-15,135.25704956054688,137.41234961783218,135.06547025654544,135.54442582483105,31587387,0.0,0.6729888695596791
2024-02-16,136.31076049804688,137.41235248143482,135.54442864950713,136.07128270891346,22316127,1.0537109375,0.6814796503626896
2024-02-19,135.97549438476562,137.3165788590465,135.40075642427257,136.9334056021526,16973568,-0.33526611328125,0.6787780829999153
2024-02-20,135.11337280273438,136.26286327789938,134.15546163733617,135.97548700496702,24291123,-0.86212158203125,0.6718311252356355
2024-02-21,137.84339904785156,140.04659746287578,135.49651981694967,135.59231677191025,88000833,2.7300262451171875,0.6938296198975133
2024-02-22,139.7592315673828,139.9987093559606,137.46025064366157,138.8971173751284,46728176,1.91583251953125,0.7092673584648035
2024-02-23,139.3281707763672,140.90873290900382,138.8971136916713,140.2381834255171,28414697,-0.431060791015625,0.7057938795826637
2024-02-26,136.64601135253906,139.80712087772514,136.26285276257366,139.71133853851543,22570277,-2.682159423828125,0.6841810947704592
2024-02-27,138.1307830810547,138.41815934556936,136.02338150222042,136.64601789486554,24119469,1.484771728515625,0.6961453544556095
2024-02-28,134.82598876953125,138.84921250932356,134.1554539156598,137.9870983567122,20721926,-3.3047943115234375,0.6695153906775393
2024-02-29,134.92178344726562,135.87969454134188,133.5328006676044,134.87388496924913,32248156,0.095794677734375,0.6702873021969047
2024-03-01,143.63877868652344,144.30931358999868,136.981298901011,136.981298901011,123709943,8.716995239257812,0.7405286684040617
2024-03-04,146.6562042236328,148.38043261580668,144.69248342525225,148.38043261580668,67577785,3.017425537109375,0.7648430205790406
2024-03-05,145.4588165283203,147.51831969035862,144.40510839819197,146.75198783358934,37165490,-1.1973876953125,0.7551944954519865
2024-03-06,145.21932983398438,146.22512480423438,141.6750470407782,145.41090913229087,51782444,-0.2394866943359375,0.7532647166535729
2024-03-07,150.63153076171875,152.45155612938402,145.84197493463708,145.98565576282377,124847699,5.412200927734375,0.7968761190826597
2024-03-11,146.991455078125,152.21206763938605,146.56039800729857,152.21206763938605,54155385,-3.64007568359375,0.7675444649868102
2024-03-12,146.08145141601562,148.04517221082247,144.5487877184678,147.70989745930754,34947937,-0.910003662109375,0.7602116744178526
2024-03-13,137.6039276123047,146.4646055412647,136.5023356623568,146.36882319845748,70937597,-8.477523803710938,0.6918999640541044
2024-03-14,136.45443725585938,137.89130394781276,132.52701040112512,137.55604382296193,91956952,-1.1494903564453125,0.682637394686733
2024-03-15,135.7360076904297,137.6518299997274,133.96388082426785,136.88549815269545,68482621,-0.7184295654296875,0.6768483042015017
2024-03-18,143.3992919921875,143.92614603242427,136.2149585795873,136.5502333188008,166913078,7.6632843017578125,0.7385988896056481
2024-03-19,142.48928833007812,146.03355678035368,141.38769631734542,142.72876612559085,105004268,-0.910003662109375,0.7312660990366906
2024-03-20,139.51976013183594,144.30931612148447,137.7955316688144,143.30352105691023,77550319,-2.9695281982421875,0.7073377026213945
2024-03-21,143.78245544433594,144.83614883667332,141.57925709081198,141.77083637882214,84225737,4.2626953125,0.7416864127281053
2024-03-22,145.41091918945312,146.32093188177151,142.10612856126284,142.72876497796372,68241556,1.6284637451171875,0.7548085396923039
2024-03-26,145.9856414794922,146.94355255118586,144.1656162898994,144.78825263987508,52965508,0.5747222900390625,0.7594396399434824
2024-03-27,146.2730255126953,147.614109854411,145.60249065011936,146.0335477320208,35328794,0.287384033203125,0.7617553745015788
2024-03-28,149.29046630859375,150.39205834153955,146.2730372598277,146.2730372598277,62575327,3.0174407958984375,0.7860698496315621
2024-04-01,156.28318786621094,157.00162118085774,149.9130849896345,150.20046123880587,84583929,6.9927215576171875,0.8424170544001508
2024-04-02,157.72006225585938,158.5342925658139,154.99002429581242,156.09161625251426,69533405,1.4368743896484375,0.8539953583256183
2024-04-03,156.76214599609375,159.2527207079258,156.2353065832431,157.7200570980963,50938559,-0.957916259765625,0.8462764890419732
2024-04-04,156.52267456054688,158.96535089290674,154.22369366924585,158.58219228321124,61094750,-0.239471435546875,0.8443468331985644
2024-04-05,156.4747772216797,157.24109437507803,154.0321010996748,157.00161661050035,44668121,-0.0478973388671875,0.8439608774388816
2024-04-08,158.24691772460938,159.92326222299835,157.2890065826728,159.92326222299835,48255703,1.7721405029296875,0.8582407487271235
2024-04-09,159.0132598876953,162.65332538675074,158.2469280010681,159.0132598876953,63884687,0.7663421630859375,0.8644159179270425
2024-04-10,158.10324096679688,162.07856646146442,157.5763869018668,160.25854109159445,64134758,-0.9100189208984375,0.8570830044030802
2024-04-12,156.61846923828125,159.01324705538033,156.13951367486143,159.01324705538033,55317636,-1.484771728515625,0.8451187447179298
2024-04-15,154.0800018310547,157.76795068959098,151.92470191831012,154.99001442645647,66426404,-2.5384674072265625,0.8246638271847735
2024-04-16,153.3136749267578,155.612655726857,152.3078653455031,154.08000673231203,41391261,-0.766326904296875,0.8184887809398593
2024-04-18,153.3136749267578,157.09742085951265,152.451546164298,154.12789059420135,68093672,0.0,0.8184887809398593
2024-04-19,155.2773895263672,155.66054810584873,150.67941348977416,153.26577044268186,60078229,1.963714599609375,0.8343123523118277
2024-04-22,155.03793334960938,157.767971495849,154.70265858345272,156.90585726368172,39304790,-0.2394561767578125,0.8323828194234233
2024-04-23,154.36737060546875,156.61846757627927,154.03211048457086,156.61846757627927,30295177,-0.670562744140625,0.8269794387878653
2024-04-24,158.5821990966797,159.87537042238597,154.6547574040206,155.6126685859799,59894921,4.2148284912109375,0.8609424390449028
2024-04-25,160.64169311523438,160.92906937671987,157.24110569021116,158.43849459926415,50128523,2.0594940185546875,0.8775377989812316
2024-04-26,158.82167053222656,163.51542928924192,158.29481647993364,160.9290721248342,65355111,-1.8200225830078125,0.8628720948883115
2024-04-29,160.3543243408203,162.46174061240157,159.8753687548363,161.12065620170765,44906151,1.53265380859375,0.8752221873781401
2024-04-30,158.05532836914062,161.3122201980007,157.57637282862808,161.3122201980007,55043389,-2.2989959716796875,0.8566969256883927
2024-05-02,160.30642700195312,161.79117750046083,158.05533009040388,158.05533009040388,69320283,2.2510986328125,0.8748362316184572
2024-05-03,159.49220275878906,163.5633250514308,158.19901688979496,161.83908209829332,62573586,-0.8142242431640625,0.8682752296138603
2024-05-06,160.54591369628906,161.5517087049599,157.7679626067562,160.88117382699133,37621296,1.0537109375,0.8767660104168709
2024-05-07,157.33689880371094,160.88116696456098,155.46897507455947,160.88116696456098,43611824,-3.209014892578125,0.8509078352031612
2024-05-08,159.06114196777344,160.06695155171053,156.61846572580146,157.28900057623835,30128705,1.7242431640625,0.8648017507317205
2024-05-09,155.08580017089844,159.6837763424144,154.7026415801735,158.96534302238263,30223088,-3.975341796875,0.8327685292730966
2024-05-10,155.42108154296875,157.43270077166048,155.03792293586744,156.3310941972573,31472419,0.3352813720703125,0.8354702195908759
2024-05-13,156.95375061035156,157.5763870224772,151.39786291664132,155.61266620617906,36561003,1.5326690673828125,0.8478204350357088
2024-05-14,158.0074462890625,159.5401100243807,156.618478000748,157.19323055563348,46261468,1.0536956787109375,0.8563110928837148
2024-05-15,158.63009643554688,160.49802030358902,158.00744540182313,158.00744540182313,29601304,0.622650146484375,0.8613283948045853
2024-05-16,158.91744995117188,160.92906916232647,155.46897866763177,160.21063581785182,41126570,0.287353515625,0.8636438834526723
2024-05-17,160.30642700195312,161.36012043261783,158.48638715824686,159.58799368336037,39181277,1.38897705078125,0.8748362316184572
2024-05-21,167.01181030273438,167.8260259881313,160.881170339684,161.40802438115483,84833644,6.70538330078125,0.9288680706939636
2024-05-22,166.00599670410156,168.1133982027031,164.28175379922268,168.0654997243469,42919832,-1.0058135986328125,0.9207632456506356
2024-05-23,168.1134033203125,168.40077958263436,163.32384767016114,165.76652397505111,49377680,2.1074066162109375,0.9377446843016521
2024-05-24,167.4907684326172,170.0771255835519,166.82021894233884,167.58655077653978,38674485,-0.6226348876953125,0.932727505335786
2024-05-27,168.1134033203125,170.2208048830663,167.49076693241835,170.2208048830663,30410585,0.6226348876953125,0.9377446843016521
2024-05-28,167.5386505126953,170.02922529319298,166.14968229981017,168.49656164110766,39208456,-0.5747528076171875,0.9331133381404642
2024-05-29,166.916015625,168.59236011477762,166.19758227223815,167.3949711935079,36575550,-0.6226348876953125,0.928096159174598
2024-05-30,157.24111938476562,164.76072823514693,156.47480210948214,164.76072823514693,108813875,-9.674896240234375,0.8501360466388004
2024-05-31,160.16273498535156,160.881168319272,157.09742235060372,159.061143053299,83713848,2.9216156005859375,0.873678364339409
2024-06-03,166.916015625,167.63444897776182,161.74330133174035,165.9581044879842,86397540,6.7532806396484375,0.928096159174598
2024-06-04,152.25997924804688,167.29918186163454,141.91453557323544,167.15550103115623,125042158,-14.656036376953125,0.8099981230918536
2024-06-05,162.07855224609375,162.46172544905625,152.3078621272791,155.32527619072252,60098501,9.818572998046875,0.8891159799516946
2024-06-06,164.80860900878906,167.3470675976563,162.27013580335827,162.84488831462355,57920819,2.7300567626953125,0.9111147205235817
2024-06-07,171.3702850341797,172.08871833859894,163.6112141163896,164.76070448014778,84319867,6.561676025390625,0.9639885693650352
2024-06-10,172.7017822265625,174.43561355972378,169.89510977738715,172.62516220271823,74286848,1.3314971923828125,0.9747177460281997
2024-06-11,173.69802856445312,176.01617176651973,172.90296056520714,172.90296056520714,55555544,0.996246337890625,0.9827454782835947
2024-06-12,174.5601348876953,176.13110850007908,173.8608638804283,174.57929720224826,33304643,0.8621063232421875,0.9896923130928696
2024-06-13,174.87625122070312,176.3514425264948,172.9125305070931,175.68089305119113,36669164,0.3161163330078125,0.9922395719247739
2024-06-14,175.44142150878906,175.77669625835983,173.76507699406358,175.24984220184757,28509237,0.5651702880859375,0.9967937023430244
2024-06-18,173.49685668945312,176.83039789776666,172.9987534329532,176.06406608149123,35032118,-1.9445648193359375,0.9811244395019265
2024-06-19,172.44317626953125,174.8092180747687,171.76305289431656,174.7708934419473,27476795,-1.053680419921875,0.9726339046089252
2024-06-20,174.6080322265625,175.24983090254662,171.82050744811315,173.95665970164606,38837494,2.16485595703125,0.9900782688525525
2024-06-21,175.83932495117188,176.77743902880616,174.11942429041832,175.31162273533,65494855,1.231292724609375,1.0
2024-06-24,173.90444946289062,174.87187866151632,171.10962583486946,173.39629564569017,47597307,-1.93487548828125,0.9844088135868723
2024-06-25,171.67640686035156,174.9207542643488,171.25621332305658,173.93377660547398,30599989,-2.2280426025390625,0.9664552926688754
2024-06-26,168.62750244140625,171.98911016216266,167.92390943422217,171.6763955318345,44006436,-3.0489044189453125,0.941887284319247
2024-06-27,170.19105529785156,170.96304535422527,167.88483695877437,168.62751188079562,49767976,1.5635528564453125,0.9544863606935472
2024-06-28,170.04446411132812,173.06405713840877,169.61450383866656,170.20082143468963,37521949,-0.1465911865234375,0.9533051319636103
2024-07-01,170.1031036376953,171.97934672251336,169.5558530241173,170.52329715532775,27807688,0.0586395263671875,0.953777648046586
2024-07-02,170.5623779296875,171.74480963798797,169.64381224126225,170.49398092284034,33359495,0.4592742919921875,0.9574784707323747
2024-07-03,172.35067749023438,172.8490645802476,170.42557087094136,170.56237979718813,29090492,1.788299560546875,0.9718885513705702
2024-07-04,172.2725067138672,174.12921641052586,171.81323129913704,172.9663330286884,29504744,-0.0781707763671875,0.9712586528816072
2024-07-05,170.728515625,172.18455026088213,169.44835687526228,172.18455026088213,38123217,-1.5439910888671875,0.9588172048233035
2024-07-08,168.3538818359375,171.4711867923002,168.16820939110525,170.62101813549364,31479861,-2.3746337890625,0.9396824551753697
2024-07-09,167.88482666015625,169.7415213068411,167.60142716406017,169.6438091686785,25127904,-0.46905517578125,0.935902818331583
2024-07-10,164.15188598632812,168.94999517691488,163.21377185434878,168.56888351497545,41525591,-3.732940673828125,0.905822860077266
2024-07-11,165.07046508789062,167.05420204182573,164.8261623604498,166.1258546597616,33987236,0.9185791015625,0.9132247513588525
2024-07-12,164.845703125,166.5069586125069,164.18119198336458,166.32128616247562,33311402,-0.224761962890625,0.9114136241399526
2024-07-15,162.95968627929688,165.13887734851053,162.02157215418563,164.84571109276757,32635187,-1.886016845703125,0.8962161396518025
2024-07-16,163.26263427734375,165.9499642862029,162.90105610027064,163.97599406823636,26505901,0.302947998046875,0.8986572883146697
2024-07-18,162.5688018798828,163.79031547452274,160.69255878784242,163.79031547452274,36568852,-0.6938323974609375,0.8930664012969785
2024-07-19,154.174560546875,162.30494709504225,153.61754320301944,162.21700169687168,77987514,-8.394241333007812,0.82542577934876
2024-07-22,156.6664581298828,157.03778813114377,152.84555994480016,154.7902000863272,40353690,2.4918975830078125,0.8455054382076406
2024-07-23,156.373291015625,158.2788492716282,151.46768816574237,157.91728601335075,37077411,-0.2931671142578125,0.8431431037027715
2024-07-24,156.65667724609375,158.3277144486552,155.56220580786476,156.37329264550053,28086566,0.28338623046875,0.8454266240496422
2024-07-25,153.80322265625,154.88792734958835,153.3243839481989,154.88792734958835,45155876,-2.85345458984375,0.8224335463549282
2024-07-26,158.8456268310547,159.23650520707923,154.60453531586592,155.13222261460447,45642032,5.0424041748046875,0.8630651342456552
2024-07-29,159.1583251953125,160.94662282696316,158.63063790106426,160.94662282696316,31754833,0.3126983642578125,0.8655848511565116
2024-07-30,160.33099365234375,161.53295884025758,157.6338821239803,159.18764381946087,42824600,1.17266845703125,0.8750341891759881
2024-07-31,161.56227111816406,162.7056060197874,159.82283700344945,162.50038518106078,52769925,1.2312774658203125,0.8849557973684308
2024-08-01,159.34400939941406,165.09978109179025,157.23323024455576,164.36687290560792,118341338,-2.21826171875,0.8670810906084323
2024-08-02,154.6143035888672,157.5166210383314,151.1940655760626,157.33094858901046,72427529,-4.729705810546875,0.8289692196285614
2024-08-05,146.40574645996094,150.49048092783863,145.60442635225945,150.1582327953525,102883971,-8.20855712890625,0.7628248371322639
2024-08-06,146.89434814453125,150.29503786669204,146.20052185175567,147.76406524020342,53507102,0.4886016845703125,0.7667619793370426
2024-08-07,150.35366821289062,150.78364339049116,148.43832830659403,150.19731089175318,32029697,3.459320068359375,0.7946371084474821
2024-08-08,146.85525512695312,149.94324519729312,146.58163726361212,149.90414841049858,51858615,-3.4984130859375,0.7664469686150588
2024-08-09,148.3503875732422,149.51327095533026,147.8031518430961,149.51327095533026,23290101,1.4951324462890625,0.7784947147483852
2024-08-12,148.5946807861328,149.90413975811995,146.46436827150188,147.55883966169358,30550334,0.244293212890625,0.7804632243732721
2024-08-13,145.48716735839844,149.46440807139146,145.11582243517475,148.63378773135872,29396493,-3.107513427734375,0.7554229458506774
2024-08-14,142.8389129638672,146.48390538198123,139.10597514494546,146.48390538198123,97911180,-2.64825439453125,0.7340833670588665
2024-08-16,146.11257934570312,146.58163640711044,143.1223163487669,144.62721458834898,54131721,3.2736663818359375,0.7604625026273948
2024-08-19,150.45140075683594,150.7836488930867,146.96275059303665,147.4122741799477,62889770,4.3388214111328125,0.7954246352524417
2024-08-20,150.42205810546875,152.1517254749712,149.31781999092894,152.1517254749712,37559016,-0.0293426513671875,0.7951881927784468
2024-08-21,148.45787048339844,150.66636163553713,148.31129482037866,149.51325999030357,49749381,-1.9641876220703125,0.7793608098013336
2024-08-22,150.62728881835938,150.8325096699795,149.0344302661929,149.0344302661929,36719176,2.1694183349609375,0.7968419375913594
2024-08-23,150.6859130859375,150.87158553690043,149.07352111577796,150.49047389425976,31490857,0.058624267578125,0.7973143307193304
2024-08-26,152.1517333984375,152.83577804285756,150.19731160806307,151.08657710133662,32497603,1.4658203125,0.8091258802886712
2024-08-27,151.1745147705078,152.9334972740819,151.07680263262014,152.24945266465147,24523684,-0.9772186279296875,0.8012514729241091
2024-08-28,150.1973114013672,151.46768854557328,149.56213028479158,151.17452229520958,25195197,-0.977203369140625,0.7933771885145515
2024-08-29,149.48394775390625,150.06049858769353,147.7542803414899,149.7184837303362,44452983,-0.7133636474609375,0.7876289190908732
2024-08-30,149.2787322998047,151.71199281830025,148.99534769856064,149.51326828470167,55134023,-0.2052154541015625,0.7859752972329652
2024-09-02,149.39601135253906,150.39275576252777,148.6728698982827,150.39275576252777,19200143,0.117279052734375,0.7869203293989167
2024-09-03,148.68263244628906,149.95300959829254,148.5458235167536,149.35691035294772,19780066,-0.71337890625,0.7811719370202332
2024-09-04,147.73472595214844,148.7119367810243,145.76077081377798,146.09301891694284,39613696,-0.947906494140625,0.7735337262196567
2024-09-05,148.26243591308594,149.30804380098405,147.55884288657023,147.55884288657023,28347324,0.5277099609375,0.777786002101424
2024-09-06,147.77383422851562,149.41554139140402,146.23960595055092,148.47742727291208,30709532,-0.4886016845703125,0.7738488598966451
2024-09-09,146.06370544433594,147.46110978819794,144.67606784089423,147.46110978819794,32624586,-1.7101287841796875,0.7600686777474126
2024-09-10,146.0148468017578,148.13539260607772,145.41874757300027,147.07023633354436,41607844,-0.048858642578125,0.7596749758224353
2024-09-11,144.7933349609375,146.77707186350452,144.25586599227418,146.48390561595593,24633287,-1.2215118408203125,0.7498320588329861
2024-09-12,148.281982421875,148.96602704700382,145.3601165596872,148.5360518794787,73191476,3.4886474609375,0.7779435074624159
2024-09-13,149.99209594726562,151.85855730368107,149.02465185576355,149.29826969579472,54894255,1.710113525390625,0.7917235666566438
2024-09-16,150.69569396972656,152.11264674098723,150.00186769509375,151.46768399178848,32575460,0.7035980224609375,0.7973931448773286
2024-09-17,149.33737182617188,150.72500946774306,148.79990286720482,150.4904734917244,18275113,-1.3583221435546875,0.7864478133159409
2024-09-18,147.16796875,149.49372057216695,146.2005245828321,148.92693645604328,24856345,-2.169403076171875,0.7689668084809198
2024-09-19,146.13211059570312,148.72172841263767,144.4219915304096,148.42856216209069,36913781,-1.035858154296875,0.7606198850333818
2024-09-20,148.55560302734375,149.84551364278988,147.21681397434418,147.55884374877982,53873369,2.423492431640625,0.7801483366062931
2024-09-23,150.480712890625,150.8715912888827,149.31782952588387,150.86182454779558,33281905,1.92510986328125,0.7956608318164271
2024-09-24,156.8716583251953,157.81955405326022,151.32110779195952,151.61425912141925,137414352,6.3909454345703125,0.8471589371105439
2024-09-25,157.97592163085938,158.98244769019425,155.8846908489042,157.81956430428852,58044967,1.1042633056640625,0.8560570678440509
2024-09-26,161.8358917236328,162.11927631322408,156.82279522162932,158.30815990945524,88661662,3.8599700927734375,0.887160626512308
2024-09-27,162.7544708251953,165.15840117745907,162.10950808246923,163.19421272757972,72795668,0.9185791015625,0.8945625177938945
2024-09-30,164.70889282226562,166.30173637862106,163.4482824673664,163.68281844087315,92381529,1.9544219970703125,0.9103112095680141
2024-10-01,163.22352600097656,165.6274712369101,161.3375162302807,165.6274712369101,50761579,-1.4853668212890625,0.8983421546376813
2024-10-03,163.17466735839844,166.11608162848148,160.77073696159897,161.72839944180865,75959797,-0.048858642578125,0.897948452712704
2024-10-04,162.94992065429688,165.24637227711537,160.26259062851386,163.1942233839135,53880875,-0.2247467041015625,0.8961374484488087
2024-10-07,160.6143798828125,164.12256334259985,158.63064300103557,163.29194304614782,48775098,-2.335540771484375,0.8773177095228588
2024-10-08,155.8846893310547,159.86193000123248,153.12894739353376,159.28537914005364,74956764,-4.7296905517578125,0.8392059614979928
2024-10-09,155.43516540527344,158.50360707504444,154.50681802031806,155.88468898602883,42766218,-0.44952392578125,0.835583707060193
2024-10-10,156.0801239013672,157.50684344470508,153.03123070865186,154.69248623260432,46507936,0.64495849609375,0.8407807691979023
2024-10-11,156.9987030029297,160.04759616618458,155.57196856232306,155.6696956143985,53263433,0.9185791015625,0.8481826604794889
2024-10-14,154.7120361328125,159.65672087827198,154.43840336390207,158.1909045350225,35566857,-2.2866668701171875,0.8297567464335209
2024-10-15,152.0833282470703,155.89444456983352,151.51654416888044,155.86512943743182,38964393,-2.6287078857421875,0.8085746730027019
2024-10-16,151.7022247314453,152.98236861832623,150.51002624647492,151.6533612044767,28518262,-0.381103515625,0.8055037488058763
2024-10-17,148.9269256591797,152.73805687177045,148.63377433679537,152.10286088081162,28404223,-2.775299072265625,0.7831404466451204
2024-10-18,151.8488006591797,152.64033909982865,147.65657247272026,148.92693470973194,34750795,2.921875,0.8066848545808085
2024-10-21,151.4969940185547,154.33089946555782,151.06701886691474,152.54261676559315,25799090,-0.351806640625,0.8038500039929637
2024-10-22,146.96273803710938,151.36995356970385,146.67935345359038,151.36995356970385,39079846,-4.5342559814453125,0.7673130636680072
2024-10-23,145.38943481445312,148.48719154201902,144.67607504086345,146.87479954023507,42107893,-1.57330322265625,0.7546354190457178
2024-10-24,145.58486938476562,146.41550457811664,144.63697366004436,146.08325646519796,22115070,0.1954345703125,0.7562102267456274
2024-10-25,142.53598022460938,146.09302724812144,141.13856090587888,145.60442180582004,39730802,-3.04888916015625,0.7316423413510038
2024-10-28,145.97576904296875,146.31778391140472,141.4317294104196,142.6727914287652,28386897,3.439788818359375,0.7593600880554561
2024-10-29,146.6402587890625,147.02137042678123,143.210254049594,146.43505285932014,32258407,0.66448974609375,0.7647145325991525
2024-10-30,145.57510375976562,147.50997709747446,144.72493507870732,144.72493507870732,21362130,-1.065155029296875,0.7561315355426339
2024-10-31,145.1744384765625,146.532760933423,144.82264198142326,145.68259228310896,26383702,-0.400665283203125,0.7529029830298117
2024-11-01,146.3373260498047,146.8259314790194,145.6044179059826,146.2493806511991,5106804,1.1628875732421875,0.7622735068912898
2024-11-04,143.60113525390625,146.5816314080815,141.79330407983934,146.5816314080815,25571021,-2.7361907958984375,0.7402253384075224
2024-11-05,148.81944274902344,149.07352712840165,143.60114007437835,143.65000360203226,42772283,5.2183074951171875,0.782274351592172
2024-11-06,150.11912536621094,151.41881758050295,146.18096685036514,150.49047025916698,48928986,1.2996826171875,0.7927471670705841
2024-11-07,147.50997924804688,153.34392939034922,146.77707108857226,152.55239096388536,88254789,-2.6091461181640625,0.7717227219557616
2024-11-08,144.20701599121094,148.53605301045957,143.5913683683801,148.53605301045957,61980989,-3.3029632568359375,0.7451075127782525
2024-11-11,141.70533752441406,144.3242703105848,140.81608699879095,144.20700978216286,47497863,-2.501678466796875,0.7249490397613738
2024-11-12,140.88449096679688,143.77704173629053,140.32748851820787,142.3307588960163,28861672,-0.8208465576171875,0.7183346752847468
2024-11-13,135.99844360351562,140.32749578559165,135.44144112608018,140.32749578559165,57609083,-4.88604736328125,0.6789630073269501
2024-11-14,134.83555603027344,137.52288600972526,134.36649897259178,136.52614162603365,36345184,-1.1628875732421875,0.6695924834654721
2024-11-18,137.99195861816406,139.98546230584378,134.85510504856154,136.31115466670337,40233848,3.156402587890625,0.6950267098230536
2024-11-19,136.28182983398438,139.24277747601727,135.89093655270943,138.76393879810072,37611903,-1.7101287841796875,0.6812465276738209
2024-11-21,137.02450561523438,138.37306135027794,134.1221882182823,136.3209126153033,58398744,0.74267578125,0.6872309936614851
2024-11-22,139.5261688232422,139.92682886433133,136.4674939848152,136.95609942681034,43710169,2.5016632080078125,0.7073893437233592
2024-11-25,140.39588928222656,142.81936815757626,139.5848024397268,141.63695130976768,53883890,0.869720458984375,0.7143975330799681
2024-11-26,141.1776580810547,142.4773503504897,140.30794098780024,140.93335535922978,25608469,0.781768798828125,0.7206970097896159
2024-11-27,141.2362823486328,141.59784559003646,139.64342389846354,141.02129476967545,24895631,0.058624267578125,0.721169402917587
2024-11-28,140.1222686767578,141.93988152543622,139.82910242805713,140.71836791506243,30947861,-1.114013671875,0.7121927039360909
2024-11-29,141.2460479736328,142.17441019864162,139.79001336798456,140.6206336337108,29742979,1.123779296875,0.7212480941205806
2024-12-02,143.07345581054688,143.48388261173588,139.87797189500813,140.82586768979775,23840351,1.8274078369140625,0.7359733084357645
2024-12-03,143.20046997070312,144.82264354418618,143.00503078486213,143.40569080802132,35527228,0.12701416015625,0.7369967858947002
2024-12-04,142.52621459960938,143.6988646881027,140.7183684845183,143.65000116127905,38537808,-0.67425537109375,0.7315636501480101
2024-12-05,143.71841430664062,144.5099527503473,141.50014138721266,143.16139693599962,36328245,1.19219970703125,0.7411703705734738
2024-12-06,144.9105987548828,145.29171041195158,143.25912484828822,144.13860869966072,30604899,1.1921844482421875,0.7507769680439327
2024-12-09,146.46437072753906,147.23636075798302,143.2884353835505,144.91059410377085,39059139,1.55377197265625,0.7632972302602348
2024-12-10,146.89434814453125,149.02466072746012,145.90735560253987,146.76730595729163,36278104,0.4299774169921875,0.7667619793370426
2024-12-11,147.16796875,148.64355185350902,146.64026650934292,147.15818709784202,20499709,0.27362060546875,0.7689668084809198
2024-12-12,147.34385681152344,148.1744920325029,145.31125637085603,147.43180221297638,25761723,0.1758880615234375,0.7703841108198375
2024-12-13,145.55555725097656,146.63049518086677,142.23304623122362,146.5816316547709,39701388,-1.788299560546875,0.755974030181642
2024-12-16,144.42198181152344,146.3861851202688,143.74771886501125,145.54578321115156,22634773,-1.133575439453125,0.7468397028841494
2024-12-17,142.36007690429688,145.1158188024992,142.01806203557044,144.4219925019059,27110781,-2.0619049072265625,0.7302249160570813
2024-12-18,141.1678924560547,143.55227451462753,140.0343242391735,142.67279067352774,19850229,-1.1921844482421875,0.7206183185866224
2024-12-19,139.99522399902344,140.522926219507,137.8844598502527,138.32420175995267,27104579,-1.17266845703125,0.711168980567146
2024-12-20,137.47401428222656,141.10923981229502,136.8095180660688,139.6336568068476,46503449,-2.521209716796875,0.69085312514428
2024-12-23,138.48056030273438,140.52292746235315,137.40562237080098,139.20368681053077,27514178,1.0065460205078125,0.6989638520278323
2024-12-24,137.1808624267578,138.27533379551005,136.0766094065355,137.98216756143597,25882917,-1.2996978759765625,0.6884909135944155
2024-12-26,137.16131591796875,137.93330593094362,136.33068072853067,137.73786674256235,23939932,-0.0195465087890625,0.6883334082334236
2024-12-27,135.74436950683594,138.5196448802815,135.45120325503706,137.49357045451288,19562177,-1.4169464111328125,0.6769156835440648
2024-12-30,133.76063537597656,136.0766204826718,132.98863039970797,135.74437234883592,32555723,-1.983734130859375,0.6609307952059598
2024-12-31,134.90396118164062,135.5195938792526,133.4479116433087,133.7508446218415,20080291,1.1433258056640625,0.6701436907514413
2025-01-01,133.6238250732422,135.29484737754888,133.46746774913888,134.95283250600994,18169498,-1.2801361083984375,0.659828380634021
2025-01-02,135.03099060058594,135.2948417100757,133.2915564482029,133.87788893350137,23388424,1.40716552734375,0.6711672911653817
2025-01-03,135.20689392089844,136.545668015034,134.69874010335806,135.03098821399612,23351832,0.1759033203125,0.672584716459304
2025-01-06,129.167724609375,135.23621062455192,128.35665271547006,135.20689549157004,44620509,-6.0391693115234375,0.6239212158430227
2025-01-07,130.34039306640625,130.82899851060654,129.00160400978018,129.75406056894397,24239451,1.17266845703125,0.6333705538624992
2025-01-08,129.61724853515625,131.1807918835539,128.7670798541568,130.8778439901228,31570331,-0.72314453125,0.6275434702808225
2025-01-09,126.96900177001952,129.3827138229862,126.74424744397356,128.99183543759716,31903107,-2.648246765136733,0.6062039529665137
2025-01-10,124.52598571777344,127.41852909715764,123.8126184778634,126.969005520732,34855510,-2.4430160522460795,0.5865181804651178
2025-01-13,120.12853240966795,123.6171749133493,119.82559942608384,123.12856947890918,38968332,-4.397453308105483,0.5510835932345974
2025-01-14,124.0373764038086,124.73119522895126,120.13830710822148,120.13830710822148,36877365,3.908843994140639,0.5825809767828367
2025-01-15,123.64649200439452,125.3859261856598,122.91358384112922,125.08299319727892,18773125,-0.3908843994140767,0.5794312384280127
2025-01-16,124.89732360839844,125.5422863855193,123.67580997493695,125.0829960664534,22164393,1.2508316040039205,0.58951041345895
2025-01-17,127.31103515625,128.17098552179465,124.73119897067106,124.98527589281176,27421959,2.4137115478515625,0.6089600508738626
2025-01-20,128.6595916748047,129.08956685992263,125.9722616788726,128.0048621560315,20571916,1.3485565185546875,0.6198266912322568
2025-01-21,126.74424743652344,129.382713815381,126.30450552522296,129.05046569671438,32238213,-1.91534423828125,0.6043928872251163
2025-01-22,125.98202514648438,127.37944446180752,124.22305003180468,127.28171740916363,27505569,-0.7622222900390625,0.5982509158764604
2025-01-23,127.39897918701172,127.77032409741749,124.78982789534324,124.93641102021247,20722538,1.4169540405273438,0.6096687020433216
2025-01-24,126.7833480834961,130.16448946196016,126.3631396409262,127.52602300273526,37092106,-0.615631103515625,0.6047079594246025
2025-01-27,123.49014282226562,126.49994669650864,122.87449519018274,126.07975317122052,24650571,-3.2932052612304688,0.5781713799725847
2025-01-28,125.68885803222656,127.51625250888442,121.89728251936828,123.49014101793216,40373804,2.1987152099609375,0.5958885813715913
2025-01-29,127.81918334960938,128.34687065264757,125.62045891668394,126.06020082105816,16674706,2.1303253173828125,0.6130546984396332
2025-01-30,128.1318817138672,129.13840769517418,127.1351373841222,127.81918199602195,25256096,0.3126983642578125,0.6155744153504896
2025-01-31,131.5521240234375,131.92346892974018,126.96900260596148,128.13188594007386,26689228,3.4202423095703125,0.6431346566939502
2025-02-01,129.93972778320312,132.41207003826574,127.28171308106356,131.9234646137703,21173846,-1.612396240234375,0.630142001349677
2025-02-03,128.81594848632812,129.49021148461208,124.89732321931588,128.29801298918326,27765357,-1.123779296875,0.6210866111651874
2025-02-04,130.3794708251953,131.2785030248162,128.8647910137796,129.77360486505077,25032519,1.5635223388671875,0.6336854416294784
2025-02-05,131.33714294433594,132.30458713240273,130.0472322713023,130.11562928261014,16958362,0.957672119140625,0.6414023436330487
2025-02-06,129.51951599121094,131.79641899938704,129.01137709892856,131.43485576621424,22408168,-1.817626953125,0.6267559434758629
2025-02-07,135.1580352783203,135.58801045399724,129.53907268292943,130.2622141066638,52950146,5.638519287109375,0.6721910145343266
2025-02-10,130.98533630371094,134.95282489606737,129.96904357645818,134.95282489606737,26120805,-4.172698974609375,0.6385674930452039
2025-02-11,127.14490509033205,131.27850283675826,126.74424506065682,129.9690438681681,23635428,-3.840431213378892,0.6076213782604363
2025-02-12,129.2654571533203,130.2524347981139,125.38592867260378,126.4022363626801,37927696,2.120552062988267,0.6247087426479823
2025-02-13,133.14498901367188,134.55217513653938,128.85503363382037,129.2654604344808,52036196,3.8795318603515625,0.6559699296322359
2025-02-14,131.40554809570312,136.07661490456988,130.29152829005403,133.14498226748756,41469242,-1.73944091796875,0.641953550919018
2025-02-17,131.22964477539062,131.7280318758527,127.75077636841932,129.88110387727278,21189637,-0.1759033203125,0.6405361256250954
2025-02-18,131.47393798828125,131.82573448213452,128.74752634420878,131.22963528174574,23957576,0.244293212890625,0.6425046352499826
2025-02-19,132.6661376953125,133.76062397088467,129.99835628877247,131.43485741022957,18447487,1.19219970703125,0.6521113556754461
2025-02-20,134.89418029785156,135.20689492976493,131.92346584994633,132.18731695674143,24139808,2.2280426025390625,0.6700648765934429
2025-02-21,137.5522003173828,138.37306880221212,134.02446838729355,134.76715821113652,41987785,2.65802001953125,0.6914831465882476
2025-02-24,134.51307678222656,137.45449118594422,133.54564751731658,135.64664502478183,25193205,-3.03912353515625,0.6669939523966173
2025-02-25,133.94630432128906,136.17434396545056,133.5847261511985,135.33394200064896,23575603,-0.5667724609375,0.6624269117028758
2025-02-27,135.5293731689453,135.82253940182272,132.78341310680332,134.08310530741846,30747044,1.58306884765625,0.6751832475281587
2025-02-28,134.07333374023438,134.65966625008986,131.0048920822416,134.65966625008986,45540594,-1.4560394287109375,0.6634505121168162
2025-03-03,135.41212463378906,135.88118170130534,131.24919656253428,133.8778963287732,31154401,1.3387908935546875,0.6742384612722165
2025-03-04,136.16456604003906,137.7281094767585,132.71501268466753,133.04726081887745,28634645,0.75244140625,0.6803016184628743
2025-03-05,142.7705078125,143.15161943865024,135.83230497524232,135.83230497524232,62109377,6.6059417724609375,0.7335321597728972
2025-03-06,147.01161193847656,148.73149777504847,142.86823230498567,143.44478316422197,79121467,4.2411041259765625,0.7677068885479892
2025-03-07,148.1060791015625,148.97579619134177,145.86827273945227,146.32756304753224,81821791,1.0944671630859375,0.7765260821684934
2025-03-10,147.6077117919922,150.72501699870244,146.9822974024148,148.10608399099667,54450331,-0.4983673095703125,0.7725102487607212
2025-03-11,147.31454467773438,148.24289205999332,144.6272146753213,144.7249417307402,35916900,-0.2931671142578125,0.770147914255852
2025-03-12,146.8748016357422,148.8096750476993,144.33404732468557,147.55884628531743,26377549,-0.4397430419921875,0.7666044739760507
2025-03-13,147.44158935546875,150.06050748106867,146.60118736227295,148.5360608215636,48286431,0.5667877197265625,0.771171637624797
2025-03-17,148.3503875732422,149.16147442722846,147.46112205622714,148.52629329282075,35879780,0.9087982177734375,0.7784947147483852
2025-03-18,148.3503875732422,148.3503875732422,148.3503875732422,148.3503875732422,0,0.0,0.7784947147483852
2025-03-19,154.98565673828125,155.57197433934243,152.93350785692914,153.22667411298733,66161413,6.6352691650390625,0.8319615755773981
2025-03-20,155.41561889648438,156.45147500190663,153.08008538299788,156.35374794501885,39889517,0.429962158203125,0.8354262016992011
2025-03-21,153.6957244873047,156.1094365298207,153.24621583715896,155.40584351032305,49184821,-1.7198944091796875,0.8215673283469751
2025-03-24,154.8097381591797,155.37652223085772,153.5295943554991,154.3993113992171,30905773,1.114013671875,0.830544027328471
2025-03-25,153.15826416015625,155.3765371358708,152.4937678882025,155.3765371358708,28467187,-1.6514739990234375,0.8172364842172188
2025-03-26,152.2592315673828,153.94980228952724,151.4774598465637,152.64034323101205,23182869,-0.8990325927734375,0.8099920982966244
2025-03-27,151.87811279296875,152.5426239434226,150.6859143295246,151.27224682045127,25909068,-0.3811187744140625,0.806921051144794
2025-03-28,150.72500610351562,153.3341572703865,149.87482252883336,151.8390258703937,24589315,-1.153106689453125,0.7976293414413143
2025-04-01,149.63052368164062,151.7999330064872,148.60446419671834,148.60446419671834,29142122,-1.094482421875,0.7888100248658052
2025-04-02,151.1647491455078,152.68919568950312,148.7999006719953,150.49047127157428,24977582,1.5342254638671875,0.8011727817211154
2025-04-03,150.11912536621094,152.41557681835366,149.12238103941442,149.51325941332826,15117526,-1.045623779296875,0.7927471670705841
2025-04-04,137.1906280517578,149.50349049432825,136.80951642387632,149.1419123471199,80846143,-12.928497314453125,0.688569604797409
2025-04-07,126.52925872802734,127.37944232078594,122.47383959940032,125.08299082174617,121806340,-10.661369323730469,0.6026605126867124
2025-04-08,127.31103515625,133.09612190842537,125.10254388507536,131.8159780122064,68999181,0.7817764282226562,0.6089600508738626
2025-04-09,124.28167724609376,127.03741156804094,122.44452351663804,127.03741156804094,73399980,-3.029357910156236,0.5845495478852263
2025-04-11,130.3794708251953,131.6302995299769,127.51625016987548,131.60098439713468,73706472,6.097793579101548,0.6336854416294784
2025-04-15,133.3013458251953,133.87789669215056,131.7671175160152,132.50980736190837,38967608,2.921875,0.6572298495651665
2025-04-16,133.84857177734375,134.46421938649672,131.5521203075305,133.3013360852319,42684087,0.5472259521484375,0.6616393848979163
2025-04-17,134.0146942138672,134.81601426124502,130.65308653316296,131.33713114003783,62282856,0.1661224365234375,0.6629779960338404
2025-04-21,136.00820922851562,137.1026956027805,133.92676010016575,134.5130777078614,26503486,1.9935150146484375,0.6790416985299437
2025-04-22,135.01145935058594,139.58479913170353,134.56193578295367,138.76394556756264,58429662,-0.9967498779296875,0.6710099087593944
2025-04-23,137.94308471679688,138.275332821248,134.19059869803928,136.21341736789535,37851304,2.9316253662109375,0.6946328849430714
2025-04-24,138.29489135742188,138.6466878794268,137.08314446805932,137.4935712585559,23061444,0.351806640625,0.6974677355309162
2025-04-25,135.68572998046875,140.18089086079942,134.87464320062503,138.7639381366849,37764696,-2.609161376953125,0.6764431674610891
2025-04-28,138.8323516845703,139.3502722387082,135.2264412865147,135.38278368906367,26971589,3.1466217041015625,0.7017985796606725
2025-04-29,138.2753448486328,140.0343274826286,137.70856072706445,138.8323622290045,25758449,-0.5570068359375,0.6973102301699243
2025-04-30,136.8876953125,138.33396317063088,134.85509498999104,138.22646938253004,29205042,-1.3876495361328125,0.6861285790895464
2025-05-02,138.1776123046875,139.83888272757287,136.2720540731448,136.80952303872215,29588258,1.2899169921875,0.6965227033649648
2025-05-05,138.8421173095703,139.44798325609716,137.9821670027162,138.3437451514002,17213477,0.6645050048828125,0.701877270863666
2025-05-06,141.14834594726562,142.08646006882103,138.31442536723225,138.8421276077804,42658262,2.3062286376953125,0.7204608132256305
2025-05-07,142.67279052734375,143.60113789445452,138.95938614784575,138.95938614784575,34674594,1.524444580078125,0.7327447559229423
2025-05-08,140.39588928222656,143.3177552634447,139.5945840918764,142.67279248588267,29687927,-2.2769012451171875,0.7143975330799681
2025-05-09,139.5261688232422,140.0050075243771,137.30789594148902,137.77696790176375,21875453,-0.869720458984375,0.7073893437233592
2025-05-12,148.1744842529297,148.48718396758522,141.20696620102353,142.29167082849085,47087413,8.6483154296875,0.7770772894544626
2025-05-13,146.0246124267578,149.5034956320895,145.61418565270813,148.53605150758028,54389876,-2.149871826171875,0.7597536670254288
2025-05-14,151.77061462402344,153.56867900814177,147.5588382491701,147.5588382491701,60002060,5.746002197265625,0.8060548331368409
2025-05-15,153.76414489746094,154.24296870727517,150.78364859624276,151.95629872314925,57066105,1.9935302734375,0.822118658587949
2025-05-16,153.95957946777344,154.5458970580579,153.42211049338815,153.76414027101197,22884754,0.1954345703125,0.8236934662878586
2025-05-19,153.9791259765625,154.53612842606958,152.57193991941134,154.39931949890516,21839582,0.0195465087890625,0.8238509716488505
2025-05-20,155.07359313964844,158.40588573758893,154.39931526317346,154.74134502722882,58061639,1.0944671630859375,0.8326701652693547
2025-05-21,157.95635986328125,158.1615807009116,154.91723354901094,155.81626573409022,36044599,2.8827667236328125,0.8558994395280544
2025-05-22,157.6143341064453,159.8717037334825,156.70553515785153,157.3114011235807,60715453,-0.3420257568359375,0.8531434030982079
2025-05-23,159.2560577392578,159.80329344433994,157.81955655788985,157.91728360996365,29483665,1.6417236328125,0.8663723779614712
2025-05-26,158.80653381347656,161.77726322151975,158.35702516149206,159.3830995617113,25581584,-0.44952392578125,0.8627501235236714
2025-05-27,157.97592163085938,160.1648645586298,156.95961391920423,158.8065419700382,23296776,-0.8306121826171875,0.8560570678440509
2025-05-28,157.56549072265625,158.9824435439945,156.98892495984478,158.69904403309386,13044476,-0.410430908203125,0.8527498241282352
2025-05-29,159.4026336669922,160.21372048515627,157.8195568159793,158.4938347076491,26455081,1.8371429443359375,0.8675534837364034
2025-05-30,157.35049438476562,160.15508473744737,156.8521073109064,159.3928614714847,32739340,-2.0521392822265625,0.8510173881123289
2025-06-02,155.41561889648438,156.4710084844399,153.71528143065774,155.3765370203625,31365564,-1.93487548828125,0.8354262016992011
2025-06-03,153.76414489746094,156.9889290186899,153.58823917734452,155.41561883418166,28398746,-1.6514739990234375,0.822118658587949
2025-06-04,154.57521057128906,155.356982261193,153.23643643090236,153.9107143270563,16660138,0.811065673828125,0.8286542089065776
2025-06-05,154.37001037597656,155.46448183590726,153.47097811802558,155.23972749918337,23708504,-0.2052001953125,0.8270007100036745
2025-06-06,157.49000549316406,157.8800048828125,154.25,155.6999969482422,25804151,3.1199951171875,0.8521415657200955
2025-06-09,157.32000732421875,158.1999969482422,156.82000732421875,157.69000244140625,15315437,-0.1699981689453125,0.8507717240129833
2025-06-10,155.67999267578125,159.3000030517578,155.5,158.0,22764080,-1.6400146484375,0.837556520110244
2025-06-11,156.41000366210938,157.52999877929688,155.30999755859375,156.4499969482422,17605668,0.730010986328125,0.8434389334440255
2025-06-12,152.88999938964844,156.25999450683594,151.85000610351562,156.0,27846151,-3.5200042724609375,0.8150748122799836
2025-06-13,152.1300048828125,152.5,149.8000030517578,149.8000030517578,24277592,-0.7599945068359375,0.8089507923620105
2025-06-16,154.1699981689453,154.5,150.83999633789062,152.00999450683594,16188193,2.0399932861328125,0.8253890158023616
2025-06-17,152.60000610351562,154.88999938964844,152.35000610351562,153.80999755859375,16740382,-1.5699920654296875,0.8127380524160872
2025-06-18,152.11000061035156,153.1999969482422,150.8000030517578,152.1999969482422,14860746,-0.4900054931640625,0.8087895983508782
2025-06-19,151.0,152.4499969482422,150.5,152.0,20145922,-1.1100006103515625,0.7998452365356123
2025-06-20,151.97000122070312,153.1699981689453,150.6300048828125,150.75,29944714,0.970001220703125,0.8076614861829621
2025-06-23,152.42999267578125,153.3000030517578,150.47999572753906,150.5,17096676,0.459991455078125,0.8113680877539704
2025-06-24,154.7899932861328,156.97000122070312,153.63999938964844,153.8000030517578,25403324,2.3600006103515625,0.8303849235524183
2025-06-25,156.38999938964844,156.89999389648438,155.50999450683594,155.89999389648438,18240433,1.600006103515625,0.8432777394328934
2025-06-26,160.5399932861328,161.10000610351562,156.4499969482422,156.8699951171875,40650557,4.149993896484375,0.8767183038750561
2025-06-27,161.4499969482422,163.3000030517578,160.6999969482422,161.0,31989509,0.910003662109375,0.8840510944440136
2025-06-30,159.75999450683594,162.1999969482422,159.5,160.99000549316406,15842285,-1.69000244140625,0.8704330899459507
